{"ts":"2026-02-04T12:29:40.212Z","stage":"QID","conaonicalName":"TEST_MAMMAL","qid":null,"message":"Testing if logger works","extra":null}
{"ts":"2026-02-04T12:45:58.697Z","stage":"QID","conaonicalName":"TEST_MAMMAL","qid":null,"message":"Testing if logger works","extra":null}
{"ts":"2026-02-04T12:47:30.215Z","stage":"ENRICH","conaonicalName":"ADAPTIVE_SYSTEM","qid":null,"message":"⚠️ High Error Ratio (100.0%). Concurrency: 3","extra":{"success":0,"errors":55,"ratio":1}}
{"ts":"2026-02-04T12:48:30.103Z","stage":"QID","conaonicalName":"Paenemarmota barbouri","qid":null,"message":"NO_QID_FOUND_AFTER_ALL_ATTEMPTS","extra":null}
{"ts":"2026-02-04T12:48:31.029Z","stage":"QID","conaonicalName":"Dipus mitchellii","qid":null,"message":"NO_QID_FOUND_AFTER_ALL_ATTEMPTS","extra":null}
{"ts":"2026-02-04T12:48:31.431Z","stage":"QID","conaonicalName":"Eumys elegans","qid":null,"message":"NO_QID_FOUND_AFTER_ALL_ATTEMPTS","extra":null}
{"ts":"2026-02-04T12:48:32.253Z","stage":"QID","conaonicalName":"Mus subrufus","qid":null,"message":"NO_QID_FOUND_AFTER_ALL_ATTEMPTS","extra":null}
{"ts":"2026-02-04T12:48:33.480Z","stage":"QID","conaonicalName":"Guanajuatomys hibbardi","qid":null,"message":"NO_QID_FOUND_AFTER_ALL_ATTEMPTS","extra":null}
{"ts":"2026-02-04T12:48:37.063Z","stage":"QID","conaonicalName":"Arborimus porno","qid":null,"message":"NO_QID_FOUND_AFTER_ALL_ATTEMPTS","extra":null}
{"ts":"2026-02-04T12:48:37.279Z","stage":"QID","conaonicalName":"Pseudocylindrodon tobeyi","qid":null,"message":"NO_QID_FOUND_AFTER_ALL_ATTEMPTS","extra":null}
{"ts":"2026-02-04T12:48:38.293Z","stage":"QID","conaonicalName":"Pareumys guensburgi","qid":null,"message":"NO_QID_FOUND_AFTER_ALL_ATTEMPTS","extra":null}
{"ts":"2026-02-04T12:48:39.453Z","stage":"QID","conaonicalName":"Pareumys lewisi","qid":null,"message":"NO_QID_FOUND_AFTER_ALL_ATTEMPTS","extra":null}
{"ts":"2026-02-04T12:48:41.877Z","stage":"QID","conaonicalName":"Paramyocastor diligens","qid":null,"message":"NO_QID_FOUND_AFTER_ALL_ATTEMPTS","extra":null}
{"ts":"2026-02-04T12:48:41.877Z","stage":"QID","conaonicalName":"Capatanka gaulodon","qid":null,"message":"NO_QID_FOUND_AFTER_ALL_ATTEMPTS","extra":null}
{"ts":"2026-02-04T12:48:42.183Z","stage":"QID","conaonicalName":"Miopetaurista albanensis","qid":null,"message":"NO_QID_FOUND_AFTER_ALL_ATTEMPTS","extra":null}
{"ts":"2026-02-04T12:48:44.239Z","stage":"QID","conaonicalName":"Trilophomys canterranensis","qid":null,"message":"NO_QID_FOUND_AFTER_ALL_ATTEMPTS","extra":null}
{"ts":"2026-02-04T12:48:44.259Z","stage":"QID","conaonicalName":"Ruscinomys africanus","qid":null,"message":"NO_QID_FOUND_AFTER_ALL_ATTEMPTS","extra":null}
{"ts":"2026-02-04T12:48:44.334Z","stage":"QID","conaonicalName":"Mimomys youhenicus","qid":null,"message":"NO_QID_FOUND_AFTER_ALL_ATTEMPTS","extra":null}
{"ts":"2026-02-04T12:48:46.690Z","stage":"QID","conaonicalName":"Meteamys alpani","qid":null,"message":"NO_QID_FOUND_AFTER_ALL_ATTEMPTS","extra":null}
{"ts":"2026-02-04T12:48:46.690Z","stage":"QID","conaonicalName":"Birbalomys vandermeuleni","qid":null,"message":"NO_QID_FOUND_AFTER_ALL_ATTEMPTS","extra":null}
{"ts":"2026-02-04T12:48:46.690Z","stage":"QID","conaonicalName":"Democricetodon darocensis","qid":null,"message":"NO_QID_FOUND_AFTER_ALL_ATTEMPTS","extra":null}
{"ts":"2026-02-04T12:48:49.149Z","stage":"QID","conaonicalName":"Hattomys gargantua","qid":null,"message":"NO_QID_FOUND_AFTER_ALL_ATTEMPTS","extra":null}
{"ts":"2026-02-04T12:48:49.149Z","stage":"QID","conaonicalName":"Hattomys nazarii","qid":null,"message":"NO_QID_FOUND_AFTER_ALL_ATTEMPTS","extra":null}
{"ts":"2026-02-04T12:48:49.149Z","stage":"QID","conaonicalName":"Stephanomys stadii","qid":null,"message":"NO_QID_FOUND_AFTER_ALL_ATTEMPTS","extra":null}
{"ts":"2026-02-04T12:48:51.503Z","stage":"QID","conaonicalName":"Hattomys beetsi","qid":null,"message":"NO_QID_FOUND_AFTER_ALL_ATTEMPTS","extra":null}
{"ts":"2026-02-04T12:48:51.503Z","stage":"QID","conaonicalName":"Paraethomys lissasfensis","qid":null,"message":"NO_QID_FOUND_AFTER_ALL_ATTEMPTS","extra":null}
{"ts":"2026-02-04T12:48:51.503Z","stage":"QID","conaonicalName":"Adelomys crusafonti","qid":null,"message":"NO_QID_FOUND_AFTER_ALL_ATTEMPTS","extra":null}
{"ts":"2026-02-04T12:48:53.960Z","stage":"QID","conaonicalName":"Tribosphenomys secundus","qid":null,"message":"NO_QID_FOUND_AFTER_ALL_ATTEMPTS","extra":null}
{"ts":"2026-02-04T12:48:59.796Z","stage":"QID","conaonicalName":"Tribosphenomys minutus","qid":null,"message":"NO_QID_FOUND_AFTER_ALL_ATTEMPTS","extra":null}
{"ts":"2026-02-04T12:49:00.718Z","stage":"QID","conaonicalName":"Allomys storeri","qid":null,"message":"NO_QID_FOUND_AFTER_ALL_ATTEMPTS","extra":null}
{"ts":"2026-02-04T12:49:01.947Z","stage":"QID","conaonicalName":"Allomys reticulatus","qid":null,"message":"NO_QID_FOUND_AFTER_ALL_ATTEMPTS","extra":null}
{"ts":"2026-02-04T12:49:02.160Z","stage":"QID","conaonicalName":"Allomys stirtoni","qid":null,"message":"NO_QID_FOUND_AFTER_ALL_ATTEMPTS","extra":null}
{"ts":"2026-02-04T12:49:03.073Z","stage":"QID","conaonicalName":"Allomys nitens","qid":null,"message":"NO_QID_FOUND_AFTER_ALL_ATTEMPTS","extra":null}
{"ts":"2026-02-04T12:49:04.303Z","stage":"QID","conaonicalName":"Allomys simplicidens","qid":null,"message":"NO_QID_FOUND_AFTER_ALL_ATTEMPTS","extra":null}
{"ts":"2026-02-04T12:49:04.303Z","stage":"QID","conaonicalName":"Allomys tessellatus","qid":null,"message":"NO_QID_FOUND_AFTER_ALL_ATTEMPTS","extra":null}
{"ts":"2026-02-04T12:49:05.533Z","stage":"QID","conaonicalName":"Allomys cristabrevis","qid":null,"message":"NO_QID_FOUND_AFTER_ALL_ATTEMPTS","extra":null}
{"ts":"2026-02-04T12:49:06.664Z","stage":"QID","conaonicalName":"Haplomys galbreathi","qid":null,"message":"NO_QID_FOUND_AFTER_ALL_ATTEMPTS","extra":null}
{"ts":"2026-02-04T12:49:06.759Z","stage":"QID","conaonicalName":"Alwoodia magna","qid":null,"message":"NO_QID_FOUND_AFTER_ALL_ATTEMPTS","extra":null}
{"ts":"2026-02-04T12:49:07.892Z","stage":"QID","conaonicalName":"Oropyctis pediasius","qid":null,"message":"NO_QID_FOUND_AFTER_ALL_ATTEMPTS","extra":null}
{"ts":"2026-02-04T12:49:09.138Z","stage":"QID","conaonicalName":"Downsimus chadwicki","qid":null,"message":"NO_QID_FOUND_AFTER_ALL_ATTEMPTS","extra":null}
{"ts":"2026-02-04T12:49:09.138Z","stage":"QID","conaonicalName":"Spurimus scotti","qid":null,"message":"NO_QID_FOUND_AFTER_ALL_ATTEMPTS","extra":null}
{"ts":"2026-02-04T12:49:10.344Z","stage":"QID","conaonicalName":"Spurimus selbyi","qid":null,"message":"NO_QID_FOUND_AFTER_ALL_ATTEMPTS","extra":null}
{"ts":"2026-02-04T12:49:11.478Z","stage":"QID","conaonicalName":"Campestrallomys annectens","qid":null,"message":"NO_QID_FOUND_AFTER_ALL_ATTEMPTS","extra":null}
{"ts":"2026-02-04T12:49:11.488Z","stage":"QID","conaonicalName":"Campestrallomys siouxensis","qid":null,"message":"NO_QID_FOUND_AFTER_ALL_ATTEMPTS","extra":null}
{"ts":"2026-02-04T12:49:12.704Z","stage":"QID","conaonicalName":"Rudiomys mcgrewi","qid":null,"message":"NO_QID_FOUND_AFTER_ALL_ATTEMPTS","extra":null}
{"ts":"2026-02-04T12:49:13.929Z","stage":"QID","conaonicalName":"Parallomys americanus","qid":null,"message":"NO_QID_FOUND_AFTER_ALL_ATTEMPTS","extra":null}
{"ts":"2026-02-04T12:49:13.929Z","stage":"QID","conaonicalName":"Pelycomys placidus","qid":null,"message":"NO_QID_FOUND_AFTER_ALL_ATTEMPTS","extra":null}
{"ts":"2026-02-04T12:49:15.156Z","stage":"QID","conaonicalName":"Pelycomys brulanus","qid":null,"message":"NO_QID_FOUND_AFTER_ALL_ATTEMPTS","extra":null}
{"ts":"2026-02-04T12:49:16.284Z","stage":"QID","conaonicalName":"Apletotomeus crassus","qid":null,"message":"NO_QID_FOUND_AFTER_ALL_ATTEMPTS","extra":null}
{"ts":"2026-02-04T12:49:16.284Z","stage":"QID","conaonicalName":"Pelycomys rugosus","qid":null,"message":"NO_QID_FOUND_AFTER_ALL_ATTEMPTS","extra":null}
{"ts":"2026-02-04T12:49:17.511Z","stage":"QID","conaonicalName":"Diplolophus insolens","qid":null,"message":"NO_QID_FOUND_AFTER_ALL_ATTEMPTS","extra":null}
{"ts":"2026-02-04T12:49:18.742Z","stage":"QID","conaonicalName":"Prolapsus junctionis","qid":null,"message":"NO_QID_FOUND_AFTER_ALL_ATTEMPTS","extra":null}
{"ts":"2026-02-04T12:49:18.742Z","stage":"QID","conaonicalName":"Prolapsus sibilatoris","qid":null,"message":"NO_QID_FOUND_AFTER_ALL_ATTEMPTS","extra":null}
{"ts":"2026-02-04T12:49:21.096Z","stage":"QID","conaonicalName":"Heliscomys senex","qid":null,"message":"NO_QID_FOUND_AFTER_ALL_ATTEMPTS","extra":null}
{"ts":"2026-02-04T12:49:21.097Z","stage":"QID","conaonicalName":"Texomys stewarti","qid":null,"message":"NO_QID_FOUND_AFTER_ALL_ATTEMPTS","extra":null}
{"ts":"2026-02-04T12:49:21.505Z","stage":"QID","conaonicalName":"Heliscomys hatcheri","qid":null,"message":"NO_QID_FOUND_AFTER_ALL_ATTEMPTS","extra":null}
{"ts":"2026-02-04T12:49:23.554Z","stage":"QID","conaonicalName":"Heliscomys gregoryi","qid":null,"message":"NO_QID_FOUND_AFTER_ALL_ATTEMPTS","extra":null}
{"ts":"2026-02-04T12:49:23.555Z","stage":"QID","conaonicalName":"Heliscomys woodi","qid":null,"message":"NO_QID_FOUND_AFTER_ALL_ATTEMPTS","extra":null}
{"ts":"2026-02-04T12:49:23.555Z","stage":"QID","conaonicalName":"Heliscomys ostranderi","qid":null,"message":"NO_QID_FOUND_AFTER_ALL_ATTEMPTS","extra":null}
{"ts":"2026-02-04T12:49:25.908Z","stage":"QID","conaonicalName":"Heliscomys mcgrewi","qid":null,"message":"NO_QID_FOUND_AFTER_ALL_ATTEMPTS","extra":null}
{"ts":"2026-02-04T12:49:25.912Z","stage":"QID","conaonicalName":"Heliscomys vetus","qid":null,"message":"NO_QID_FOUND_AFTER_ALL_ATTEMPTS","extra":null}
{"ts":"2026-02-04T12:49:25.921Z","stage":"QID","conaonicalName":"Alagomys russelli","qid":null,"message":"NO_QID_FOUND_AFTER_ALL_ATTEMPTS","extra":null}
{"ts":"2026-02-04T12:49:28.367Z","stage":"QID","conaonicalName":"Protosciurus rachelae","qid":null,"message":"NO_QID_FOUND_AFTER_ALL_ATTEMPTS","extra":null}
{"ts":"2026-02-04T12:49:28.367Z","stage":"QID","conaonicalName":"Protosciurus condoni","qid":null,"message":"NO_QID_FOUND_AFTER_ALL_ATTEMPTS","extra":null}
{"ts":"2026-02-04T12:49:28.367Z","stage":"QID","conaonicalName":"Protosciurus mengi","qid":null,"message":"NO_QID_FOUND_AFTER_ALL_ATTEMPTS","extra":null}
{"ts":"2026-02-04T12:49:30.721Z","stage":"QID","conaonicalName":"Protospermophilus kelloggi","qid":null,"message":"NO_QID_FOUND_AFTER_ALL_ATTEMPTS","extra":null}
{"ts":"2026-02-04T12:49:30.721Z","stage":"QID","conaonicalName":"Ammospermophilus jeffriesi","qid":null,"message":"NO_QID_FOUND_AFTER_ALL_ATTEMPTS","extra":null}
{"ts":"2026-02-04T12:49:31.950Z","stage":"QID","conaonicalName":"Ammospermophilus hanfordi","qid":null,"message":"NO_QID_FOUND_AFTER_ALL_ATTEMPTS","extra":null}
{"ts":"2026-02-04T12:49:33.179Z","stage":"QID","conaonicalName":"Ammospermophilus fossilis","qid":null,"message":"NO_QID_FOUND_AFTER_ALL_ATTEMPTS","extra":null}
{"ts":"2026-02-04T12:49:34.322Z","stage":"QID","conaonicalName":"Eutamias ertemtensis","qid":null,"message":"NO_QID_FOUND_AFTER_ALL_ATTEMPTS","extra":null}
{"ts":"2026-02-04T12:49:35.534Z","stage":"QID","conaonicalName":"Cynomys vetus","qid":null,"message":"NO_QID_FOUND_AFTER_ALL_ATTEMPTS","extra":null}
{"ts":"2026-02-04T12:49:35.535Z","stage":"QID","conaonicalName":"Cynomys spenceri","qid":null,"message":"NO_QID_FOUND_AFTER_ALL_ATTEMPTS","extra":null}
{"ts":"2026-02-04T12:49:36.733Z","stage":"QID","conaonicalName":"Cynomys niobrarius","qid":null,"message":"NO_QID_FOUND_AFTER_ALL_ATTEMPTS","extra":null}
{"ts":"2026-02-04T12:49:41.370Z","stage":"QID","conaonicalName":"Cynomys sappaensis","qid":null,"message":"NO_QID_FOUND_AFTER_ALL_ATTEMPTS","extra":null}
{"ts":"2026-02-04T12:49:42.600Z","stage":"QID","conaonicalName":"Cynomys hibbardi","qid":null,"message":"NO_QID_FOUND_AFTER_ALL_ATTEMPTS","extra":null}
{"ts":"2026-02-04T12:49:42.811Z","stage":"QID","conaonicalName":"Tamias eviensis","qid":null,"message":"NO_QID_FOUND_AFTER_ALL_ATTEMPTS","extra":null}
{"ts":"2026-02-04T12:49:43.733Z","stage":"QID","conaonicalName":"Spermophilus meltoni","qid":null,"message":"NO_QID_FOUND_AFTER_ALL_ATTEMPTS","extra":null}
{"ts":"2026-02-04T12:49:43.737Z","stage":"QID","conaonicalName":"Spermophilus russelli","qid":null,"message":"NO_QID_FOUND_AFTER_ALL_ATTEMPTS","extra":null}
{"ts":"2026-02-04T12:49:44.955Z","stage":"QID","conaonicalName":"Spermophilus cyanocittus","qid":null,"message":"NO_QID_FOUND_AFTER_ALL_ATTEMPTS","extra":null}
{"ts":"2026-02-04T12:49:44.956Z","stage":"QID","conaonicalName":"Spermophilus johnstoni","qid":null,"message":"NO_QID_FOUND_AFTER_ALL_ATTEMPTS","extra":null}
{"ts":"2026-02-04T12:49:46.184Z","stage":"QID","conaonicalName":"Spermophilus jerae","qid":null,"message":"NO_QID_FOUND_AFTER_ALL_ATTEMPTS","extra":null}
{"ts":"2026-02-04T12:49:47.345Z","stage":"QID","conaonicalName":"Spermophilus lorisrusselli","qid":null,"message":"NO_QID_FOUND_AFTER_ALL_ATTEMPTS","extra":null}
{"ts":"2026-02-04T12:49:47.347Z","stage":"QID","conaonicalName":"Spermophilinus turolensis","qid":null,"message":"NO_QID_FOUND_AFTER_ALL_ATTEMPTS","extra":null}
{"ts":"2026-02-04T12:49:48.550Z","stage":"QID","conaonicalName":"Spermophilinus giganteus","qid":null,"message":"NO_QID_FOUND_AFTER_ALL_ATTEMPTS","extra":null}
{"ts":"2026-02-04T12:49:48.555Z","stage":"QID","conaonicalName":"Spermophilinus besanus","qid":null,"message":"NO_QID_FOUND_AFTER_ALL_ATTEMPTS","extra":null}
{"ts":"2026-02-04T12:49:49.769Z","stage":"QID","conaonicalName":"Atlantoxerus rhodius","qid":null,"message":"NO_QID_FOUND_AFTER_ALL_ATTEMPTS","extra":null}
{"ts":"2026-02-04T12:49:49.769Z","stage":"QID","conaonicalName":"Getuloxerus adroveri","qid":null,"message":"NO_QID_FOUND_AFTER_ALL_ATTEMPTS","extra":null}
{"ts":"2026-02-04T12:49:50.999Z","stage":"QID","conaonicalName":"Sciurion campestre","qid":null,"message":"NO_QID_FOUND_AFTER_ALL_ATTEMPTS","extra":null}
{"ts":"2026-02-04T12:49:50.999Z","stage":"QID","conaonicalName":"Oligosciurus dangheensis","qid":null,"message":"NO_QID_FOUND_AFTER_ALL_ATTEMPTS","extra":null}
{"ts":"2026-02-04T12:49:52.226Z","stage":"QID","conaonicalName":"Heteroxerus grivensis","qid":null,"message":"NO_QID_FOUND_AFTER_ALL_ATTEMPTS","extra":null}
{"ts":"2026-02-04T12:49:53.351Z","stage":"QID","conaonicalName":"Paraxerus inuus","qid":null,"message":"NO_QID_FOUND_AFTER_ALL_ATTEMPTS","extra":null}
{"ts":"2026-02-04T12:49:53.357Z","stage":"QID","conaonicalName":"Miospermophilus wyomingensis","qid":null,"message":"NO_QID_FOUND_AFTER_ALL_ATTEMPTS","extra":null}
{"ts":"2026-02-04T12:49:53.671Z","stage":"QID","conaonicalName":"Miospermophilus lavertyi","qid":null,"message":"NO_QID_FOUND_AFTER_ALL_ATTEMPTS","extra":null}
{"ts":"2026-02-04T12:49:54.581Z","stage":"QID","conaonicalName":"Cedromus wardi","qid":null,"message":"NO_QID_FOUND_AFTER_ALL_ATTEMPTS","extra":null}
{"ts":"2026-02-04T12:49:55.809Z","stage":"QID","conaonicalName":"Palaeosciurus sutteri","qid":null,"message":"NO_QID_FOUND_AFTER_ALL_ATTEMPTS","extra":null}
{"ts":"2026-02-04T12:49:55.809Z","stage":"QID","conaonicalName":"Palaeosciurus feignouxi","qid":null,"message":"NO_QID_FOUND_AFTER_ALL_ATTEMPTS","extra":null}
{"ts":"2026-02-04T12:49:56.218Z","stage":"QID","conaonicalName":"Petauristodon pattersoni","qid":null,"message":"NO_QID_FOUND_AFTER_ALL_ATTEMPTS","extra":null}
{"ts":"2026-02-04T12:49:56.965Z","stage":"QID","conaonicalName":"Palaearctomys montanus","qid":null,"message":"NO_QID_FOUND_AFTER_ALL_ATTEMPTS","extra":null}
{"ts":"2026-02-04T12:49:58.165Z","stage":"QID","conaonicalName":"Nototamias hulberti","qid":null,"message":"NO_QID_FOUND_AFTER_ALL_ATTEMPTS","extra":null}
{"ts":"2026-02-04T12:49:58.165Z","stage":"QID","conaonicalName":"Nototamias quadratus","qid":null,"message":"NO_QID_FOUND_AFTER_ALL_ATTEMPTS","extra":null}
{"ts":"2026-02-04T12:49:58.165Z","stage":"QID","conaonicalName":"Similisciurus maxwelli","qid":null,"message":"NO_QID_FOUND_AFTER_ALL_ATTEMPTS","extra":null}
{"ts":"2026-02-04T12:49:59.394Z","stage":"QID","conaonicalName":"Miopetaurista neogrivensis","qid":null,"message":"NO_QID_FOUND_AFTER_ALL_ATTEMPTS","extra":null}
{"ts":"2026-02-04T12:50:00.557Z","stage":"QID","conaonicalName":"Miopetaurista gaillardi","qid":null,"message":"NO_QID_FOUND_AFTER_ALL_ATTEMPTS","extra":null}
{"ts":"2026-02-04T12:50:00.571Z","stage":"QID","conaonicalName":"Miopetaurista crusafonti","qid":null,"message":"NO_QID_FOUND_AFTER_ALL_ATTEMPTS","extra":null}
{"ts":"2026-02-04T12:50:00.620Z","stage":"QID","conaonicalName":"Miopetaurista tobieni","qid":null,"message":"NO_QID_FOUND_AFTER_ALL_ATTEMPTS","extra":null}
{"ts":"2026-02-04T12:50:02.976Z","stage":"QID","conaonicalName":"Miopetaurista diescalidus","qid":null,"message":"NO_QID_FOUND_AFTER_ALL_ATTEMPTS","extra":null}
{"ts":"2026-02-04T12:50:02.977Z","stage":"QID","conaonicalName":"Miopetaurista thaleri","qid":null,"message":"NO_QID_FOUND_AFTER_ALL_ATTEMPTS","extra":null}
{"ts":"2026-02-04T12:50:02.977Z","stage":"QID","conaonicalName":"Hylopetes hoeckarum","qid":null,"message":"NO_QID_FOUND_AFTER_ALL_ATTEMPTS","extra":null}
{"ts":"2026-02-04T12:50:03.283Z","stage":"QID","conaonicalName":"Miopetaurista dehmi","qid":null,"message":"NO_QID_FOUND_AFTER_ALL_ATTEMPTS","extra":null}
{"ts":"2026-02-04T12:50:05.435Z","stage":"QID","conaonicalName":"Aliveria luteyni","qid":null,"message":"NO_QID_FOUND_AFTER_ALL_ATTEMPTS","extra":null}
{"ts":"2026-02-04T12:50:05.435Z","stage":"QID","conaonicalName":"Aliveria brinkerinki","qid":null,"message":"NO_QID_FOUND_AFTER_ALL_ATTEMPTS","extra":null}
{"ts":"2026-02-04T12:50:05.435Z","stage":"QID","conaonicalName":"Albanensia sansaniensis","qid":null,"message":"NO_QID_FOUND_AFTER_ALL_ATTEMPTS","extra":null}
{"ts":"2026-02-04T12:50:07.791Z","stage":"QID","conaonicalName":"Albanensia grimmi","qid":null,"message":"NO_QID_FOUND_AFTER_ALL_ATTEMPTS","extra":null}
{"ts":"2026-02-04T12:50:07.792Z","stage":"QID","conaonicalName":"Albanensia albanensis quiricensis","qid":null,"message":"NO_QID_FOUND_AFTER_ALL_ATTEMPTS","extra":null}
{"ts":"2026-02-04T12:50:07.792Z","stage":"QID","conaonicalName":"Tardontia nevadans","qid":null,"message":"NO_QID_FOUND_AFTER_ALL_ATTEMPTS","extra":null}
{"ts":"2026-02-04T12:50:07.792Z","stage":"QID","conaonicalName":"Cynomyoides vatis","qid":null,"message":"NO_QID_FOUND_AFTER_ALL_ATTEMPTS","extra":null}
{"ts":"2026-02-04T12:50:10.170Z","stage":"QID","conaonicalName":"Ansomys orientalis","qid":null,"message":"NO_QID_FOUND_AFTER_ALL_ATTEMPTS","extra":null}
{"ts":"2026-02-04T12:50:10.175Z","stage":"QID","conaonicalName":"Ansomys hepburnensis","qid":null,"message":"NO_QID_FOUND_AFTER_ALL_ATTEMPTS","extra":null}
{"ts":"2026-02-04T12:50:10.179Z","stage":"QID","conaonicalName":"Ansomys nevadensis","qid":null,"message":"NO_QID_FOUND_AFTER_ALL_ATTEMPTS","extra":null}
{"ts":"2026-02-04T12:50:10.180Z","stage":"QID","conaonicalName":"Ansomys crucifer","qid":null,"message":"NO_QID_FOUND_AFTER_ALL_ATTEMPTS","extra":null}
{"ts":"2026-02-04T12:50:12.602Z","stage":"QID","conaonicalName":"Niglarodon progressus","qid":null,"message":"NO_QID_FOUND_AFTER_ALL_ATTEMPTS","extra":null}
{"ts":"2026-02-04T12:50:12.602Z","stage":"QID","conaonicalName":"Niglarodon koerneri","qid":null,"message":"NO_QID_FOUND_AFTER_ALL_ATTEMPTS","extra":null}
{"ts":"2026-02-04T12:50:12.602Z","stage":"QID","conaonicalName":"Ansomys shanwangensis","qid":null,"message":"NO_QID_FOUND_AFTER_ALL_ATTEMPTS","extra":null}
{"ts":"2026-02-04T12:50:16.983Z","stage":"QID","conaonicalName":"Niglarodon blacki","qid":null,"message":"NO_QID_FOUND_AFTER_ALL_ATTEMPTS","extra":null}
{"ts":"2026-02-04T12:50:18.234Z","stage":"QID","conaonicalName":"Prosciurus lohiculus","qid":null,"message":"NO_QID_FOUND_AFTER_ALL_ATTEMPTS","extra":null}
{"ts":"2026-02-04T12:50:18.439Z","stage":"QID","conaonicalName":"Niglarodon loneyi","qid":null,"message":"NO_QID_FOUND_AFTER_ALL_ATTEMPTS","extra":null}
{"ts":"2026-02-04T12:50:19.361Z","stage":"QID","conaonicalName":"Prosciurus parvus","qid":null,"message":"NO_QID_FOUND_AFTER_ALL_ATTEMPTS","extra":null}
{"ts":"2026-02-04T12:50:19.361Z","stage":"QID","conaonicalName":"Prosciurus albiclivus","qid":null,"message":"NO_QID_FOUND_AFTER_ALL_ATTEMPTS","extra":null}
{"ts":"2026-02-04T12:50:20.589Z","stage":"QID","conaonicalName":"Prosciurus magnus","qid":null,"message":"NO_QID_FOUND_AFTER_ALL_ATTEMPTS","extra":null}
{"ts":"2026-02-04T12:50:21.821Z","stage":"QID","conaonicalName":"Meniscomys editus","qid":null,"message":"NO_QID_FOUND_AFTER_ALL_ATTEMPTS","extra":null}
{"ts":"2026-02-04T12:50:21.821Z","stage":"QID","conaonicalName":"Meniscomys uhtoffi","qid":null,"message":"NO_QID_FOUND_AFTER_ALL_ATTEMPTS","extra":null}
{"ts":"2026-02-04T12:50:22.960Z","stage":"QID","conaonicalName":"Liodontia furlongi","qid":null,"message":"NO_QID_FOUND_AFTER_ALL_ATTEMPTS","extra":null}
{"ts":"2026-02-04T12:50:23.047Z","stage":"QID","conaonicalName":"Reithroparamys debequensis","qid":null,"message":"NO_QID_FOUND_AFTER_ALL_ATTEMPTS","extra":null}
{"ts":"2026-02-04T12:50:24.174Z","stage":"QID","conaonicalName":"Reithroparamys huerfanensis","qid":null,"message":"NO_QID_FOUND_AFTER_ALL_ATTEMPTS","extra":null}
{"ts":"2026-02-04T12:50:24.174Z","stage":"QID","conaonicalName":"Uriscus californicus","qid":null,"message":"NO_QID_FOUND_AFTER_ALL_ATTEMPTS","extra":null}
{"ts":"2026-02-04T12:50:25.402Z","stage":"QID","conaonicalName":"Laredomys riograndensis","qid":null,"message":"NO_QID_FOUND_AFTER_ALL_ATTEMPTS","extra":null}
{"ts":"2026-02-04T12:50:25.402Z","stage":"QID","conaonicalName":"Pterogaulus barbarellae","qid":null,"message":"NO_QID_FOUND_AFTER_ALL_ATTEMPTS","extra":null}
{"ts":"2026-02-04T12:50:26.631Z","stage":"QID","conaonicalName":"Mylagaulus elassos","qid":null,"message":"NO_QID_FOUND_AFTER_ALL_ATTEMPTS","extra":null}
{"ts":"2026-02-04T12:50:26.631Z","stage":"QID","conaonicalName":"Mylagaulus sesquipedalis","qid":null,"message":"NO_QID_FOUND_AFTER_ALL_ATTEMPTS","extra":null}
{"ts":"2026-02-04T12:50:27.861Z","stage":"QID","conaonicalName":"Mylagaulus kinseyi","qid":null,"message":"NO_QID_FOUND_AFTER_ALL_ATTEMPTS","extra":null}
{"ts":"2026-02-04T12:50:27.861Z","stage":"QID","conaonicalName":"Mylagaulus cambridgensis","qid":null,"message":"NO_QID_FOUND_AFTER_ALL_ATTEMPTS","extra":null}
{"ts":"2026-02-04T12:50:30.216Z","stage":"QID","conaonicalName":"Hesperogaulus gazini","qid":null,"message":"NO_QID_FOUND_AFTER_ALL_ATTEMPTS","extra":null}
{"ts":"2026-02-04T12:50:30.216Z","stage":"QID","conaonicalName":"Mylagaulodon angulatus","qid":null,"message":"NO_QID_FOUND_AFTER_ALL_ATTEMPTS","extra":null}
{"ts":"2026-02-04T12:50:31.376Z","stage":"QID","conaonicalName":"Alphagaulus tedfordi","qid":null,"message":"NO_QID_FOUND_AFTER_ALL_ATTEMPTS","extra":null}
{"ts":"2026-02-04T12:50:32.574Z","stage":"QID","conaonicalName":"Promylagaulus riggsi","qid":null,"message":"NO_QID_FOUND_AFTER_ALL_ATTEMPTS","extra":null}
{"ts":"2026-02-04T12:50:32.582Z","stage":"QID","conaonicalName":"Prosiphneus licenti","qid":null,"message":"NO_QID_FOUND_AFTER_ALL_ATTEMPTS","extra":null}
{"ts":"2026-02-04T12:50:32.812Z","stage":"QID","conaonicalName":"Downsimys margolesi","qid":null,"message":"NO_QID_FOUND_AFTER_ALL_ATTEMPTS","extra":null}
{"ts":"2026-02-04T12:50:46.701Z","stage":"QID","conaonicalName":"Eivissia canarveiensis","qid":null,"message":"NO_QID_FOUND_AFTER_ALL_ATTEMPTS","extra":null}
{"ts":"2026-02-04T12:50:49.978Z","stage":"QID","conaonicalName":"Quercomys bijniai","qid":null,"message":"NO_QID_FOUND_AFTER_ALL_ATTEMPTS","extra":null}
{"ts":"2026-02-04T12:50:54.793Z","stage":"QID","conaonicalName":"Glirulus diremptus","qid":null,"message":"NO_QID_FOUND_AFTER_ALL_ATTEMPTS","extra":null}
{"ts":"2026-02-04T12:50:55.932Z","stage":"QID","conaonicalName":"Glirulus werenfelsi","qid":null,"message":"NO_QID_FOUND_AFTER_ALL_ATTEMPTS","extra":null}
{"ts":"2026-02-04T12:51:04.518Z","stage":"ENRICH","conaonicalName":"ADAPTIVE_SYSTEM","qid":null,"message":"⚠️ High Error Ratio (100.0%). Concurrency: 3","extra":{"success":0,"errors":51,"ratio":1}}
{"ts":"2026-02-04T12:51:18.649Z","stage":"QID","conaonicalName":"Vasseuromys duplex","qid":null,"message":"NO_QID_FOUND_AFTER_ALL_ATTEMPTS","extra":null}
{"ts":"2026-02-04T12:51:20.697Z","stage":"QID","conaonicalName":"Myomimus judaicus","qid":null,"message":"NO_QID_FOUND_AFTER_ALL_ATTEMPTS","extra":null}
{"ts":"2026-02-04T12:51:25.509Z","stage":"QID","conaonicalName":"Peridyromys hamadryas","qid":null,"message":"NO_QID_FOUND_AFTER_ALL_ATTEMPTS","extra":null}
{"ts":"2026-02-04T12:51:27.884Z","stage":"QID","conaonicalName":"Ramys jaegeri","qid":null,"message":"NO_QID_FOUND_AFTER_ALL_ATTEMPTS","extra":null}
{"ts":"2026-02-04T12:51:40.665Z","stage":"QID","conaonicalName":"Treposciurus manentis","qid":null,"message":"NO_QID_FOUND_AFTER_ALL_ATTEMPTS","extra":null}
{"ts":"2026-02-04T12:51:41.074Z","stage":"QID","conaonicalName":"Treposciurus mutabilis","qid":null,"message":"NO_QID_FOUND_AFTER_ALL_ATTEMPTS","extra":null}
{"ts":"2026-02-04T12:51:41.792Z","stage":"QID","conaonicalName":"Sciuroides quercyi","qid":null,"message":"NO_QID_FOUND_AFTER_ALL_ATTEMPTS","extra":null}
{"ts":"2026-02-04T12:51:42.922Z","stage":"QID","conaonicalName":"Tarnomys quercinus","qid":null,"message":"NO_QID_FOUND_AFTER_ALL_ATTEMPTS","extra":null}
{"ts":"2026-02-04T12:51:42.922Z","stage":"QID","conaonicalName":"Sciuroides ehrensteinensis","qid":null,"message":"NO_QID_FOUND_AFTER_ALL_ATTEMPTS","extra":null}
{"ts":"2026-02-04T12:51:44.148Z","stage":"QID","conaonicalName":"Elfomys medius","qid":null,"message":"NO_QID_FOUND_AFTER_ALL_ATTEMPTS","extra":null}
{"ts":"2026-02-04T12:51:45.283Z","stage":"QID","conaonicalName":"Elfomys parvulus","qid":null,"message":"NO_QID_FOUND_AFTER_ALL_ATTEMPTS","extra":null}
{"ts":"2026-02-04T12:51:45.376Z","stage":"QID","conaonicalName":"Pseudoltinomys gliriformis","qid":null,"message":"NO_QID_FOUND_AFTER_ALL_ATTEMPTS","extra":null}
{"ts":"2026-02-04T12:51:46.604Z","stage":"QID","conaonicalName":"Pseudoltinomys phosphoricus","qid":null,"message":"NO_QID_FOUND_AFTER_ALL_ATTEMPTS","extra":null}
{"ts":"2026-02-04T12:51:47.732Z","stage":"QID","conaonicalName":"Pseudoltinomys gaillardi","qid":null,"message":"NO_QID_FOUND_AFTER_ALL_ATTEMPTS","extra":null}
{"ts":"2026-02-04T12:51:47.732Z","stage":"QID","conaonicalName":"Pseudoltinomys nanus","qid":null,"message":"NO_QID_FOUND_AFTER_ALL_ATTEMPTS","extra":null}
{"ts":"2026-02-04T12:51:48.903Z","stage":"QID","conaonicalName":"Blainvillimys rotundidens","qid":null,"message":"NO_QID_FOUND_AFTER_ALL_ATTEMPTS","extra":null}
{"ts":"2026-02-04T12:51:50.088Z","stage":"QID","conaonicalName":"Blainvillimys gregarius","qid":null,"message":"NO_QID_FOUND_AFTER_ALL_ATTEMPTS","extra":null}
{"ts":"2026-02-04T12:51:50.189Z","stage":"QID","conaonicalName":"Blainvillimys helmeri","qid":null,"message":"NO_QID_FOUND_AFTER_ALL_ATTEMPTS","extra":null}
{"ts":"2026-02-04T12:51:51.315Z","stage":"QID","conaonicalName":"Theridomys pseudosiderolithicus","qid":null,"message":"NO_QID_FOUND_AFTER_ALL_ATTEMPTS","extra":null}
{"ts":"2026-02-04T12:51:52.544Z","stage":"QID","conaonicalName":"Theridomys major","qid":null,"message":"NO_QID_FOUND_AFTER_ALL_ATTEMPTS","extra":null}
{"ts":"2026-02-04T12:51:52.544Z","stage":"QID","conaonicalName":"Theridomys calafensis","qid":null,"message":"NO_QID_FOUND_AFTER_ALL_ATTEMPTS","extra":null}
{"ts":"2026-02-04T12:51:53.772Z","stage":"QID","conaonicalName":"Theridomys golpei","qid":null,"message":"NO_QID_FOUND_AFTER_ALL_ATTEMPTS","extra":null}
{"ts":"2026-02-04T12:51:54.899Z","stage":"QID","conaonicalName":"Issiodoromys limognensis","qid":null,"message":"NO_QID_FOUND_AFTER_ALL_ATTEMPTS","extra":null}
{"ts":"2026-02-04T12:51:55.002Z","stage":"QID","conaonicalName":"Suevosciurus fraasi","qid":null,"message":"NO_QID_FOUND_AFTER_ALL_ATTEMPTS","extra":null}
{"ts":"2026-02-04T12:51:57.358Z","stage":"QID","conaonicalName":"Ottomania proavita","qid":null,"message":"NO_QID_FOUND_AFTER_ALL_ATTEMPTS","extra":null}
{"ts":"2026-02-04T12:51:57.358Z","stage":"QID","conaonicalName":"Saykanomys lavocati","qid":null,"message":"NO_QID_FOUND_AFTER_ALL_ATTEMPTS","extra":null}
{"ts":"2026-02-04T12:51:58.533Z","stage":"QID","conaonicalName":"Protataromys yuanquensis","qid":null,"message":"NO_QID_FOUND_AFTER_ALL_ATTEMPTS","extra":null}
{"ts":"2026-02-04T12:51:59.722Z","stage":"QID","conaonicalName":"Protataromys mianchiensis","qid":null,"message":"NO_QID_FOUND_AFTER_ALL_ATTEMPTS","extra":null}
{"ts":"2026-02-04T12:52:00.941Z","stage":"QID","conaonicalName":"Chapattimys ibrahimshahi","qid":null,"message":"NO_QID_FOUND_AFTER_ALL_ATTEMPTS","extra":null}
{"ts":"2026-02-04T12:52:02.086Z","stage":"QID","conaonicalName":"Confiniummys siddiki","qid":null,"message":"NO_QID_FOUND_AFTER_ALL_ATTEMPTS","extra":null}
{"ts":"2026-02-04T12:52:02.169Z","stage":"QID","conaonicalName":"Sayimys perplexus","qid":null,"message":"NO_QID_FOUND_AFTER_ALL_ATTEMPTS","extra":null}
{"ts":"2026-02-04T12:52:03.398Z","stage":"QID","conaonicalName":"Gumbatomys asifi","qid":null,"message":"NO_QID_FOUND_AFTER_ALL_ATTEMPTS","extra":null}
{"ts":"2026-02-04T12:52:04.536Z","stage":"QID","conaonicalName":"Karakoromys decessus","qid":null,"message":"NO_QID_FOUND_AFTER_ALL_ATTEMPTS","extra":null}
{"ts":"2026-02-04T12:52:09.540Z","stage":"QID","conaonicalName":"Paraphiomys knolli","qid":null,"message":"NO_QID_FOUND_AFTER_ALL_ATTEMPTS","extra":null}
{"ts":"2026-02-04T12:52:11.078Z","stage":"QID","conaonicalName":"Coelodontomys asiaticus","qid":null,"message":"NO_QID_FOUND_AFTER_ALL_ATTEMPTS","extra":null}
{"ts":"2026-02-04T12:52:11.902Z","stage":"QID","conaonicalName":"Galileomys eurygnathus","qid":null,"message":"NO_QID_FOUND_AFTER_ALL_ATTEMPTS","extra":null}
{"ts":"2026-02-04T12:52:13.127Z","stage":"QID","conaonicalName":"Spaniomys riparius","qid":null,"message":"NO_QID_FOUND_AFTER_ALL_ATTEMPTS","extra":null}
{"ts":"2026-02-04T12:52:13.127Z","stage":"QID","conaonicalName":"Spaniomys modestus","qid":null,"message":"NO_QID_FOUND_AFTER_ALL_ATTEMPTS","extra":null}
{"ts":"2026-02-04T12:52:14.355Z","stage":"QID","conaonicalName":"Prostichomys bowni","qid":null,"message":"NO_QID_FOUND_AFTER_ALL_ATTEMPTS","extra":null}
{"ts":"2026-02-04T12:52:15.490Z","stage":"QID","conaonicalName":"Adelphomys candidus","qid":null,"message":"NO_QID_FOUND_AFTER_ALL_ATTEMPTS","extra":null}
{"ts":"2026-02-04T12:52:15.584Z","stage":"QID","conaonicalName":"Ctenomys formosus","qid":null,"message":"NO_QID_FOUND_AFTER_ALL_ATTEMPTS","extra":null}
{"ts":"2026-02-04T12:52:17.939Z","stage":"QID","conaonicalName":"Neophanomys biplicatus","qid":null,"message":"NO_QID_FOUND_AFTER_ALL_ATTEMPTS","extra":null}
{"ts":"2026-02-04T12:52:17.939Z","stage":"QID","conaonicalName":"Zazamys veronicae","qid":null,"message":"NO_QID_FOUND_AFTER_ALL_ATTEMPTS","extra":null}
{"ts":"2026-02-04T12:52:18.162Z","stage":"QID","conaonicalName":"Acarechimys minutissimus","qid":null,"message":"NO_QID_FOUND_AFTER_ALL_ATTEMPTS","extra":null}
{"ts":"2026-02-04T12:56:33.815Z","stage":"QID","conaonicalName":"TEST_MAMMAL","qid":null,"message":"Testing if logger works","extra":null}
{"ts":"2026-02-04T13:01:51.554Z","stage":"QID","conaonicalName":"TEST_MAMMAL","qid":null,"message":"Testing if logger works","extra":null}
{"ts":"2026-02-04T13:02:54.242Z","stage":"QID","conaonicalName":"Paraphiomys knolli","qid":null,"message":"NO_QID_FOUND_AFTER_ALL_ATTEMPTS","extra":null}
{"ts":"2026-02-04T13:02:55.119Z","stage":"QID","conaonicalName":"Coelodontomys asiaticus","qid":null,"message":"NO_QID_FOUND_AFTER_ALL_ATTEMPTS","extra":null}
{"ts":"2026-02-04T13:02:55.279Z","stage":"QID","conaonicalName":"Galileomys eurygnathus","qid":null,"message":"NO_QID_FOUND_AFTER_ALL_ATTEMPTS","extra":null}
{"ts":"2026-02-04T13:02:56.304Z","stage":"QID","conaonicalName":"Spaniomys modestus","qid":null,"message":"NO_QID_FOUND_AFTER_ALL_ATTEMPTS","extra":null}
{"ts":"2026-02-04T13:02:57.519Z","stage":"QID","conaonicalName":"Adelphomys candidus","qid":null,"message":"NO_QID_FOUND_AFTER_ALL_ATTEMPTS","extra":null}
{"ts":"2026-02-04T13:02:57.520Z","stage":"QID","conaonicalName":"Spaniomys riparius","qid":null,"message":"NO_QID_FOUND_AFTER_ALL_ATTEMPTS","extra":null}
{"ts":"2026-02-04T13:02:57.531Z","stage":"QID","conaonicalName":"Prostichomys bowni","qid":null,"message":"NO_QID_FOUND_AFTER_ALL_ATTEMPTS","extra":null}
{"ts":"2026-02-04T13:02:58.748Z","stage":"QID","conaonicalName":"Ctenomys formosus","qid":null,"message":"NO_QID_FOUND_AFTER_ALL_ATTEMPTS","extra":null}
{"ts":"2026-02-04T13:02:59.978Z","stage":"QID","conaonicalName":"Zazamys veronicae","qid":null,"message":"NO_QID_FOUND_AFTER_ALL_ATTEMPTS","extra":null}
{"ts":"2026-02-04T13:02:59.979Z","stage":"QID","conaonicalName":"Neophanomys biplicatus","qid":null,"message":"NO_QID_FOUND_AFTER_ALL_ATTEMPTS","extra":null}
{"ts":"2026-02-04T13:03:01.107Z","stage":"QID","conaonicalName":"Gyriabrus royoi","qid":null,"message":"NO_QID_FOUND_AFTER_ALL_ATTEMPTS","extra":null}
{"ts":"2026-02-04T13:03:01.205Z","stage":"QID","conaonicalName":"Acarechimys minutissimus","qid":null,"message":"NO_QID_FOUND_AFTER_ALL_ATTEMPTS","extra":null}
{"ts":"2026-02-04T13:03:02.332Z","stage":"QID","conaonicalName":"Prolagostomus pusillus","qid":null,"message":"NO_QID_FOUND_AFTER_ALL_ATTEMPTS","extra":null}
{"ts":"2026-02-04T13:03:04.789Z","stage":"QID","conaonicalName":"Branisamyopsis australis","qid":null,"message":"NO_QID_FOUND_AFTER_ALL_ATTEMPTS","extra":null}
{"ts":"2026-02-04T13:03:04.789Z","stage":"QID","conaonicalName":"Branisamyopsis praesigmoides","qid":null,"message":"NO_QID_FOUND_AFTER_ALL_ATTEMPTS","extra":null}
{"ts":"2026-02-04T13:03:05.919Z","stage":"QID","conaonicalName":"Eosteiromys homogenidens","qid":null,"message":"NO_QID_FOUND_AFTER_ALL_ATTEMPTS","extra":null}
{"ts":"2026-02-04T13:03:06.018Z","stage":"QID","conaonicalName":"Steiromys detentus","qid":null,"message":"NO_QID_FOUND_AFTER_ALL_ATTEMPTS","extra":null}
{"ts":"2026-02-04T13:03:07.143Z","stage":"QID","conaonicalName":"Steiromys principalis","qid":null,"message":"NO_QID_FOUND_AFTER_ALL_ATTEMPTS","extra":null}
{"ts":"2026-02-04T13:03:07.149Z","stage":"QID","conaonicalName":"Steiromys duplicatus","qid":null,"message":"NO_QID_FOUND_AFTER_ALL_ATTEMPTS","extra":null}
{"ts":"2026-02-04T13:03:09.673Z","stage":"QID","conaonicalName":"Neochoerus dichroplax","qid":null,"message":"NO_QID_FOUND_AFTER_ALL_ATTEMPTS","extra":null}
{"ts":"2026-02-04T13:03:09.673Z","stage":"QID","conaonicalName":"Erethizon bathygnathum","qid":null,"message":"NO_QID_FOUND_AFTER_ALL_ATTEMPTS","extra":null}
{"ts":"2026-02-04T13:03:09.814Z","stage":"QID","conaonicalName":"Chapalmatherium novum","qid":null,"message":"NO_QID_FOUND_AFTER_ALL_ATTEMPTS","extra":null}
{"ts":"2026-02-04T13:03:09.815Z","stage":"QID","conaonicalName":"Fallomus ladakhensis","qid":null,"message":"NO_QID_FOUND_AFTER_ALL_ATTEMPTS","extra":null}
{"ts":"2026-02-04T13:03:12.052Z","stage":"QID","conaonicalName":"Baluchimys ganeshapher","qid":null,"message":"NO_QID_FOUND_AFTER_ALL_ATTEMPTS","extra":null}
{"ts":"2026-02-04T13:03:12.052Z","stage":"QID","conaonicalName":"Fallomus razae","qid":null,"message":"NO_QID_FOUND_AFTER_ALL_ATTEMPTS","extra":null}
{"ts":"2026-02-04T13:03:12.052Z","stage":"QID","conaonicalName":"Baluchimys barryi","qid":null,"message":"NO_QID_FOUND_AFTER_ALL_ATTEMPTS","extra":null}
{"ts":"2026-02-04T13:03:14.334Z","stage":"QID","conaonicalName":"Lophibaluchia pilbeami","qid":null,"message":"NO_QID_FOUND_AFTER_ALL_ATTEMPTS","extra":null}
{"ts":"2026-02-04T13:03:14.336Z","stage":"QID","conaonicalName":"Hodsahibia azrae","qid":null,"message":"NO_QID_FOUND_AFTER_ALL_ATTEMPTS","extra":null}
{"ts":"2026-02-04T13:03:14.414Z","stage":"QID","conaonicalName":"Anomalomys aliveriensis","qid":null,"message":"NO_QID_FOUND_AFTER_ALL_ATTEMPTS","extra":null}
{"ts":"2026-02-04T13:03:14.414Z","stage":"QID","conaonicalName":"Anomalomys gernoti","qid":null,"message":"NO_QID_FOUND_AFTER_ALL_ATTEMPTS","extra":null}
{"ts":"2026-02-04T13:03:16.769Z","stage":"QID","conaonicalName":"Anomalomys gaudryi","qid":null,"message":"NO_QID_FOUND_AFTER_ALL_ATTEMPTS","extra":null}
{"ts":"2026-02-04T13:03:16.769Z","stage":"QID","conaonicalName":"Anomalomys minutus","qid":null,"message":"NO_QID_FOUND_AFTER_ALL_ATTEMPTS","extra":null}
{"ts":"2026-02-04T13:03:21.274Z","stage":"QID","conaonicalName":"Anomalomys minor","qid":null,"message":"NO_QID_FOUND_AFTER_ALL_ATTEMPTS","extra":null}
{"ts":"2026-02-04T13:03:22.501Z","stage":"QID","conaonicalName":"Anomalomys gaillardi","qid":null,"message":"NO_QID_FOUND_AFTER_ALL_ATTEMPTS","extra":null}
{"ts":"2026-02-04T13:03:22.629Z","stage":"QID","conaonicalName":"Griphomys alecer","qid":null,"message":"NO_QID_FOUND_AFTER_ALL_ATTEMPTS","extra":null}
{"ts":"2026-02-04T13:03:23.015Z","stage":"QID","conaonicalName":"Griphomys toltecus","qid":null,"message":"NO_QID_FOUND_AFTER_ALL_ATTEMPTS","extra":null}
{"ts":"2026-02-04T13:03:23.733Z","stage":"QID","conaonicalName":"Franimys amherstensis","qid":null,"message":"NO_QID_FOUND_AFTER_ALL_ATTEMPTS","extra":null}
{"ts":"2026-02-04T13:03:24.857Z","stage":"QID","conaonicalName":"Oregonomys pebblespringsensis","qid":null,"message":"NO_QID_FOUND_AFTER_ALL_ATTEMPTS","extra":null}
{"ts":"2026-02-04T13:03:24.863Z","stage":"QID","conaonicalName":"Franimys ambos","qid":null,"message":"NO_QID_FOUND_AFTER_ALL_ATTEMPTS","extra":null}
{"ts":"2026-02-04T13:03:24.960Z","stage":"QID","conaonicalName":"Schizodontomys greeni","qid":null,"message":"NO_QID_FOUND_AFTER_ALL_ATTEMPTS","extra":null}
{"ts":"2026-02-04T13:03:26.189Z","stage":"QID","conaonicalName":"Schizodontomys sulcidens","qid":null,"message":"NO_QID_FOUND_AFTER_ALL_ATTEMPTS","extra":null}
{"ts":"2026-02-04T13:03:27.246Z","stage":"QID","conaonicalName":"Eodipodomys celtiservator","qid":null,"message":"NO_QID_FOUND_AFTER_ALL_ATTEMPTS","extra":null}
{"ts":"2026-02-04T13:03:27.252Z","stage":"QID","conaonicalName":"Schizodontomys amnicolus","qid":null,"message":"NO_QID_FOUND_AFTER_ALL_ATTEMPTS","extra":null}
{"ts":"2026-02-04T13:03:27.316Z","stage":"QID","conaonicalName":"Mookomys thrinax","qid":null,"message":"NO_QID_FOUND_AFTER_ALL_ATTEMPTS","extra":null}
{"ts":"2026-02-04T13:03:28.546Z","stage":"QID","conaonicalName":"Mookomys altifluminis","qid":null,"message":"NO_QID_FOUND_AFTER_ALL_ATTEMPTS","extra":null}
{"ts":"2026-02-04T13:03:29.671Z","stage":"QID","conaonicalName":"Mookomys subtilis","qid":null,"message":"NO_QID_FOUND_AFTER_ALL_ATTEMPTS","extra":null}
{"ts":"2026-02-04T13:03:29.671Z","stage":"QID","conaonicalName":"Dipodomys gidleyi","qid":null,"message":"NO_QID_FOUND_AFTER_ALL_ATTEMPTS","extra":null}
{"ts":"2026-02-04T13:03:29.773Z","stage":"QID","conaonicalName":"Mookomys formicarum","qid":null,"message":"NO_QID_FOUND_AFTER_ALL_ATTEMPTS","extra":null}
{"ts":"2026-02-04T13:03:30.901Z","stage":"QID","conaonicalName":"Dipodomys pattersoni","qid":null,"message":"NO_QID_FOUND_AFTER_ALL_ATTEMPTS","extra":null}
{"ts":"2026-02-04T13:03:32.041Z","stage":"QID","conaonicalName":"Perognathus brevidens","qid":null,"message":"NO_QID_FOUND_AFTER_ALL_ATTEMPTS","extra":null}
{"ts":"2026-02-04T13:03:32.130Z","stage":"QID","conaonicalName":"Mioheteromys amplissimus","qid":null,"message":"NO_QID_FOUND_AFTER_ALL_ATTEMPTS","extra":null}
{"ts":"2026-02-04T13:03:32.130Z","stage":"QID","conaonicalName":"Dipodomys hibbardi","qid":null,"message":"NO_QID_FOUND_AFTER_ALL_ATTEMPTS","extra":null}
{"ts":"2026-02-04T13:03:33.357Z","stage":"QID","conaonicalName":"Perognathus dunklei","qid":null,"message":"NO_QID_FOUND_AFTER_ALL_ATTEMPTS","extra":null}
{"ts":"2026-02-04T13:03:34.483Z","stage":"QID","conaonicalName":"Perognathus furlongi","qid":null,"message":"NO_QID_FOUND_AFTER_ALL_ATTEMPTS","extra":null}
{"ts":"2026-02-04T13:03:34.484Z","stage":"QID","conaonicalName":"Perognathus saskatchewanensis","qid":null,"message":"NO_QID_FOUND_AFTER_ALL_ATTEMPTS","extra":null}
{"ts":"2026-02-04T13:03:34.586Z","stage":"QID","conaonicalName":"Perognathus mclaughlini","qid":null,"message":"NO_QID_FOUND_AFTER_ALL_ATTEMPTS","extra":null}
{"ts":"2026-02-04T13:03:35.715Z","stage":"QID","conaonicalName":"Perognathus trojectioansrum","qid":null,"message":"NO_QID_FOUND_AFTER_ALL_ATTEMPTS","extra":null}
{"ts":"2026-02-04T13:03:36.845Z","stage":"QID","conaonicalName":"Perognathus carpenteri","qid":null,"message":"NO_QID_FOUND_AFTER_ALL_ATTEMPTS","extra":null}
{"ts":"2026-02-04T13:03:36.942Z","stage":"QID","conaonicalName":"Perognathus pearlettensis","qid":null,"message":"NO_QID_FOUND_AFTER_ALL_ATTEMPTS","extra":null}
{"ts":"2026-02-04T13:03:36.942Z","stage":"QID","conaonicalName":"Perognathus gidleyi","qid":null,"message":"NO_QID_FOUND_AFTER_ALL_ATTEMPTS","extra":null}
{"ts":"2026-02-04T13:03:38.171Z","stage":"QID","conaonicalName":"Perognathus stevei","qid":null,"message":"NO_QID_FOUND_AFTER_ALL_ATTEMPTS","extra":null}
{"ts":"2026-02-04T13:03:39.297Z","stage":"QID","conaonicalName":"Perognathus ancenensis","qid":null,"message":"NO_QID_FOUND_AFTER_ALL_ATTEMPTS","extra":null}
{"ts":"2026-02-04T13:03:39.299Z","stage":"QID","conaonicalName":"Perognathus coquorum","qid":null,"message":"NO_QID_FOUND_AFTER_ALL_ATTEMPTS","extra":null}
{"ts":"2026-02-04T13:03:39.400Z","stage":"QID","conaonicalName":"Perognathus henryredfieldi","qid":null,"message":"NO_QID_FOUND_AFTER_ALL_ATTEMPTS","extra":null}
{"ts":"2026-02-04T13:03:40.527Z","stage":"QID","conaonicalName":"Perognathus maldei","qid":null,"message":"NO_QID_FOUND_AFTER_ALL_ATTEMPTS","extra":null}
{"ts":"2026-02-04T13:03:41.666Z","stage":"QID","conaonicalName":"Perognathus rexroadensis","qid":null,"message":"NO_QID_FOUND_AFTER_ALL_ATTEMPTS","extra":null}
{"ts":"2026-02-04T13:03:41.755Z","stage":"QID","conaonicalName":"Perognathus minutus","qid":null,"message":"NO_QID_FOUND_AFTER_ALL_ATTEMPTS","extra":null}
{"ts":"2026-02-04T13:03:41.756Z","stage":"QID","conaonicalName":"Perognathus strigipredus","qid":null,"message":"NO_QID_FOUND_AFTER_ALL_ATTEMPTS","extra":null}
{"ts":"2026-02-04T13:03:42.984Z","stage":"QID","conaonicalName":"Diprionomys agrarius","qid":null,"message":"NO_QID_FOUND_AFTER_ALL_ATTEMPTS","extra":null}
{"ts":"2026-02-04T13:03:44.111Z","stage":"QID","conaonicalName":"Prodipodomys hibbardi","qid":null,"message":"NO_QID_FOUND_AFTER_ALL_ATTEMPTS","extra":null}
{"ts":"2026-02-04T13:03:44.121Z","stage":"QID","conaonicalName":"Prodipodomys griggsorum","qid":null,"message":"NO_QID_FOUND_AFTER_ALL_ATTEMPTS","extra":null}
{"ts":"2026-02-04T13:03:45.338Z","stage":"QID","conaonicalName":"Prodipodomys idahoensis","qid":null,"message":"NO_QID_FOUND_AFTER_ALL_ATTEMPTS","extra":null}
{"ts":"2026-02-04T13:03:45.339Z","stage":"QID","conaonicalName":"Prodipodomys riversidensis","qid":null,"message":"NO_QID_FOUND_AFTER_ALL_ATTEMPTS","extra":null}
{"ts":"2026-02-04T13:03:46.569Z","stage":"QID","conaonicalName":"Prodipodomys timoteoensis","qid":null,"message":"NO_QID_FOUND_AFTER_ALL_ATTEMPTS","extra":null}
{"ts":"2026-02-04T13:03:46.569Z","stage":"QID","conaonicalName":"Stratimus strobeli","qid":null,"message":"NO_QID_FOUND_AFTER_ALL_ATTEMPTS","extra":null}
{"ts":"2026-02-04T13:03:47.707Z","stage":"QID","conaonicalName":"Trogomys rupinimenthae","qid":null,"message":"NO_QID_FOUND_AFTER_ALL_ATTEMPTS","extra":null}
{"ts":"2026-02-04T13:03:47.796Z","stage":"QID","conaonicalName":"Peridiomys halis","qid":null,"message":"NO_QID_FOUND_AFTER_ALL_ATTEMPTS","extra":null}
{"ts":"2026-02-04T13:03:48.922Z","stage":"QID","conaonicalName":"Peridiomys rusticus","qid":null,"message":"NO_QID_FOUND_AFTER_ALL_ATTEMPTS","extra":null}
{"ts":"2026-02-04T13:03:49.024Z","stage":"QID","conaonicalName":"Peridiomys borealis","qid":null,"message":"NO_QID_FOUND_AFTER_ALL_ATTEMPTS","extra":null}
{"ts":"2026-02-04T13:03:50.154Z","stage":"QID","conaonicalName":"Balantiomys nebraskensis","qid":null,"message":"NO_QID_FOUND_AFTER_ALL_ATTEMPTS","extra":null}
{"ts":"2026-02-04T13:03:50.154Z","stage":"QID","conaonicalName":"Balantiomys meridionalis","qid":null,"message":"NO_QID_FOUND_AFTER_ALL_ATTEMPTS","extra":null}
{"ts":"2026-02-04T13:03:51.383Z","stage":"QID","conaonicalName":"Harrymys irvini","qid":null,"message":"NO_QID_FOUND_AFTER_ALL_ATTEMPTS","extra":null}
{"ts":"2026-02-04T13:03:51.384Z","stage":"QID","conaonicalName":"Harrymys canadensis","qid":null,"message":"NO_QID_FOUND_AFTER_ALL_ATTEMPTS","extra":null}
{"ts":"2026-02-04T13:03:52.505Z","stage":"QID","conaonicalName":"Proheteromys cejanus","qid":null,"message":"NO_QID_FOUND_AFTER_ALL_ATTEMPTS","extra":null}
{"ts":"2026-02-04T13:03:52.525Z","stage":"QID","conaonicalName":"Proheteromys gremmelsi","qid":null,"message":"NO_QID_FOUND_AFTER_ALL_ATTEMPTS","extra":null}
{"ts":"2026-02-04T13:03:53.741Z","stage":"QID","conaonicalName":"Proheteromys maximus","qid":null,"message":"NO_QID_FOUND_AFTER_ALL_ATTEMPTS","extra":null}
{"ts":"2026-02-04T13:03:58.046Z","stage":"QID","conaonicalName":"Proheteromys sabinensis","qid":null,"message":"NO_QID_FOUND_AFTER_ALL_ATTEMPTS","extra":null}
{"ts":"2026-02-04T13:03:59.265Z","stage":"QID","conaonicalName":"Proheteromys toledoensis","qid":null,"message":"NO_QID_FOUND_AFTER_ALL_ATTEMPTS","extra":null}
{"ts":"2026-02-04T13:03:59.471Z","stage":"QID","conaonicalName":"Proheteromys fedti","qid":null,"message":"NO_QID_FOUND_AFTER_ALL_ATTEMPTS","extra":null}
{"ts":"2026-02-04T13:03:59.572Z","stage":"QID","conaonicalName":"Proheteromys ironcloudi","qid":null,"message":"NO_QID_FOUND_AFTER_ALL_ATTEMPTS","extra":null}
{"ts":"2026-02-04T13:04:00.419Z","stage":"QID","conaonicalName":"Proheteromys nebraskensis","qid":null,"message":"NO_QID_FOUND_AFTER_ALL_ATTEMPTS","extra":null}
{"ts":"2026-02-04T13:04:01.620Z","stage":"QID","conaonicalName":"Proheteromys floridanus","qid":null,"message":"NO_QID_FOUND_AFTER_ALL_ATTEMPTS","extra":null}
{"ts":"2026-02-04T13:04:01.620Z","stage":"QID","conaonicalName":"Proheteromys matthewi","qid":null,"message":"NO_QID_FOUND_AFTER_ALL_ATTEMPTS","extra":null}
{"ts":"2026-02-04T13:04:01.722Z","stage":"QID","conaonicalName":"Proheteromys sulculus","qid":null,"message":"NO_QID_FOUND_AFTER_ALL_ATTEMPTS","extra":null}
{"ts":"2026-02-04T13:04:02.864Z","stage":"QID","conaonicalName":"Proheteromys thorpei","qid":null,"message":"NO_QID_FOUND_AFTER_ALL_ATTEMPTS","extra":null}
{"ts":"2026-02-04T13:04:04.001Z","stage":"QID","conaonicalName":"Dikkomys matthewi","qid":null,"message":"NO_QID_FOUND_AFTER_ALL_ATTEMPTS","extra":null}
{"ts":"2026-02-04T13:04:04.078Z","stage":"QID","conaonicalName":"Lignimus austridakotensis","qid":null,"message":"NO_QID_FOUND_AFTER_ALL_ATTEMPTS","extra":null}
{"ts":"2026-02-04T13:04:04.078Z","stage":"QID","conaonicalName":"Lignimus montis","qid":null,"message":"NO_QID_FOUND_AFTER_ALL_ATTEMPTS","extra":null}
{"ts":"2026-02-04T13:04:05.307Z","stage":"QID","conaonicalName":"Cupidinimus prattensis","qid":null,"message":"NO_QID_FOUND_AFTER_ALL_ATTEMPTS","extra":null}
{"ts":"2026-02-04T13:04:06.432Z","stage":"QID","conaonicalName":"Cupidinimus whitlocki","qid":null,"message":"NO_QID_FOUND_AFTER_ALL_ATTEMPTS","extra":null}
{"ts":"2026-02-04T13:04:06.432Z","stage":"QID","conaonicalName":"Cupidinimus avawatzensis","qid":null,"message":"NO_QID_FOUND_AFTER_ALL_ATTEMPTS","extra":null}
{"ts":"2026-02-04T13:04:06.535Z","stage":"QID","conaonicalName":"Cupidinimus smaragdinus","qid":null,"message":"NO_QID_FOUND_AFTER_ALL_ATTEMPTS","extra":null}
{"ts":"2026-02-04T13:04:07.667Z","stage":"QID","conaonicalName":"Perognathoides eurekensis","qid":null,"message":"NO_QID_FOUND_AFTER_ALL_ATTEMPTS","extra":null}
{"ts":"2026-02-04T13:04:08.838Z","stage":"QID","conaonicalName":"Cupidinimus nebraskensis","qid":null,"message":"NO_QID_FOUND_AFTER_ALL_ATTEMPTS","extra":null}
{"ts":"2026-02-04T13:04:08.838Z","stage":"QID","conaonicalName":"Perognathoides kleinfelderi","qid":null,"message":"NO_QID_FOUND_AFTER_ALL_ATTEMPTS","extra":null}
{"ts":"2026-02-04T13:04:08.889Z","stage":"QID","conaonicalName":"Cupidinimus boronensis","qid":null,"message":"NO_QID_FOUND_AFTER_ALL_ATTEMPTS","extra":null}
{"ts":"2026-02-04T13:04:10.221Z","stage":"QID","conaonicalName":"Cupidinimus lindsayi","qid":null,"message":"NO_QID_FOUND_AFTER_ALL_ATTEMPTS","extra":null}
{"ts":"2026-02-04T13:04:11.236Z","stage":"QID","conaonicalName":"Pliogeomys russelli","qid":null,"message":"NO_QID_FOUND_AFTER_ALL_ATTEMPTS","extra":null}
{"ts":"2026-02-04T13:04:11.237Z","stage":"QID","conaonicalName":"Pliogeomys buisi","qid":null,"message":"NO_QID_FOUND_AFTER_ALL_ATTEMPTS","extra":null}
{"ts":"2026-02-04T13:04:11.348Z","stage":"QID","conaonicalName":"Pliogeomys parvus","qid":null,"message":"NO_QID_FOUND_AFTER_ALL_ATTEMPTS","extra":null}
{"ts":"2026-02-04T13:04:13.625Z","stage":"QID","conaonicalName":"Pliosaccomys higginsensis","qid":null,"message":"NO_QID_FOUND_AFTER_ALL_ATTEMPTS","extra":null}
{"ts":"2026-02-04T13:04:13.703Z","stage":"QID","conaonicalName":"Geomys quinni","qid":null,"message":"NO_QID_FOUND_AFTER_ALL_ATTEMPTS","extra":null}
{"ts":"2026-02-04T13:04:13.703Z","stage":"QID","conaonicalName":"Reynoldsomys timoteoensis","qid":null,"message":"NO_QID_FOUND_AFTER_ALL_ATTEMPTS","extra":null}
{"ts":"2026-02-04T13:04:14.932Z","stage":"QID","conaonicalName":"Pliosaccomys dubius","qid":null,"message":"NO_QID_FOUND_AFTER_ALL_ATTEMPTS","extra":null}
{"ts":"2026-02-04T13:04:16.058Z","stage":"QID","conaonicalName":"Mojavemys magnumarcus","qid":null,"message":"NO_QID_FOUND_AFTER_ALL_ATTEMPTS","extra":null}
{"ts":"2026-02-04T13:04:16.058Z","stage":"QID","conaonicalName":"Mojavemys lophatus","qid":null,"message":"NO_QID_FOUND_AFTER_ALL_ATTEMPTS","extra":null}
{"ts":"2026-02-04T13:04:16.070Z","stage":"QID","conaonicalName":"Mojavemys alexandrae","qid":null,"message":"NO_QID_FOUND_AFTER_ALL_ATTEMPTS","extra":null}
{"ts":"2026-02-04T13:04:17.279Z","stage":"QID","conaonicalName":"Mojavemys galushai","qid":null,"message":"NO_QID_FOUND_AFTER_ALL_ATTEMPTS","extra":null}
{"ts":"2026-02-04T13:04:18.426Z","stage":"QID","conaonicalName":"Phelosaccomys neomexicanus","qid":null,"message":"NO_QID_FOUND_AFTER_ALL_ATTEMPTS","extra":null}
{"ts":"2026-02-04T13:04:18.441Z","stage":"QID","conaonicalName":"Tenudomys titanus","qid":null,"message":"NO_QID_FOUND_AFTER_ALL_ATTEMPTS","extra":null}
{"ts":"2026-02-04T13:04:18.515Z","stage":"QID","conaonicalName":"Phelosaccomys shotwelli","qid":null,"message":"NO_QID_FOUND_AFTER_ALL_ATTEMPTS","extra":null}
{"ts":"2026-02-04T13:04:19.745Z","stage":"QID","conaonicalName":"Tenudomys macdonaldi","qid":null,"message":"NO_QID_FOUND_AFTER_ALL_ATTEMPTS","extra":null}
{"ts":"2026-02-04T13:04:20.871Z","stage":"QID","conaonicalName":"Entoptychus germannorum","qid":null,"message":"NO_QID_FOUND_AFTER_ALL_ATTEMPTS","extra":null}
{"ts":"2026-02-04T13:04:20.871Z","stage":"QID","conaonicalName":"Tenudomys basilaris","qid":null,"message":"NO_QID_FOUND_AFTER_ALL_ATTEMPTS","extra":null}
{"ts":"2026-02-04T13:04:20.973Z","stage":"QID","conaonicalName":"Entoptychus cavifrons","qid":null,"message":"NO_QID_FOUND_AFTER_ALL_ATTEMPTS","extra":null}
{"ts":"2026-02-04T13:04:22.102Z","stage":"QID","conaonicalName":"Entoptychus lambdoideus","qid":null,"message":"NO_QID_FOUND_AFTER_ALL_ATTEMPTS","extra":null}
{"ts":"2026-02-04T13:04:23.241Z","stage":"QID","conaonicalName":"Entoptychus sheppardi","qid":null,"message":"NO_QID_FOUND_AFTER_ALL_ATTEMPTS","extra":null}
{"ts":"2026-02-04T13:04:23.272Z","stage":"QID","conaonicalName":"Entoptychus crassiramis","qid":null,"message":"NO_QID_FOUND_AFTER_ALL_ATTEMPTS","extra":null}
{"ts":"2026-02-04T13:04:23.287Z","stage":"QID","conaonicalName":"Palustrimus lewisi","qid":null,"message":"NO_QID_FOUND_AFTER_ALL_ATTEMPTS","extra":null}
{"ts":"2026-02-04T13:04:24.557Z","stage":"QID","conaonicalName":"Entoptychus grandiplanus","qid":null,"message":"NO_QID_FOUND_AFTER_ALL_ATTEMPTS","extra":null}
{"ts":"2026-02-04T13:04:25.684Z","stage":"QID","conaonicalName":"Entoptychus transitorius","qid":null,"message":"NO_QID_FOUND_AFTER_ALL_ATTEMPTS","extra":null}
{"ts":"2026-02-04T13:04:25.685Z","stage":"QID","conaonicalName":"Entoptychus planifrons","qid":null,"message":"NO_QID_FOUND_AFTER_ALL_ATTEMPTS","extra":null}
{"ts":"2026-02-04T13:04:25.785Z","stage":"QID","conaonicalName":"Entoptychus basilaris","qid":null,"message":"NO_QID_FOUND_AFTER_ALL_ATTEMPTS","extra":null}
{"ts":"2026-02-04T13:04:26.914Z","stage":"QID","conaonicalName":"Entoptychus fieldsi","qid":null,"message":"NO_QID_FOUND_AFTER_ALL_ATTEMPTS","extra":null}
{"ts":"2026-02-04T13:04:28.043Z","stage":"QID","conaonicalName":"Entoptychus individens","qid":null,"message":"NO_QID_FOUND_AFTER_ALL_ATTEMPTS","extra":null}
{"ts":"2026-02-04T13:04:28.142Z","stage":"QID","conaonicalName":"Entoptychus productidens","qid":null,"message":"NO_QID_FOUND_AFTER_ALL_ATTEMPTS","extra":null}
{"ts":"2026-02-04T13:04:28.142Z","stage":"QID","conaonicalName":"Entoptychus minor","qid":null,"message":"NO_QID_FOUND_AFTER_ALL_ATTEMPTS","extra":null}
{"ts":"2026-02-04T13:04:29.369Z","stage":"QID","conaonicalName":"Entoptychus wheelerensis","qid":null,"message":"NO_QID_FOUND_AFTER_ALL_ATTEMPTS","extra":null}
{"ts":"2026-02-04T13:04:30.511Z","stage":"QID","conaonicalName":"Thomomys orientalis","qid":null,"message":"NO_QID_FOUND_AFTER_ALL_ATTEMPTS","extra":null}
{"ts":"2026-02-04T13:04:34.802Z","stage":"QID","conaonicalName":"Thomomys carsonensis","qid":null,"message":"NO_QID_FOUND_AFTER_ALL_ATTEMPTS","extra":null}
{"ts":"2026-02-04T13:04:36.027Z","stage":"QID","conaonicalName":"Thomomys microdon","qid":null,"message":"NO_QID_FOUND_AFTER_ALL_ATTEMPTS","extra":null}
{"ts":"2026-02-04T13:04:36.246Z","stage":"QID","conaonicalName":"Thomomys gidleyi","qid":null,"message":"NO_QID_FOUND_AFTER_ALL_ATTEMPTS","extra":null}
{"ts":"2026-02-04T13:04:36.332Z","stage":"QID","conaonicalName":"Ziamys tedfordi","qid":null,"message":"NO_QID_FOUND_AFTER_ALL_ATTEMPTS","extra":null}
{"ts":"2026-02-04T13:04:37.170Z","stage":"QID","conaonicalName":"Ziamys hugeni","qid":null,"message":"NO_QID_FOUND_AFTER_ALL_ATTEMPTS","extra":null}
{"ts":"2026-02-04T13:04:38.382Z","stage":"QID","conaonicalName":"Gregorymys douglassi","qid":null,"message":"NO_QID_FOUND_AFTER_ALL_ATTEMPTS","extra":null}
{"ts":"2026-02-04T13:04:38.382Z","stage":"QID","conaonicalName":"Gregorymys larsoni","qid":null,"message":"NO_QID_FOUND_AFTER_ALL_ATTEMPTS","extra":null}
{"ts":"2026-02-04T13:04:38.483Z","stage":"QID","conaonicalName":"Gregorymys riograndensis","qid":null,"message":"NO_QID_FOUND_AFTER_ALL_ATTEMPTS","extra":null}
{"ts":"2026-02-04T13:04:39.611Z","stage":"QID","conaonicalName":"Gregorymys kayi","qid":null,"message":"NO_QID_FOUND_AFTER_ALL_ATTEMPTS","extra":null}
{"ts":"2026-02-04T13:04:40.758Z","stage":"QID","conaonicalName":"Gregorymys riggsi","qid":null,"message":"NO_QID_FOUND_AFTER_ALL_ATTEMPTS","extra":null}
{"ts":"2026-02-04T13:04:40.768Z","stage":"QID","conaonicalName":"Pleurolicus sulcifrons","qid":null,"message":"NO_QID_FOUND_AFTER_ALL_ATTEMPTS","extra":null}
{"ts":"2026-02-04T13:04:40.838Z","stage":"QID","conaonicalName":"Pleurolicus hemingfordensis","qid":null,"message":"NO_QID_FOUND_AFTER_ALL_ATTEMPTS","extra":null}
{"ts":"2026-02-04T13:04:42.007Z","stage":"QID","conaonicalName":"Pleurolicus exiguus","qid":null,"message":"NO_QID_FOUND_AFTER_ALL_ATTEMPTS","extra":null}
{"ts":"2026-02-04T13:04:43.193Z","stage":"QID","conaonicalName":"Pleurolicus dakotensis","qid":null,"message":"NO_QID_FOUND_AFTER_ALL_ATTEMPTS","extra":null}
{"ts":"2026-02-04T13:04:43.193Z","stage":"QID","conaonicalName":"Parapliosaccomys oregonensis","qid":null,"message":"NO_QID_FOUND_AFTER_ALL_ATTEMPTS","extra":null}
{"ts":"2026-02-04T13:04:43.202Z","stage":"QID","conaonicalName":"Cratogeomys bensoni","qid":null,"message":"NO_QID_FOUND_AFTER_ALL_ATTEMPTS","extra":null}
{"ts":"2026-02-04T13:04:44.423Z","stage":"QID","conaonicalName":"Leptodontomys oregonensis","qid":null,"message":"NO_QID_FOUND_AFTER_ALL_ATTEMPTS","extra":null}
{"ts":"2026-02-04T13:04:45.561Z","stage":"QID","conaonicalName":"Metanoiamys korthi","qid":null,"message":"NO_QID_FOUND_AFTER_ALL_ATTEMPTS","extra":null}
{"ts":"2026-02-04T13:04:45.651Z","stage":"QID","conaonicalName":"Metanoiamys marinus","qid":null,"message":"NO_QID_FOUND_AFTER_ALL_ATTEMPTS","extra":null}
{"ts":"2026-02-04T13:04:45.652Z","stage":"QID","conaonicalName":"Metanoiamys agorus","qid":null,"message":"NO_QID_FOUND_AFTER_ALL_ATTEMPTS","extra":null}
{"ts":"2026-02-04T13:04:46.881Z","stage":"QID","conaonicalName":"Aulolithomys vexilliames","qid":null,"message":"NO_QID_FOUND_AFTER_ALL_ATTEMPTS","extra":null}
{"ts":"2026-02-04T13:04:48.007Z","stage":"QID","conaonicalName":"Namatomys lloydi","qid":null,"message":"NO_QID_FOUND_AFTER_ALL_ATTEMPTS","extra":null}
{"ts":"2026-02-04T13:04:48.007Z","stage":"QID","conaonicalName":"Aulolithomys bounites","qid":null,"message":"NO_QID_FOUND_AFTER_ALL_ATTEMPTS","extra":null}
{"ts":"2026-02-04T13:04:48.019Z","stage":"QID","conaonicalName":"Montanamus bjorki","qid":null,"message":"NO_QID_FOUND_AFTER_ALL_ATTEMPTS","extra":null}
{"ts":"2026-02-04T13:04:49.237Z","stage":"QID","conaonicalName":"Yoderimys bumpi","qid":null,"message":"NO_QID_FOUND_AFTER_ALL_ATTEMPTS","extra":null}
{"ts":"2026-02-04T13:04:50.371Z","stage":"QID","conaonicalName":"Yoderimys yarmeri","qid":null,"message":"NO_QID_FOUND_AFTER_ALL_ATTEMPTS","extra":null}
{"ts":"2026-02-04T13:04:50.464Z","stage":"QID","conaonicalName":"Eomyodon mayoi","qid":null,"message":"NO_QID_FOUND_AFTER_ALL_ATTEMPTS","extra":null}
{"ts":"2026-02-04T13:04:50.465Z","stage":"QID","conaonicalName":"Litoyoderimys auogoleus","qid":null,"message":"NO_QID_FOUND_AFTER_ALL_ATTEMPTS","extra":null}
{"ts":"2026-02-04T13:04:51.693Z","stage":"QID","conaonicalName":"Metadjidaumo hendryi","qid":null,"message":"NO_QID_FOUND_AFTER_ALL_ATTEMPTS","extra":null}
{"ts":"2026-02-04T13:04:52.820Z","stage":"QID","conaonicalName":"Zetamys nebraskensis","qid":null,"message":"NO_QID_FOUND_AFTER_ALL_ATTEMPTS","extra":null}
{"ts":"2026-02-04T13:04:52.820Z","stage":"QID","conaonicalName":"Keramidomys reductus","qid":null,"message":"NO_QID_FOUND_AFTER_ALL_ATTEMPTS","extra":null}
{"ts":"2026-02-04T13:04:52.837Z","stage":"QID","conaonicalName":"Keramidomys thaleri","qid":null,"message":"NO_QID_FOUND_AFTER_ALL_ATTEMPTS","extra":null}
{"ts":"2026-02-04T13:04:54.049Z","stage":"QID","conaonicalName":"Keramidomys anwilensis","qid":null,"message":"NO_QID_FOUND_AFTER_ALL_ATTEMPTS","extra":null}
{"ts":"2026-02-04T13:04:55.196Z","stage":"QID","conaonicalName":"Protadjidaumo altilophus","qid":null,"message":"NO_QID_FOUND_AFTER_ALL_ATTEMPTS","extra":null}
{"ts":"2026-02-04T13:04:55.207Z","stage":"QID","conaonicalName":"Protadjidaumo pauli","qid":null,"message":"NO_QID_FOUND_AFTER_ALL_ATTEMPTS","extra":null}
{"ts":"2026-02-04T13:04:55.275Z","stage":"QID","conaonicalName":"Keramidomys mohleri","qid":null,"message":"NO_QID_FOUND_AFTER_ALL_ATTEMPTS","extra":null}
{"ts":"2026-02-04T13:04:56.504Z","stage":"QID","conaonicalName":"Protadjidaumo typus","qid":null,"message":"NO_QID_FOUND_AFTER_ALL_ATTEMPTS","extra":null}
{"ts":"2026-02-04T13:04:57.632Z","stage":"QID","conaonicalName":"Arikareeomys skinneri","qid":null,"message":"NO_QID_FOUND_AFTER_ALL_ATTEMPTS","extra":null}
{"ts":"2026-02-04T13:04:57.643Z","stage":"QID","conaonicalName":"Cupressimus barbarae","qid":null,"message":"NO_QID_FOUND_AFTER_ALL_ATTEMPTS","extra":null}
{"ts":"2026-02-04T13:04:58.862Z","stage":"QID","conaonicalName":"Eomys zitteli","qid":null,"message":"NO_QID_FOUND_AFTER_ALL_ATTEMPTS","extra":null}
{"ts":"2026-02-04T13:04:58.862Z","stage":"QID","conaonicalName":"Eomys alulghensis","qid":null,"message":"NO_QID_FOUND_AFTER_ALL_ATTEMPTS","extra":null}
{"ts":"2026-02-04T13:05:00.089Z","stage":"QID","conaonicalName":"Rhodanomys latens","qid":null,"message":"NO_QID_FOUND_AFTER_ALL_ATTEMPTS","extra":null}
{"ts":"2026-02-04T13:05:01.215Z","stage":"QID","conaonicalName":"Rhodanomys transiens","qid":null,"message":"NO_QID_FOUND_AFTER_ALL_ATTEMPTS","extra":null}
{"ts":"2026-02-04T13:05:01.318Z","stage":"QID","conaonicalName":"Rhodanomys oscensis","qid":null,"message":"NO_QID_FOUND_AFTER_ALL_ATTEMPTS","extra":null}
{"ts":"2026-02-04T13:05:01.522Z","stage":"QID","conaonicalName":"Rhodanomys hugueneyae","qid":null,"message":"NO_QID_FOUND_AFTER_ALL_ATTEMPTS","extra":null}
{"ts":"2026-02-04T13:05:02.446Z","stage":"QID","conaonicalName":"Centimanomys major","qid":null,"message":"NO_QID_FOUND_AFTER_ALL_ATTEMPTS","extra":null}
{"ts":"2026-02-04T13:05:03.676Z","stage":"QID","conaonicalName":"Pseudotheridomys pagei","qid":null,"message":"NO_QID_FOUND_AFTER_ALL_ATTEMPTS","extra":null}
{"ts":"2026-02-04T13:05:03.676Z","stage":"QID","conaonicalName":"Pseudotheridomys hesperus","qid":null,"message":"NO_QID_FOUND_AFTER_ALL_ATTEMPTS","extra":null}
{"ts":"2026-02-04T13:05:03.676Z","stage":"QID","conaonicalName":"Centimanomys galbreathi","qid":null,"message":"NO_QID_FOUND_AFTER_ALL_ATTEMPTS","extra":null}
{"ts":"2026-02-04T13:05:04.902Z","stage":"QID","conaonicalName":"Pseudotheridomys cuyamensis","qid":null,"message":"NO_QID_FOUND_AFTER_ALL_ATTEMPTS","extra":null}
{"ts":"2026-02-04T13:05:06.028Z","stage":"QID","conaonicalName":"Ritteneria molinae","qid":null,"message":"NO_QID_FOUND_AFTER_ALL_ATTEMPTS","extra":null}
{"ts":"2026-02-04T13:05:06.029Z","stage":"QID","conaonicalName":"Kansasimys dubius","qid":null,"message":"NO_QID_FOUND_AFTER_ALL_ATTEMPTS","extra":null}
{"ts":"2026-02-04T13:05:06.130Z","stage":"QID","conaonicalName":"Apeomys tuerkheimae","qid":null,"message":"NO_QID_FOUND_AFTER_ALL_ATTEMPTS","extra":null}
{"ts":"2026-02-04T13:05:10.533Z","stage":"QID","conaonicalName":"Megapeomys lavocati","qid":null,"message":"NO_QID_FOUND_AFTER_ALL_ATTEMPTS","extra":null}
{"ts":"2026-02-04T13:05:11.552Z","stage":"QID","conaonicalName":"Megapeomys lindsayi","qid":null,"message":"NO_QID_FOUND_AFTER_ALL_ATTEMPTS","extra":null}
{"ts":"2026-02-04T13:05:11.685Z","stage":"QID","conaonicalName":"Paradjidaumo validus","qid":null,"message":"NO_QID_FOUND_AFTER_ALL_ATTEMPTS","extra":null}
{"ts":"2026-02-04T13:05:11.865Z","stage":"QID","conaonicalName":"Megapeomys bobwilsoni","qid":null,"message":"NO_QID_FOUND_AFTER_ALL_ATTEMPTS","extra":null}
{"ts":"2026-02-04T13:05:11.865Z","stage":"QID","conaonicalName":"Paradjidaumo spokanensis","qid":null,"message":"NO_QID_FOUND_AFTER_ALL_ATTEMPTS","extra":null}
{"ts":"2026-02-04T13:05:12.720Z","stage":"QID","conaonicalName":"Paradjidaumo reynoldsi","qid":null,"message":"NO_QID_FOUND_AFTER_ALL_ATTEMPTS","extra":null}
{"ts":"2026-02-04T13:05:13.912Z","stage":"QID","conaonicalName":"Paradjidaumo hypsodus","qid":null,"message":"NO_QID_FOUND_AFTER_ALL_ATTEMPTS","extra":null}
{"ts":"2026-02-04T13:05:13.912Z","stage":"QID","conaonicalName":"Viejadjidaumo magniscopuli","qid":null,"message":"NO_QID_FOUND_AFTER_ALL_ATTEMPTS","extra":null}
{"ts":"2026-02-04T13:05:13.923Z","stage":"QID","conaonicalName":"Orelladjidaumo xylodes","qid":null,"message":"NO_QID_FOUND_AFTER_ALL_ATTEMPTS","extra":null}
{"ts":"2026-02-04T13:05:13.989Z","stage":"QID","conaonicalName":"Paradjidaumo alberti","qid":null,"message":"NO_QID_FOUND_AFTER_ALL_ATTEMPTS","extra":null}
{"ts":"2026-02-04T13:05:15.141Z","stage":"QID","conaonicalName":"Florentiamys loomisi","qid":null,"message":"NO_QID_FOUND_AFTER_ALL_ATTEMPTS","extra":null}
{"ts":"2026-02-04T13:05:16.371Z","stage":"QID","conaonicalName":"Florentiamys kinseyi","qid":null,"message":"NO_QID_FOUND_AFTER_ALL_ATTEMPTS","extra":null}
{"ts":"2026-02-04T13:05:16.372Z","stage":"QID","conaonicalName":"Florentiamys agnewi","qid":null,"message":"NO_QID_FOUND_AFTER_ALL_ATTEMPTS","extra":null}
{"ts":"2026-02-04T13:05:16.372Z","stage":"QID","conaonicalName":"Sanctimus simonisi","qid":null,"message":"NO_QID_FOUND_AFTER_ALL_ATTEMPTS","extra":null}
{"ts":"2026-02-04T13:05:16.372Z","stage":"QID","conaonicalName":"Sanctimus stuartae","qid":null,"message":"NO_QID_FOUND_AFTER_ALL_ATTEMPTS","extra":null}
{"ts":"2026-02-04T13:05:17.581Z","stage":"QID","conaonicalName":"Sanctimus falkenbachi","qid":null,"message":"NO_QID_FOUND_AFTER_ALL_ATTEMPTS","extra":null}
{"ts":"2026-02-04T13:05:18.726Z","stage":"QID","conaonicalName":"Sanctimus stouti","qid":null,"message":"NO_QID_FOUND_AFTER_ALL_ATTEMPTS","extra":null}
{"ts":"2026-02-04T13:05:18.726Z","stage":"QID","conaonicalName":"Hitonkala macdonaldtau","qid":null,"message":"NO_QID_FOUND_AFTER_ALL_ATTEMPTS","extra":null}
{"ts":"2026-02-04T13:05:18.726Z","stage":"QID","conaonicalName":"Hitonkala andersontau","qid":null,"message":"NO_QID_FOUND_AFTER_ALL_ATTEMPTS","extra":null}
{"ts":"2026-02-04T13:05:18.827Z","stage":"QID","conaonicalName":"Fanimus ultimus","qid":null,"message":"NO_QID_FOUND_AFTER_ALL_ATTEMPTS","extra":null}
{"ts":"2026-02-04T13:05:19.963Z","stage":"QID","conaonicalName":"Tuscahomys medius","qid":null,"message":"NO_QID_FOUND_AFTER_ALL_ATTEMPTS","extra":null}
{"ts":"2026-02-04T13:05:21.184Z","stage":"QID","conaonicalName":"Tuscahomys major","qid":null,"message":"NO_QID_FOUND_AFTER_ALL_ATTEMPTS","extra":null}
{"ts":"2026-02-04T13:05:21.184Z","stage":"QID","conaonicalName":"Tuscahomys minor","qid":null,"message":"NO_QID_FOUND_AFTER_ALL_ATTEMPTS","extra":null}
{"ts":"2026-02-04T13:05:21.184Z","stage":"QID","conaonicalName":"Pseudocylindrodon texanus","qid":null,"message":"NO_QID_FOUND_AFTER_ALL_ATTEMPTS","extra":null}
{"ts":"2026-02-04T13:05:21.184Z","stage":"QID","conaonicalName":"Pseudocylindrodon medius","qid":null,"message":"NO_QID_FOUND_AFTER_ALL_ATTEMPTS","extra":null}
{"ts":"2026-02-04T13:05:22.405Z","stage":"QID","conaonicalName":"Pseudocylindrodon lateriviae","qid":null,"message":"NO_QID_FOUND_AFTER_ALL_ATTEMPTS","extra":null}
{"ts":"2026-02-04T13:05:23.539Z","stage":"QID","conaonicalName":"Pseudocylindrodon neglectus","qid":null,"message":"NO_QID_FOUND_AFTER_ALL_ATTEMPTS","extra":null}
{"ts":"2026-02-04T13:05:23.539Z","stage":"QID","conaonicalName":"Jaywilsonomys ojinagaensis","qid":null,"message":"NO_QID_FOUND_AFTER_ALL_ATTEMPTS","extra":null}
{"ts":"2026-02-04T13:05:23.540Z","stage":"QID","conaonicalName":"Pseudocylindrodon citofluminis","qid":null,"message":"NO_QID_FOUND_AFTER_ALL_ATTEMPTS","extra":null}
{"ts":"2026-02-04T13:05:23.553Z","stage":"QID","conaonicalName":"Pareumys milleri","qid":null,"message":"NO_QID_FOUND_AFTER_ALL_ATTEMPTS","extra":null}
{"ts":"2026-02-04T13:05:24.771Z","stage":"QID","conaonicalName":"Pareumys troxelli","qid":null,"message":"NO_QID_FOUND_AFTER_ALL_ATTEMPTS","extra":null}
{"ts":"2026-02-04T13:05:25.926Z","stage":"QID","conaonicalName":"Pareumys grangeri","qid":null,"message":"NO_QID_FOUND_AFTER_ALL_ATTEMPTS","extra":null}
{"ts":"2026-02-04T13:05:25.929Z","stage":"QID","conaonicalName":"Mysops fraternus","qid":null,"message":"NO_QID_FOUND_AFTER_ALL_ATTEMPTS","extra":null}
{"ts":"2026-02-04T13:05:25.998Z","stage":"QID","conaonicalName":"Mysops minimus","qid":null,"message":"NO_QID_FOUND_AFTER_ALL_ATTEMPTS","extra":null}
{"ts":"2026-02-04T13:05:25.998Z","stage":"QID","conaonicalName":"Ardynomys occidentalis","qid":null,"message":"NO_QID_FOUND_AFTER_ALL_ATTEMPTS","extra":null}
{"ts":"2026-02-04T13:05:27.168Z","stage":"QID","conaonicalName":"Dawsonomys woodi","qid":null,"message":"NO_QID_FOUND_AFTER_ALL_ATTEMPTS","extra":null}
{"ts":"2026-02-04T13:05:28.353Z","stage":"QID","conaonicalName":"Heterosminthus minutus","qid":null,"message":"NO_QID_FOUND_AFTER_ALL_ATTEMPTS","extra":null}
{"ts":"2026-02-04T13:05:28.353Z","stage":"QID","conaonicalName":"Marfilomys aewoodi","qid":null,"message":"NO_QID_FOUND_AFTER_ALL_ATTEMPTS","extra":null}
{"ts":"2026-02-04T13:05:28.353Z","stage":"QID","conaonicalName":"Simimys landeri","qid":null,"message":"NO_QID_FOUND_AFTER_ALL_ATTEMPTS","extra":null}
{"ts":"2026-02-04T13:05:28.368Z","stage":"QID","conaonicalName":"Sespemys thurstoni","qid":null,"message":"NO_QID_FOUND_AFTER_ALL_ATTEMPTS","extra":null}
{"ts":"2026-02-04T13:05:29.582Z","stage":"QID","conaonicalName":"Brachyscirtetes robustus","qid":null,"message":"NO_QID_FOUND_AFTER_ALL_ATTEMPTS","extra":null}
{"ts":"2026-02-04T13:05:30.723Z","stage":"QID","conaonicalName":"Lophocricetus grabaui","qid":null,"message":"NO_QID_FOUND_AFTER_ALL_ATTEMPTS","extra":null}
{"ts":"2026-02-04T13:05:30.810Z","stage":"QID","conaonicalName":"Protalactaga tungurrensis","qid":null,"message":"NO_QID_FOUND_AFTER_ALL_ATTEMPTS","extra":null}
{"ts":"2026-02-04T13:05:30.810Z","stage":"QID","conaonicalName":"Lophocricetus pusillus","qid":null,"message":"NO_QID_FOUND_AFTER_ALL_ATTEMPTS","extra":null}
{"ts":"2026-02-04T13:05:31.953Z","stage":"QID","conaonicalName":"Protalactaga moghrebiensis","qid":null,"message":"NO_QID_FOUND_AFTER_ALL_ATTEMPTS","extra":null}
{"ts":"2026-02-04T13:05:32.040Z","stage":"QID","conaonicalName":"Protalactaga sefriouii","qid":null,"message":"NO_QID_FOUND_AFTER_ALL_ATTEMPTS","extra":null}
{"ts":"2026-02-04T13:05:33.164Z","stage":"QID","conaonicalName":"Tyrannomys harkseni","qid":null,"message":"NO_QID_FOUND_AFTER_ALL_ATTEMPTS","extra":null}
{"ts":"2026-02-04T13:05:33.172Z","stage":"QID","conaonicalName":"Heosminthus verus","qid":null,"message":"NO_QID_FOUND_AFTER_ALL_ATTEMPTS","extra":null}
{"ts":"2026-02-04T13:05:34.394Z","stage":"QID","conaonicalName":"Macrognathomys gemmacolis","qid":null,"message":"NO_QID_FOUND_AFTER_ALL_ATTEMPTS","extra":null}
{"ts":"2026-02-04T13:05:34.395Z","stage":"QID","conaonicalName":"Megasminthus gladiofex","qid":null,"message":"NO_QID_FOUND_AFTER_ALL_ATTEMPTS","extra":null}
{"ts":"2026-02-04T13:05:34.408Z","stage":"QID","conaonicalName":"Megasminthus tiheni","qid":null,"message":"NO_QID_FOUND_AFTER_ALL_ATTEMPTS","extra":null}
{"ts":"2026-02-04T13:05:35.624Z","stage":"QID","conaonicalName":"Elymys complexus","qid":null,"message":"NO_QID_FOUND_AFTER_ALL_ATTEMPTS","extra":null}
{"ts":"2026-02-04T13:05:35.624Z","stage":"QID","conaonicalName":"Macrognathomys nanus","qid":null,"message":"NO_QID_FOUND_AFTER_ALL_ATTEMPTS","extra":null}
{"ts":"2026-02-04T13:05:36.757Z","stage":"QID","conaonicalName":"Simiacritomys whistleri","qid":null,"message":"NO_QID_FOUND_AFTER_ALL_ATTEMPTS","extra":null}
{"ts":"2026-02-04T13:05:36.851Z","stage":"QID","conaonicalName":"Sicista wangi","qid":null,"message":"NO_QID_FOUND_AFTER_ALL_ATTEMPTS","extra":null}
{"ts":"2026-02-04T13:05:37.981Z","stage":"QID","conaonicalName":"Miosicista angulus","qid":null,"message":"NO_QID_FOUND_AFTER_ALL_ATTEMPTS","extra":null}
{"ts":"2026-02-04T13:05:42.584Z","stage":"QID","conaonicalName":"Zapus burti","qid":null,"message":"NO_QID_FOUND_AFTER_ALL_ATTEMPTS","extra":null}
{"ts":"2026-02-04T13:05:43.814Z","stage":"QID","conaonicalName":"Zapus sandersi","qid":null,"message":"NO_QID_FOUND_AFTER_ALL_ATTEMPTS","extra":null}
{"ts":"2026-02-04T13:05:44.018Z","stage":"QID","conaonicalName":"Plesiosminthus xiningensis","qid":null,"message":"NO_QID_FOUND_AFTER_ALL_ATTEMPTS","extra":null}
{"ts":"2026-02-04T13:05:44.120Z","stage":"QID","conaonicalName":"Plesiosminthus lajeensis","qid":null,"message":"NO_QID_FOUND_AFTER_ALL_ATTEMPTS","extra":null}
{"ts":"2026-02-04T13:05:44.222Z","stage":"QID","conaonicalName":"Zapus sykesae","qid":null,"message":"NO_QID_FOUND_AFTER_ALL_ATTEMPTS","extra":null}
{"ts":"2026-02-04T13:05:45.037Z","stage":"QID","conaonicalName":"Plesiosminthus schaubi","qid":null,"message":"NO_QID_FOUND_AFTER_ALL_ATTEMPTS","extra":null}
{"ts":"2026-02-04T13:05:46.147Z","stage":"QID","conaonicalName":"Plesiosminthus huangshuiensis","qid":null,"message":"NO_QID_FOUND_AFTER_ALL_ATTEMPTS","extra":null}
{"ts":"2026-02-04T13:05:46.157Z","stage":"QID","conaonicalName":"Plesiosminthus myarion","qid":null,"message":"NO_QID_FOUND_AFTER_ALL_ATTEMPTS","extra":null}
{"ts":"2026-02-04T13:05:46.181Z","stage":"QID","conaonicalName":"Protozapus intermedius","qid":null,"message":"NO_QID_FOUND_AFTER_ALL_ATTEMPTS","extra":null}
{"ts":"2026-02-04T13:05:46.270Z","stage":"QID","conaonicalName":"Javazapus weeksi","qid":null,"message":"NO_QID_FOUND_AFTER_ALL_ATTEMPTS","extra":null}
{"ts":"2026-02-04T13:05:47.400Z","stage":"QID","conaonicalName":"Eozapus similis","qid":null,"message":"NO_QID_FOUND_AFTER_ALL_ATTEMPTS","extra":null}
{"ts":"2026-02-04T13:05:48.544Z","stage":"QID","conaonicalName":"Gnomomys saltus","qid":null,"message":"NO_QID_FOUND_AFTER_ALL_ATTEMPTS","extra":null}
{"ts":"2026-02-04T13:05:48.561Z","stage":"QID","conaonicalName":"Muhsinia steffensi","qid":null,"message":"NO_QID_FOUND_AFTER_ALL_ATTEMPTS","extra":null}
{"ts":"2026-02-04T13:05:48.568Z","stage":"QID","conaonicalName":"Copemys barstowensis","qid":null,"message":"NO_QID_FOUND_AFTER_ALL_ATTEMPTS","extra":null}
{"ts":"2026-02-04T13:05:48.627Z","stage":"QID","conaonicalName":"Copemys lindsayi","qid":null,"message":"NO_QID_FOUND_AFTER_ALL_ATTEMPTS","extra":null}
{"ts":"2026-02-04T13:05:49.856Z","stage":"QID","conaonicalName":"Copemys mariae","qid":null,"message":"NO_QID_FOUND_AFTER_ALL_ATTEMPTS","extra":null}
{"ts":"2026-02-04T13:05:50.981Z","stage":"QID","conaonicalName":"Copemys esmeraldensis","qid":null,"message":"NO_QID_FOUND_AFTER_ALL_ATTEMPTS","extra":null}
{"ts":"2026-02-04T13:05:50.981Z","stage":"QID","conaonicalName":"Copemys pisinnus","qid":null,"message":"NO_QID_FOUND_AFTER_ALL_ATTEMPTS","extra":null}
{"ts":"2026-02-04T13:05:50.981Z","stage":"QID","conaonicalName":"Ophiomys magilli","qid":null,"message":"NO_QID_FOUND_AFTER_ALL_ATTEMPTS","extra":null}
{"ts":"2026-02-04T13:05:50.988Z","stage":"QID","conaonicalName":"Copemys tenuis","qid":null,"message":"NO_QID_FOUND_AFTER_ALL_ATTEMPTS","extra":null}
{"ts":"2026-02-04T13:05:52.212Z","stage":"QID","conaonicalName":"Cosomys primus","qid":null,"message":"NO_QID_FOUND_AFTER_ALL_ATTEMPTS","extra":null}
{"ts":"2026-02-04T13:05:53.440Z","stage":"QID","conaonicalName":"Mimomys panacaensis","qid":null,"message":"NO_QID_FOUND_AFTER_ALL_ATTEMPTS","extra":null}
{"ts":"2026-02-04T13:05:53.440Z","stage":"QID","conaonicalName":"Ophiomys fricki","qid":null,"message":"NO_QID_FOUND_AFTER_ALL_ATTEMPTS","extra":null}
{"ts":"2026-02-04T13:05:53.440Z","stage":"QID","conaonicalName":"Mimomys occitanus","qid":null,"message":"NO_QID_FOUND_AFTER_ALL_ATTEMPTS","extra":null}
{"ts":"2026-02-04T13:05:54.669Z","stage":"QID","conaonicalName":"Mimomys dakotaensis","qid":null,"message":"NO_QID_FOUND_AFTER_ALL_ATTEMPTS","extra":null}
{"ts":"2026-02-04T13:05:55.795Z","stage":"QID","conaonicalName":"Karydomys boskosi","qid":null,"message":"NO_QID_FOUND_AFTER_ALL_ATTEMPTS","extra":null}
{"ts":"2026-02-04T13:05:55.811Z","stage":"QID","conaonicalName":"Mimomys virginianus","qid":null,"message":"NO_QID_FOUND_AFTER_ALL_ATTEMPTS","extra":null}
{"ts":"2026-02-04T13:05:57.027Z","stage":"QID","conaonicalName":"Aratomys multifidus","qid":null,"message":"NO_QID_FOUND_AFTER_ALL_ATTEMPTS","extra":null}
{"ts":"2026-02-04T13:05:58.163Z","stage":"QID","conaonicalName":"Pseudomyscus bathygnathus","qid":null,"message":"NO_QID_FOUND_AFTER_ALL_ATTEMPTS","extra":null}
{"ts":"2026-02-04T13:05:58.163Z","stage":"QID","conaonicalName":"Aratomys bilikeensis","qid":null,"message":"NO_QID_FOUND_AFTER_ALL_ATTEMPTS","extra":null}
{"ts":"2026-02-04T13:05:58.253Z","stage":"QID","conaonicalName":"Nannocricetus mongolicus","qid":null,"message":"NO_QID_FOUND_AFTER_ALL_ATTEMPTS","extra":null}
{"ts":"2026-02-04T13:05:58.253Z","stage":"QID","conaonicalName":"Jacobsomys verdensis","qid":null,"message":"NO_QID_FOUND_AFTER_ALL_ATTEMPTS","extra":null}
{"ts":"2026-02-04T13:05:59.482Z","stage":"QID","conaonicalName":"Paramicrotoscoptes hibbardi","qid":null,"message":"NO_QID_FOUND_AFTER_ALL_ATTEMPTS","extra":null}
{"ts":"2026-02-04T13:06:00.608Z","stage":"QID","conaonicalName":"Eumys parvidens","qid":null,"message":"NO_QID_FOUND_AFTER_ALL_ATTEMPTS","extra":null}
{"ts":"2026-02-04T13:06:00.614Z","stage":"QID","conaonicalName":"Aktaumys dzhungaricus","qid":null,"message":"NO_QID_FOUND_AFTER_ALL_ATTEMPTS","extra":null}
{"ts":"2026-02-04T13:06:01.836Z","stage":"QID","conaonicalName":"Paronychomys lemredfieldi","qid":null,"message":"NO_QID_FOUND_AFTER_ALL_ATTEMPTS","extra":null}
{"ts":"2026-02-04T13:06:01.837Z","stage":"QID","conaonicalName":"Eumys brachyodus","qid":null,"message":"NO_QID_FOUND_AFTER_ALL_ATTEMPTS","extra":null}
{"ts":"2026-02-04T13:06:02.971Z","stage":"QID","conaonicalName":"Paronychomys tuttlei","qid":null,"message":"NO_QID_FOUND_AFTER_ALL_ATTEMPTS","extra":null}
{"ts":"2026-02-04T13:06:03.065Z","stage":"QID","conaonicalName":"Paronychomys alticuspis","qid":null,"message":"NO_QID_FOUND_AFTER_ALL_ATTEMPTS","extra":null}
{"ts":"2026-02-04T13:06:03.066Z","stage":"QID","conaonicalName":"Cricetodon rhodanicus","qid":null,"message":"NO_QID_FOUND_AFTER_ALL_ATTEMPTS","extra":null}
{"ts":"2026-02-04T13:06:04.200Z","stage":"QID","conaonicalName":"Deperetomys anatolicus","qid":null,"message":"NO_QID_FOUND_AFTER_ALL_ATTEMPTS","extra":null}
{"ts":"2026-02-04T13:06:04.293Z","stage":"QID","conaonicalName":"Deperetomys intermedia","qid":null,"message":"NO_QID_FOUND_AFTER_ALL_ATTEMPTS","extra":null}
{"ts":"2026-02-04T13:06:05.422Z","stage":"QID","conaonicalName":"Byzantinia nikosi","qid":null,"message":"NO_QID_FOUND_AFTER_ALL_ATTEMPTS","extra":null}
{"ts":"2026-02-04T13:06:05.422Z","stage":"QID","conaonicalName":"Byzantinia pikermiensis","qid":null,"message":"NO_QID_FOUND_AFTER_ALL_ATTEMPTS","extra":null}
{"ts":"2026-02-04T13:06:05.427Z","stage":"QID","conaonicalName":"Byzantinia dardanellensis","qid":null,"message":"NO_QID_FOUND_AFTER_ALL_ATTEMPTS","extra":null}
{"ts":"2026-02-04T13:06:06.600Z","stage":"QID","conaonicalName":"Byzantinia ozansoyi","qid":null,"message":"NO_QID_FOUND_AFTER_ALL_ATTEMPTS","extra":null}
{"ts":"2026-02-04T13:06:06.650Z","stage":"QID","conaonicalName":"Byzantinia bayraktepensis","qid":null,"message":"NO_QID_FOUND_AFTER_ALL_ATTEMPTS","extra":null}
{"ts":"2026-02-04T13:06:07.775Z","stage":"QID","conaonicalName":"Ruscinomys europaeus","qid":null,"message":"NO_QID_FOUND_AFTER_ALL_ATTEMPTS","extra":null}
{"ts":"2026-02-04T13:06:07.878Z","stage":"QID","conaonicalName":"Adelomyarion vireti","qid":null,"message":"NO_QID_FOUND_AFTER_ALL_ATTEMPTS","extra":null}
{"ts":"2026-02-04T13:06:07.879Z","stage":"QID","conaonicalName":"Ruscinomys lasallei","qid":null,"message":"NO_QID_FOUND_AFTER_ALL_ATTEMPTS","extra":null}
{"ts":"2026-02-04T13:06:09.087Z","stage":"QID","conaonicalName":"Ruscinomys hellenicus","qid":null,"message":"NO_QID_FOUND_AFTER_ALL_ATTEMPTS","extra":null}
{"ts":"2026-02-04T13:06:09.105Z","stage":"QID","conaonicalName":"Cricetodon aliveriensis","qid":null,"message":"NO_QID_FOUND_AFTER_ALL_ATTEMPTS","extra":null}
{"ts":"2026-02-04T13:06:13.486Z","stage":"QID","conaonicalName":"Cricetodon kasapligili","qid":null,"message":"NO_QID_FOUND_AFTER_ALL_ATTEMPTS","extra":null}
{"ts":"2026-02-04T13:06:14.647Z","stage":"QID","conaonicalName":"Cricetodon schaubii","qid":null,"message":"NO_QID_FOUND_AFTER_ALL_ATTEMPTS","extra":null}
{"ts":"2026-02-04T13:06:14.753Z","stage":"QID","conaonicalName":"Cricetodon meini","qid":null,"message":"NO_QID_FOUND_AFTER_ALL_ATTEMPTS","extra":null}
{"ts":"2026-02-04T13:06:14.755Z","stage":"QID","conaonicalName":"Cricetodon aureus","qid":null,"message":"NO_QID_FOUND_AFTER_ALL_ATTEMPTS","extra":null}
{"ts":"2026-02-04T13:06:14.844Z","stage":"QID","conaonicalName":"Cricetodon jotae","qid":null,"message":"NO_QID_FOUND_AFTER_ALL_ATTEMPTS","extra":null}
{"ts":"2026-02-04T13:06:16.992Z","stage":"QID","conaonicalName":"Cricetodon albanensis","qid":null,"message":"NO_QID_FOUND_AFTER_ALL_ATTEMPTS","extra":null}
{"ts":"2026-02-04T13:06:16.992Z","stage":"QID","conaonicalName":"Cricetodon jumaensis","qid":null,"message":"NO_QID_FOUND_AFTER_ALL_ATTEMPTS","extra":null}
{"ts":"2026-02-04T13:06:16.992Z","stage":"QID","conaonicalName":"Cricetodon caucasicus","qid":null,"message":"NO_QID_FOUND_AFTER_ALL_ATTEMPTS","extra":null}
{"ts":"2026-02-04T13:06:17.022Z","stage":"QID","conaonicalName":"Cricetodon lavocati","qid":null,"message":"NO_QID_FOUND_AFTER_ALL_ATTEMPTS","extra":null}
{"ts":"2026-02-04T13:06:17.195Z","stage":"QID","conaonicalName":"Cricetodon sansaniensis","qid":null,"message":"NO_QID_FOUND_AFTER_ALL_ATTEMPTS","extra":null}
{"ts":"2026-02-04T13:06:19.450Z","stage":"QID","conaonicalName":"Cricetodon decedens","qid":null,"message":"NO_QID_FOUND_AFTER_ALL_ATTEMPTS","extra":null}
{"ts":"2026-02-04T13:06:19.450Z","stage":"QID","conaonicalName":"Cricetodon versteegi","qid":null,"message":"NO_QID_FOUND_AFTER_ALL_ATTEMPTS","extra":null}
{"ts":"2026-02-04T13:06:19.450Z","stage":"QID","conaonicalName":"Hispanomys daamsi","qid":null,"message":"NO_QID_FOUND_AFTER_ALL_ATTEMPTS","extra":null}
{"ts":"2026-02-04T13:06:19.450Z","stage":"QID","conaonicalName":"Cricetodon lusitanicus","qid":null,"message":"NO_QID_FOUND_AFTER_ALL_ATTEMPTS","extra":null}
{"ts":"2026-02-04T13:06:19.450Z","stage":"QID","conaonicalName":"Cricetodon aragonensis","qid":null,"message":"NO_QID_FOUND_AFTER_ALL_ATTEMPTS","extra":null}
{"ts":"2026-02-04T13:06:21.804Z","stage":"QID","conaonicalName":"Megacricetodon lappi","qid":null,"message":"NO_QID_FOUND_AFTER_ALL_ATTEMPTS","extra":null}
{"ts":"2026-02-04T13:06:21.804Z","stage":"QID","conaonicalName":"Cricetodon nombrevillae","qid":null,"message":"NO_QID_FOUND_AFTER_ALL_ATTEMPTS","extra":null}
{"ts":"2026-02-04T13:06:21.804Z","stage":"QID","conaonicalName":"Hispanomys dispectus","qid":null,"message":"NO_QID_FOUND_AFTER_ALL_ATTEMPTS","extra":null}
{"ts":"2026-02-04T13:06:21.906Z","stage":"QID","conaonicalName":"Cricetodon bijugatus","qid":null,"message":"NO_QID_FOUND_AFTER_ALL_ATTEMPTS","extra":null}
{"ts":"2026-02-04T13:06:26.615Z","stage":"QID","conaonicalName":"Fahlbuschia darocensis","qid":null,"message":"NO_QID_FOUND_AFTER_ALL_ATTEMPTS","extra":null}
{"ts":"2026-02-04T13:06:26.615Z","stage":"QID","conaonicalName":"Fahlbuschia larteti","qid":null,"message":"NO_QID_FOUND_AFTER_ALL_ATTEMPTS","extra":null}
{"ts":"2026-02-04T13:06:26.616Z","stage":"QID","conaonicalName":"Fahlbuschia koenigswaldi","qid":null,"message":"NO_QID_FOUND_AFTER_ALL_ATTEMPTS","extra":null}
{"ts":"2026-02-04T13:06:26.719Z","stage":"QID","conaonicalName":"Spanocricetodon ningensis","qid":null,"message":"NO_QID_FOUND_AFTER_ALL_ATTEMPTS","extra":null}
{"ts":"2026-02-04T13:06:27.847Z","stage":"QID","conaonicalName":"Mixocricetodon dehmi","qid":null,"message":"NO_QID_FOUND_AFTER_ALL_ATTEMPTS","extra":null}
{"ts":"2026-02-04T13:06:28.989Z","stage":"QID","conaonicalName":"Bensonomys lindsayi","qid":null,"message":"NO_QID_FOUND_AFTER_ALL_ATTEMPTS","extra":null}
{"ts":"2026-02-04T13:06:28.995Z","stage":"QID","conaonicalName":"Calomys yazhi","qid":null,"message":"NO_QID_FOUND_AFTER_ALL_ATTEMPTS","extra":null}
{"ts":"2026-02-04T13:06:28.996Z","stage":"QID","conaonicalName":"Calomys baskini","qid":null,"message":"NO_QID_FOUND_AFTER_ALL_ATTEMPTS","extra":null}
{"ts":"2026-02-04T13:06:29.073Z","stage":"QID","conaonicalName":"Calomys elachys","qid":null,"message":"NO_QID_FOUND_AFTER_ALL_ATTEMPTS","extra":null}
{"ts":"2026-02-04T13:06:30.303Z","stage":"QID","conaonicalName":"Calomys gidleyi","qid":null,"message":"NO_QID_FOUND_AFTER_ALL_ATTEMPTS","extra":null}
{"ts":"2026-02-04T13:06:31.430Z","stage":"QID","conaonicalName":"Sigmodon curtisi","qid":null,"message":"NO_QID_FOUND_AFTER_ALL_ATTEMPTS","extra":null}
{"ts":"2026-02-04T13:06:31.430Z","stage":"QID","conaonicalName":"Calomys winklerorum","qid":null,"message":"NO_QID_FOUND_AFTER_ALL_ATTEMPTS","extra":null}
{"ts":"2026-02-04T13:06:31.430Z","stage":"QID","conaonicalName":"Sigmodon libitinus","qid":null,"message":"NO_QID_FOUND_AFTER_ALL_ATTEMPTS","extra":null}
{"ts":"2026-02-04T13:06:31.531Z","stage":"QID","conaonicalName":"Bensonomys hershkovitzi","qid":null,"message":"NO_QID_FOUND_AFTER_ALL_ATTEMPTS","extra":null}
{"ts":"2026-02-04T13:06:32.660Z","stage":"QID","conaonicalName":"Sigmodon minor","qid":null,"message":"NO_QID_FOUND_AFTER_ALL_ATTEMPTS","extra":null}
{"ts":"2026-02-04T13:06:33.796Z","stage":"QID","conaonicalName":"Sigmodon atavus","qid":null,"message":"NO_QID_FOUND_AFTER_ALL_ATTEMPTS","extra":null}
{"ts":"2026-02-04T13:06:33.802Z","stage":"QID","conaonicalName":"Sigmodon lindsayi","qid":null,"message":"NO_QID_FOUND_AFTER_ALL_ATTEMPTS","extra":null}
{"ts":"2026-02-04T13:06:33.887Z","stage":"QID","conaonicalName":"Sigmodon bakeri","qid":null,"message":"NO_QID_FOUND_AFTER_ALL_ATTEMPTS","extra":null}
{"ts":"2026-02-04T13:06:33.887Z","stage":"QID","conaonicalName":"Sigmodon hudspethensis","qid":null,"message":"NO_QID_FOUND_AFTER_ALL_ATTEMPTS","extra":null}
{"ts":"2026-02-04T13:06:35.116Z","stage":"QID","conaonicalName":"Prosigmodon ferrusquiai","qid":null,"message":"NO_QID_FOUND_AFTER_ALL_ATTEMPTS","extra":null}
{"ts":"2026-02-04T13:06:36.243Z","stage":"QID","conaonicalName":"Democricetodon gaillardi","qid":null,"message":"NO_QID_FOUND_AFTER_ALL_ATTEMPTS","extra":null}
{"ts":"2026-02-04T13:06:36.243Z","stage":"QID","conaonicalName":"Democricetodon affinis","qid":null,"message":"NO_QID_FOUND_AFTER_ALL_ATTEMPTS","extra":null}
{"ts":"2026-02-04T13:06:36.243Z","stage":"QID","conaonicalName":"Prosigmodon holocuspis","qid":null,"message":"NO_QID_FOUND_AFTER_ALL_ATTEMPTS","extra":null}
{"ts":"2026-02-04T13:06:36.252Z","stage":"QID","conaonicalName":"Prosigmodon chihuahuensis","qid":null,"message":"NO_QID_FOUND_AFTER_ALL_ATTEMPTS","extra":null}
{"ts":"2026-02-04T13:06:37.472Z","stage":"QID","conaonicalName":"Democricetodon similis","qid":null,"message":"NO_QID_FOUND_AFTER_ALL_ATTEMPTS","extra":null}
{"ts":"2026-02-04T13:06:38.620Z","stage":"QID","conaonicalName":"Democricetodon brevis","qid":null,"message":"NO_QID_FOUND_AFTER_ALL_ATTEMPTS","extra":null}
{"ts":"2026-02-04T13:06:38.698Z","stage":"QID","conaonicalName":"Democricetodon franconicus","qid":null,"message":"NO_QID_FOUND_AFTER_ALL_ATTEMPTS","extra":null}
{"ts":"2026-02-04T13:06:43.314Z","stage":"QID","conaonicalName":"Democricetodon hispanicus","qid":null,"message":"NO_QID_FOUND_AFTER_ALL_ATTEMPTS","extra":null}
{"ts":"2026-02-04T13:06:44.535Z","stage":"QID","conaonicalName":"Democricetodon sulcatus","qid":null,"message":"NO_QID_FOUND_AFTER_ALL_ATTEMPTS","extra":null}
{"ts":"2026-02-04T13:06:44.747Z","stage":"QID","conaonicalName":"Democricetodon crassus","qid":null,"message":"NO_QID_FOUND_AFTER_ALL_ATTEMPTS","extra":null}
{"ts":"2026-02-04T13:06:44.842Z","stage":"QID","conaonicalName":"Democricetodon freisingensis","qid":null,"message":"NO_QID_FOUND_AFTER_ALL_ATTEMPTS","extra":null}
{"ts":"2026-02-04T13:06:45.754Z","stage":"QID","conaonicalName":"Democricetodon romieviensis","qid":null,"message":"NO_QID_FOUND_AFTER_ALL_ATTEMPTS","extra":null}
{"ts":"2026-02-04T13:06:46.891Z","stage":"QID","conaonicalName":"Repomys arizonensis","qid":null,"message":"NO_QID_FOUND_AFTER_ALL_ATTEMPTS","extra":null}
{"ts":"2026-02-04T13:06:46.892Z","stage":"QID","conaonicalName":"Democricetodon minor gracilis","qid":null,"message":"NO_QID_FOUND_AFTER_ALL_ATTEMPTS","extra":null}
{"ts":"2026-02-04T13:06:46.892Z","stage":"QID","conaonicalName":"Repomys panacaensis","qid":null,"message":"NO_QID_FOUND_AFTER_ALL_ATTEMPTS","extra":null}
{"ts":"2026-02-04T13:06:46.961Z","stage":"QID","conaonicalName":"Democricetodon vindoboniensis","qid":null,"message":"NO_QID_FOUND_AFTER_ALL_ATTEMPTS","extra":null}
{"ts":"2026-02-04T13:06:48.135Z","stage":"QID","conaonicalName":"Repomys maxumi","qid":null,"message":"NO_QID_FOUND_AFTER_ALL_ATTEMPTS","extra":null}
{"ts":"2026-02-04T13:06:49.282Z","stage":"QID","conaonicalName":"Symmetrodontomys daamsi","qid":null,"message":"NO_QID_FOUND_AFTER_ALL_ATTEMPTS","extra":null}
{"ts":"2026-02-04T13:06:49.347Z","stage":"QID","conaonicalName":"Goniodontomys disjunctus","qid":null,"message":"NO_QID_FOUND_AFTER_ALL_ATTEMPTS","extra":null}
{"ts":"2026-02-04T13:06:49.348Z","stage":"QID","conaonicalName":"Symmetrodontomys simplicidens","qid":null,"message":"NO_QID_FOUND_AFTER_ALL_ATTEMPTS","extra":null}
{"ts":"2026-02-04T13:06:50.579Z","stage":"QID","conaonicalName":"Abelmoschomys simpsoni","qid":null,"message":"NO_QID_FOUND_AFTER_ALL_ATTEMPTS","extra":null}
{"ts":"2026-02-04T13:06:51.709Z","stage":"QID","conaonicalName":"Edirnella kempeni","qid":null,"message":"NO_QID_FOUND_AFTER_ALL_ATTEMPTS","extra":null}
{"ts":"2026-02-04T13:06:51.709Z","stage":"QID","conaonicalName":"Edirnella sinani","qid":null,"message":"NO_QID_FOUND_AFTER_ALL_ATTEMPTS","extra":null}
{"ts":"2026-02-04T13:06:51.710Z","stage":"QID","conaonicalName":"Melissiodon emmerichi","qid":null,"message":"NO_QID_FOUND_AFTER_ALL_ATTEMPTS","extra":null}
{"ts":"2026-02-04T13:06:51.806Z","stage":"QID","conaonicalName":"Melissiodon schaubi","qid":null,"message":"NO_QID_FOUND_AFTER_ALL_ATTEMPTS","extra":null}
{"ts":"2026-02-04T13:06:52.947Z","stage":"QID","conaonicalName":"Melissiodon bernlochensis","qid":null,"message":"NO_QID_FOUND_AFTER_ALL_ATTEMPTS","extra":null}
{"ts":"2026-02-04T13:06:54.081Z","stage":"QID","conaonicalName":"Melissiodon arambourgi","qid":null,"message":"NO_QID_FOUND_AFTER_ALL_ATTEMPTS","extra":null}
{"ts":"2026-02-04T13:06:54.085Z","stage":"QID","conaonicalName":"Melissiodon dominans","qid":null,"message":"NO_QID_FOUND_AFTER_ALL_ATTEMPTS","extra":null}
{"ts":"2026-02-04T13:06:54.161Z","stage":"QID","conaonicalName":"Melissiodon schroderi","qid":null,"message":"NO_QID_FOUND_AFTER_ALL_ATTEMPTS","extra":null}
{"ts":"2026-02-04T13:06:54.162Z","stage":"QID","conaonicalName":"Melissiodon schalki","qid":null,"message":"NO_QID_FOUND_AFTER_ALL_ATTEMPTS","extra":null}
{"ts":"2026-02-04T13:06:55.391Z","stage":"QID","conaonicalName":"Melissiodon schlosseri","qid":null,"message":"NO_QID_FOUND_AFTER_ALL_ATTEMPTS","extra":null}
{"ts":"2026-02-04T13:06:56.516Z","stage":"QID","conaonicalName":"Melissiodon chatticum","qid":null,"message":"NO_QID_FOUND_AFTER_ALL_ATTEMPTS","extra":null}
{"ts":"2026-02-04T13:06:56.516Z","stage":"QID","conaonicalName":"Melissiodon quercyi","qid":null,"message":"NO_QID_FOUND_AFTER_ALL_ATTEMPTS","extra":null}
{"ts":"2026-02-04T13:06:56.516Z","stage":"QID","conaonicalName":"Heterocricetodon landroveri","qid":null,"message":"NO_QID_FOUND_AFTER_ALL_ATTEMPTS","extra":null}
{"ts":"2026-02-04T13:06:56.619Z","stage":"QID","conaonicalName":"Heterocricetodon stehlini","qid":null,"message":"NO_QID_FOUND_AFTER_ALL_ATTEMPTS","extra":null}
{"ts":"2026-02-04T13:06:57.756Z","stage":"QID","conaonicalName":"Heterocricetodon helbingi","qid":null,"message":"NO_QID_FOUND_AFTER_ALL_ATTEMPTS","extra":null}
{"ts":"2026-02-04T13:06:58.891Z","stage":"QID","conaonicalName":"Atavocricetodon paaliensis","qid":null,"message":"NO_QID_FOUND_AFTER_ALL_ATTEMPTS","extra":null}
{"ts":"2026-02-04T13:06:58.903Z","stage":"QID","conaonicalName":"Heterocricetodon schlosseri","qid":null,"message":"NO_QID_FOUND_AFTER_ALL_ATTEMPTS","extra":null}
{"ts":"2026-02-04T13:06:58.909Z","stage":"QID","conaonicalName":"Heterocricetodon hausi","qid":null,"message":"NO_QID_FOUND_AFTER_ALL_ATTEMPTS","extra":null}
{"ts":"2026-02-04T13:06:58.973Z","stage":"QID","conaonicalName":"Eucricetodon kurthi","qid":null,"message":"NO_QID_FOUND_AFTER_ALL_ATTEMPTS","extra":null}
{"ts":"2026-02-04T13:07:00.204Z","stage":"QID","conaonicalName":"Atavocricetodon minusculus","qid":null,"message":"NO_QID_FOUND_AFTER_ALL_ATTEMPTS","extra":null}
{"ts":"2026-02-04T13:07:01.330Z","stage":"QID","conaonicalName":"Atavocricetodon atavoides","qid":null,"message":"NO_QID_FOUND_AFTER_ALL_ATTEMPTS","extra":null}
{"ts":"2026-02-04T13:07:01.330Z","stage":"QID","conaonicalName":"Atavocricetodon nanoides","qid":null,"message":"NO_QID_FOUND_AFTER_ALL_ATTEMPTS","extra":null}
{"ts":"2026-02-04T13:07:01.330Z","stage":"QID","conaonicalName":"Eucricetodon longidens","qid":null,"message":"NO_QID_FOUND_AFTER_ALL_ATTEMPTS","extra":null}
{"ts":"2026-02-04T13:07:01.432Z","stage":"QID","conaonicalName":"Atavocricetodon hugueneyae","qid":null,"message":"NO_QID_FOUND_AFTER_ALL_ATTEMPTS","extra":null}
{"ts":"2026-02-04T13:07:02.559Z","stage":"QID","conaonicalName":"Eucricetodon youngi","qid":null,"message":"NO_QID_FOUND_AFTER_ALL_ATTEMPTS","extra":null}
{"ts":"2026-02-04T13:07:03.697Z","stage":"QID","conaonicalName":"Eucricetodon collatum","qid":null,"message":"NO_QID_FOUND_AFTER_ALL_ATTEMPTS","extra":null}
{"ts":"2026-02-04T13:07:03.787Z","stage":"QID","conaonicalName":"Eucricetodon infralactorensis","qid":null,"message":"NO_QID_FOUND_AFTER_ALL_ATTEMPTS","extra":null}
{"ts":"2026-02-04T13:07:03.787Z","stage":"QID","conaonicalName":"Eucricetodon gerandianus","qid":null,"message":"NO_QID_FOUND_AFTER_ALL_ATTEMPTS","extra":null}
{"ts":"2026-02-04T13:07:03.788Z","stage":"QID","conaonicalName":"Eucricetodon martinensis","qid":null,"message":"NO_QID_FOUND_AFTER_ALL_ATTEMPTS","extra":null}
{"ts":"2026-02-04T13:07:05.018Z","stage":"QID","conaonicalName":"Eucricetodon aquitanicus","qid":null,"message":"NO_QID_FOUND_AFTER_ALL_ATTEMPTS","extra":null}
{"ts":"2026-02-04T13:07:06.142Z","stage":"QID","conaonicalName":"Pliophenacomys osborni","qid":null,"message":"NO_QID_FOUND_AFTER_ALL_ATTEMPTS","extra":null}
{"ts":"2026-02-04T13:07:06.143Z","stage":"QID","conaonicalName":"Pliophenacomys finneyi","qid":null,"message":"NO_QID_FOUND_AFTER_ALL_ATTEMPTS","extra":null}
{"ts":"2026-02-04T13:07:06.143Z","stage":"QID","conaonicalName":"Pliophenacomys koenigswaldi","qid":null,"message":"NO_QID_FOUND_AFTER_ALL_ATTEMPTS","extra":null}
{"ts":"2026-02-04T13:07:06.244Z","stage":"QID","conaonicalName":"Pliophenacomys dixonensis","qid":null,"message":"NO_QID_FOUND_AFTER_ALL_ATTEMPTS","extra":null}
{"ts":"2026-02-04T13:07:07.372Z","stage":"QID","conaonicalName":"Lartetomys zapfei","qid":null,"message":"NO_QID_FOUND_AFTER_ALL_ATTEMPTS","extra":null}
{"ts":"2026-02-04T13:07:08.512Z","stage":"QID","conaonicalName":"Lartetomys mirabilis","qid":null,"message":"NO_QID_FOUND_AFTER_ALL_ATTEMPTS","extra":null}
{"ts":"2026-02-04T13:07:08.513Z","stage":"QID","conaonicalName":"Eumyarion latior","qid":null,"message":"NO_QID_FOUND_AFTER_ALL_ATTEMPTS","extra":null}
{"ts":"2026-02-04T13:07:08.599Z","stage":"QID","conaonicalName":"Eumyarion orhani","qid":null,"message":"NO_QID_FOUND_AFTER_ALL_ATTEMPTS","extra":null}
{"ts":"2026-02-04T13:07:08.600Z","stage":"QID","conaonicalName":"Eumyarion medius","qid":null,"message":"NO_QID_FOUND_AFTER_ALL_ATTEMPTS","extra":null}
{"ts":"2026-02-04T13:07:10.955Z","stage":"QID","conaonicalName":"Eumyarion weinfurteri","qid":null,"message":"NO_QID_FOUND_AFTER_ALL_ATTEMPTS","extra":null}
{"ts":"2026-02-04T13:07:10.955Z","stage":"QID","conaonicalName":"Eumyarion leemanni","qid":null,"message":"NO_QID_FOUND_AFTER_ALL_ATTEMPTS","extra":null}
{"ts":"2026-02-04T13:07:10.955Z","stage":"QID","conaonicalName":"Neofiber leonardi","qid":null,"message":"NO_QID_FOUND_AFTER_ALL_ATTEMPTS","extra":null}
{"ts":"2026-02-04T13:07:10.961Z","stage":"QID","conaonicalName":"Paracricetodon dehmi","qid":null,"message":"NO_QID_FOUND_AFTER_ALL_ATTEMPTS","extra":null}
{"ts":"2026-02-04T13:07:15.363Z","stage":"QID","conaonicalName":"Paracricetodon wentgesi","qid":null,"message":"NO_QID_FOUND_AFTER_ALL_ATTEMPTS","extra":null}
{"ts":"2026-02-04T13:07:16.588Z","stage":"QID","conaonicalName":"Paracricetodon walgeri","qid":null,"message":"NO_QID_FOUND_AFTER_ALL_ATTEMPTS","extra":null}
{"ts":"2026-02-04T13:07:16.702Z","stage":"QID","conaonicalName":"Scottimus viduus","qid":null,"message":"NO_QID_FOUND_AFTER_ALL_ATTEMPTS","extra":null}
{"ts":"2026-02-04T13:07:16.791Z","stage":"QID","conaonicalName":"Scottimus lophatus","qid":null,"message":"NO_QID_FOUND_AFTER_ALL_ATTEMPTS","extra":null}
{"ts":"2026-02-04T13:07:16.792Z","stage":"QID","conaonicalName":"Paracricetodon cadurcensis","qid":null,"message":"NO_QID_FOUND_AFTER_ALL_ATTEMPTS","extra":null}
{"ts":"2026-02-04T13:07:16.895Z","stage":"QID","conaonicalName":"Scottimus kellamorum","qid":null,"message":"NO_QID_FOUND_AFTER_ALL_ATTEMPTS","extra":null}
{"ts":"2026-02-04T13:07:17.725Z","stage":"QID","conaonicalName":"Scottimus longiquus","qid":null,"message":"NO_QID_FOUND_AFTER_ALL_ATTEMPTS","extra":null}
{"ts":"2026-02-04T13:07:18.942Z","stage":"QID","conaonicalName":"Sinocricetus zdanskyi","qid":null,"message":"NO_QID_FOUND_AFTER_ALL_ATTEMPTS","extra":null}
{"ts":"2026-02-04T13:07:18.942Z","stage":"QID","conaonicalName":"Scottimus ambiguus","qid":null,"message":"NO_QID_FOUND_AFTER_ALL_ATTEMPTS","extra":null}
{"ts":"2026-02-04T13:07:18.942Z","stage":"QID","conaonicalName":"Sinocricetus progressus","qid":null,"message":"NO_QID_FOUND_AFTER_ALL_ATTEMPTS","extra":null}
{"ts":"2026-02-04T13:07:20.172Z","stage":"QID","conaonicalName":"Mesocricetus primitivus","qid":null,"message":"NO_QID_FOUND_AFTER_ALL_ATTEMPTS","extra":null}
{"ts":"2026-02-04T13:07:20.172Z","stage":"QID","conaonicalName":"Antecalomys phthanus","qid":null,"message":"NO_QID_FOUND_AFTER_ALL_ATTEMPTS","extra":null}
{"ts":"2026-02-04T13:07:21.321Z","stage":"QID","conaonicalName":"Cricetus kormosi","qid":null,"message":"NO_QID_FOUND_AFTER_ALL_ATTEMPTS","extra":null}
{"ts":"2026-02-04T13:07:21.323Z","stage":"QID","conaonicalName":"Apocricetus alberti","qid":null,"message":"NO_QID_FOUND_AFTER_ALL_ATTEMPTS","extra":null}
{"ts":"2026-02-04T13:07:21.336Z","stage":"QID","conaonicalName":"Cricetus lophidens","qid":null,"message":"NO_QID_FOUND_AFTER_ALL_ATTEMPTS","extra":null}
{"ts":"2026-02-04T13:07:22.540Z","stage":"QID","conaonicalName":"Collimys primus","qid":null,"message":"NO_QID_FOUND_AFTER_ALL_ATTEMPTS","extra":null}
{"ts":"2026-02-04T13:07:23.755Z","stage":"QID","conaonicalName":"Rotundomys freiriensis","qid":null,"message":"NO_QID_FOUND_AFTER_ALL_ATTEMPTS","extra":null}
{"ts":"2026-02-04T13:07:23.755Z","stage":"QID","conaonicalName":"Rotundomys mundi","qid":null,"message":"NO_QID_FOUND_AFTER_ALL_ATTEMPTS","extra":null}
{"ts":"2026-02-04T13:07:23.755Z","stage":"QID","conaonicalName":"Rotundomys bressanus","qid":null,"message":"NO_QID_FOUND_AFTER_ALL_ATTEMPTS","extra":null}
{"ts":"2026-02-04T13:07:24.061Z","stage":"QID","conaonicalName":"Cricetulus grangeri","qid":null,"message":"NO_QID_FOUND_AFTER_ALL_ATTEMPTS","extra":null}
{"ts":"2026-02-04T13:07:24.982Z","stage":"QID","conaonicalName":"Peromyscus anyapahensis","qid":null,"message":"NO_QID_FOUND_AFTER_ALL_ATTEMPTS","extra":null}
{"ts":"2026-02-04T13:07:26.127Z","stage":"QID","conaonicalName":"Peromyscus pliocenicus","qid":null,"message":"NO_QID_FOUND_AFTER_ALL_ATTEMPTS","extra":null}
{"ts":"2026-02-04T13:07:26.213Z","stage":"QID","conaonicalName":"Peromyscus cumberlandensis","qid":null,"message":"NO_QID_FOUND_AFTER_ALL_ATTEMPTS","extra":null}
{"ts":"2026-02-04T13:07:26.214Z","stage":"QID","conaonicalName":"Peromyscus complexus","qid":null,"message":"NO_QID_FOUND_AFTER_ALL_ATTEMPTS","extra":null}
{"ts":"2026-02-04T13:07:26.214Z","stage":"QID","conaonicalName":"Peromyscus irvingtonensis","qid":null,"message":"NO_QID_FOUND_AFTER_ALL_ATTEMPTS","extra":null}
{"ts":"2026-02-04T13:07:26.214Z","stage":"QID","conaonicalName":"Peromyscus antiquus","qid":null,"message":"NO_QID_FOUND_AFTER_ALL_ATTEMPTS","extra":null}
{"ts":"2026-02-04T13:07:27.443Z","stage":"QID","conaonicalName":"Peromyscus berendsensis","qid":null,"message":"NO_QID_FOUND_AFTER_ALL_ATTEMPTS","extra":null}
{"ts":"2026-02-04T13:07:28.569Z","stage":"QID","conaonicalName":"Peromyscus sarmocophinus","qid":null,"message":"NO_QID_FOUND_AFTER_ALL_ATTEMPTS","extra":null}
{"ts":"2026-02-04T13:07:28.570Z","stage":"QID","conaonicalName":"Peromyscus baumgartneri","qid":null,"message":"NO_QID_FOUND_AFTER_ALL_ATTEMPTS","extra":null}
{"ts":"2026-02-04T13:07:28.570Z","stage":"QID","conaonicalName":"Peromyscus progressus","qid":null,"message":"NO_QID_FOUND_AFTER_ALL_ATTEMPTS","extra":null}
{"ts":"2026-02-04T13:07:28.570Z","stage":"QID","conaonicalName":"Peromyscus cochrani","qid":null,"message":"NO_QID_FOUND_AFTER_ALL_ATTEMPTS","extra":null}
{"ts":"2026-02-04T13:07:28.570Z","stage":"QID","conaonicalName":"Peromyscus minimus","qid":null,"message":"NO_QID_FOUND_AFTER_ALL_ATTEMPTS","extra":null}
{"ts":"2026-02-04T13:07:29.799Z","stage":"QID","conaonicalName":"Peromyscus brachygnathus","qid":null,"message":"NO_QID_FOUND_AFTER_ALL_ATTEMPTS","extra":null}
{"ts":"2026-02-04T13:07:31.027Z","stage":"QID","conaonicalName":"Peromyscus cragini","qid":null,"message":"NO_QID_FOUND_AFTER_ALL_ATTEMPTS","extra":null}
{"ts":"2026-02-04T13:07:31.028Z","stage":"QID","conaonicalName":"Peromyscus maximus","qid":null,"message":"NO_QID_FOUND_AFTER_ALL_ATTEMPTS","extra":null}
{"ts":"2026-02-04T13:07:31.028Z","stage":"QID","conaonicalName":"Peromyscus nosher","qid":null,"message":"NO_QID_FOUND_AFTER_ALL_ATTEMPTS","extra":null}
{"ts":"2026-02-04T13:07:31.028Z","stage":"QID","conaonicalName":"Peromyscus kansasensis","qid":null,"message":"NO_QID_FOUND_AFTER_ALL_ATTEMPTS","extra":null}
{"ts":"2026-02-04T13:07:31.028Z","stage":"QID","conaonicalName":"Peromyscus hagermanensis","qid":null,"message":"NO_QID_FOUND_AFTER_ALL_ATTEMPTS","extra":null}
{"ts":"2026-02-04T13:07:32.172Z","stage":"QID","conaonicalName":"Neocricetodon ambarrensis","qid":null,"message":"NO_QID_FOUND_AFTER_ALL_ATTEMPTS","extra":null}
{"ts":"2026-02-04T13:07:33.381Z","stage":"QID","conaonicalName":"Kowalskia moldavica","qid":null,"message":"NO_QID_FOUND_AFTER_ALL_ATTEMPTS","extra":null}
{"ts":"2026-02-04T13:07:33.381Z","stage":"QID","conaonicalName":"Kowalskia intermedia","qid":null,"message":"NO_QID_FOUND_AFTER_ALL_ATTEMPTS","extra":null}
{"ts":"2026-02-04T13:07:33.381Z","stage":"QID","conaonicalName":"Kowalskia gansunica","qid":null,"message":"NO_QID_FOUND_AFTER_ALL_ATTEMPTS","extra":null}
{"ts":"2026-02-04T13:07:33.381Z","stage":"QID","conaonicalName":"Kowalskia yinanensis","qid":null,"message":"NO_QID_FOUND_AFTER_ALL_ATTEMPTS","extra":null}
{"ts":"2026-02-04T13:07:33.790Z","stage":"QID","conaonicalName":"Neocricetodon occidentalis","qid":null,"message":"NO_QID_FOUND_AFTER_ALL_ATTEMPTS","extra":null}
{"ts":"2026-02-04T13:07:34.554Z","stage":"QID","conaonicalName":"Kowalskia nestori","qid":null,"message":"NO_QID_FOUND_AFTER_ALL_ATTEMPTS","extra":null}
{"ts":"2026-02-04T13:07:35.753Z","stage":"QID","conaonicalName":"Kowalskia zhengi","qid":null,"message":"NO_QID_FOUND_AFTER_ALL_ATTEMPTS","extra":null}
{"ts":"2026-02-04T13:07:35.763Z","stage":"QID","conaonicalName":"Kowalskia browni","qid":null,"message":"NO_QID_FOUND_AFTER_ALL_ATTEMPTS","extra":null}
{"ts":"2026-02-04T13:07:35.763Z","stage":"QID","conaonicalName":"Neocricetodon sesae","qid":null,"message":"NO_QID_FOUND_AFTER_ALL_ATTEMPTS","extra":null}
{"ts":"2026-02-04T13:07:35.763Z","stage":"QID","conaonicalName":"Kowalskia similis","qid":null,"message":"NO_QID_FOUND_AFTER_ALL_ATTEMPTS","extra":null}
{"ts":"2026-02-04T13:07:35.768Z","stage":"QID","conaonicalName":"Reithrodontomys wetmorei","qid":null,"message":"NO_QID_FOUND_AFTER_ALL_ATTEMPTS","extra":null}
{"ts":"2026-02-04T13:07:36.964Z","stage":"QID","conaonicalName":"Reithrodontomys rexroadensis","qid":null,"message":"NO_QID_FOUND_AFTER_ALL_ATTEMPTS","extra":null}
{"ts":"2026-02-04T13:07:38.193Z","stage":"QID","conaonicalName":"Reithrodontomys galushai","qid":null,"message":"NO_QID_FOUND_AFTER_ALL_ATTEMPTS","extra":null}
{"ts":"2026-02-04T13:07:38.193Z","stage":"QID","conaonicalName":"Reithrodontomys pratincola","qid":null,"message":"NO_QID_FOUND_AFTER_ALL_ATTEMPTS","extra":null}
{"ts":"2026-02-04T13:07:42.800Z","stage":"QID","conaonicalName":"Hibbardomys voorhiesi","qid":null,"message":"NO_QID_FOUND_AFTER_ALL_ATTEMPTS","extra":null}
{"ts":"2026-02-04T13:07:44.031Z","stage":"QID","conaonicalName":"Plesiodipus leei","qid":null,"message":"NO_QID_FOUND_AFTER_ALL_ATTEMPTS","extra":null}
{"ts":"2026-02-04T13:07:44.137Z","stage":"QID","conaonicalName":"Hibbardomys zakrzewskii","qid":null,"message":"NO_QID_FOUND_AFTER_ALL_ATTEMPTS","extra":null}
{"ts":"2026-02-04T13:07:44.234Z","stage":"QID","conaonicalName":"Hibbardomys fayae","qid":null,"message":"NO_QID_FOUND_AFTER_ALL_ATTEMPTS","extra":null}
{"ts":"2026-02-04T13:07:44.260Z","stage":"QID","conaonicalName":"Hibbardomys marthae","qid":null,"message":"NO_QID_FOUND_AFTER_ALL_ATTEMPTS","extra":null}
{"ts":"2026-02-04T13:07:44.952Z","stage":"QID","conaonicalName":"Hibbardomys skinneri","qid":null,"message":"NO_QID_FOUND_AFTER_ALL_ATTEMPTS","extra":null}
{"ts":"2026-02-04T13:07:45.249Z","stage":"QID","conaonicalName":"Ogmodontomys poaphagus","qid":null,"message":"NO_QID_FOUND_AFTER_ALL_ATTEMPTS","extra":null}
{"ts":"2026-02-04T13:07:46.385Z","stage":"QID","conaonicalName":"Ogmodontomys sawrockensis","qid":null,"message":"NO_QID_FOUND_AFTER_ALL_ATTEMPTS","extra":null}
{"ts":"2026-02-04T13:07:46.386Z","stage":"QID","conaonicalName":"Trilophomys depereti","qid":null,"message":"NO_QID_FOUND_AFTER_ALL_ATTEMPTS","extra":null}
{"ts":"2026-02-04T13:07:46.399Z","stage":"QID","conaonicalName":"Ogmodontomys pipecreekensis","qid":null,"message":"NO_QID_FOUND_AFTER_ALL_ATTEMPTS","extra":null}
{"ts":"2026-02-04T13:07:47.616Z","stage":"QID","conaonicalName":"Nebraskomys rexroadensis","qid":null,"message":"NO_QID_FOUND_AFTER_ALL_ATTEMPTS","extra":null}
{"ts":"2026-02-04T13:07:48.766Z","stage":"QID","conaonicalName":"Baiomys rexroadi","qid":null,"message":"NO_QID_FOUND_AFTER_ALL_ATTEMPTS","extra":null}
{"ts":"2026-02-04T13:07:48.771Z","stage":"QID","conaonicalName":"Baiomys aquilonius","qid":null,"message":"NO_QID_FOUND_AFTER_ALL_ATTEMPTS","extra":null}
{"ts":"2026-02-04T13:07:48.843Z","stage":"QID","conaonicalName":"Baiomys kolbi","qid":null,"message":"NO_QID_FOUND_AFTER_ALL_ATTEMPTS","extra":null}
{"ts":"2026-02-04T13:07:48.844Z","stage":"QID","conaonicalName":"Nebraskomys mcgrewi","qid":null,"message":"NO_QID_FOUND_AFTER_ALL_ATTEMPTS","extra":null}
{"ts":"2026-02-04T13:07:48.844Z","stage":"QID","conaonicalName":"Baiomys mowi","qid":null,"message":"NO_QID_FOUND_AFTER_ALL_ATTEMPTS","extra":null}
{"ts":"2026-02-04T13:07:50.010Z","stage":"QID","conaonicalName":"Atopomys texensis","qid":null,"message":"NO_QID_FOUND_AFTER_ALL_ATTEMPTS","extra":null}
{"ts":"2026-02-04T13:07:51.198Z","stage":"QID","conaonicalName":"Pliolemmus antiquus","qid":null,"message":"NO_QID_FOUND_AFTER_ALL_ATTEMPTS","extra":null}
{"ts":"2026-02-04T13:07:51.198Z","stage":"QID","conaonicalName":"Pliomys hungaricus","qid":null,"message":"NO_QID_FOUND_AFTER_ALL_ATTEMPTS","extra":null}
{"ts":"2026-02-04T13:07:51.198Z","stage":"QID","conaonicalName":"Neotoma sawrockensis","qid":null,"message":"NO_QID_FOUND_AFTER_ALL_ATTEMPTS","extra":null}
{"ts":"2026-02-04T13:07:51.198Z","stage":"QID","conaonicalName":"Neotoma amplidonta","qid":null,"message":"NO_QID_FOUND_AFTER_ALL_ATTEMPTS","extra":null}
{"ts":"2026-02-04T13:07:51.220Z","stage":"QID","conaonicalName":"Neotoma ozarkensis","qid":null,"message":"NO_QID_FOUND_AFTER_ALL_ATTEMPTS","extra":null}
{"ts":"2026-02-04T13:07:52.429Z","stage":"QID","conaonicalName":"Neotoma vaughani","qid":null,"message":"NO_QID_FOUND_AFTER_ALL_ATTEMPTS","extra":null}
{"ts":"2026-02-04T13:07:53.656Z","stage":"QID","conaonicalName":"Neotoma minutus","qid":null,"message":"NO_QID_FOUND_AFTER_ALL_ATTEMPTS","extra":null}
{"ts":"2026-02-04T13:07:53.656Z","stage":"QID","conaonicalName":"Neotoma fossilis","qid":null,"message":"NO_QID_FOUND_AFTER_ALL_ATTEMPTS","extra":null}
{"ts":"2026-02-04T13:07:53.657Z","stage":"QID","conaonicalName":"Neotoma leucopetrica","qid":null,"message":"NO_QID_FOUND_AFTER_ALL_ATTEMPTS","extra":null}
{"ts":"2026-02-04T13:07:54.812Z","stage":"QID","conaonicalName":"Neotoma taylori","qid":null,"message":"NO_QID_FOUND_AFTER_ALL_ATTEMPTS","extra":null}
{"ts":"2026-02-04T13:07:54.884Z","stage":"QID","conaonicalName":"Prosomys mimus","qid":null,"message":"NO_QID_FOUND_AFTER_ALL_ATTEMPTS","extra":null}
{"ts":"2026-02-04T13:07:56.012Z","stage":"QID","conaonicalName":"Microtus epimticeps","qid":null,"message":"NO_QID_FOUND_AFTER_ALL_ATTEMPTS","extra":null}
{"ts":"2026-02-04T13:07:56.012Z","stage":"QID","conaonicalName":"Microtus morlani","qid":null,"message":"NO_QID_FOUND_AFTER_ALL_ATTEMPTS","extra":null}
{"ts":"2026-02-04T13:07:56.113Z","stage":"QID","conaonicalName":"Pitymys cumberlandensis","qid":null,"message":"NO_QID_FOUND_AFTER_ALL_ATTEMPTS","extra":null}
{"ts":"2026-02-04T13:07:57.241Z","stage":"QID","conaonicalName":"Pitymys nemoralis","qid":null,"message":"NO_QID_FOUND_AFTER_ALL_ATTEMPTS","extra":null}
{"ts":"2026-02-04T13:07:57.241Z","stage":"QID","conaonicalName":"Pitymys aratai","qid":null,"message":"NO_QID_FOUND_AFTER_ALL_ATTEMPTS","extra":null}
{"ts":"2026-02-04T13:07:57.241Z","stage":"QID","conaonicalName":"Microtus guildayi","qid":null,"message":"NO_QID_FOUND_AFTER_ALL_ATTEMPTS","extra":null}
{"ts":"2026-02-04T13:07:58.399Z","stage":"QID","conaonicalName":"Microtus llanensis","qid":null,"message":"NO_QID_FOUND_AFTER_ALL_ATTEMPTS","extra":null}
{"ts":"2026-02-04T13:07:58.471Z","stage":"QID","conaonicalName":"Pitymys mcnowni","qid":null,"message":"NO_QID_FOUND_AFTER_ALL_ATTEMPTS","extra":null}
{"ts":"2026-02-04T13:07:59.602Z","stage":"QID","conaonicalName":"Microtus paroperarius","qid":null,"message":"NO_QID_FOUND_AFTER_ALL_ATTEMPTS","extra":null}
{"ts":"2026-02-04T13:07:59.698Z","stage":"QID","conaonicalName":"Microtus mandarinus","qid":null,"message":"NO_QID_FOUND_AFTER_ALL_ATTEMPTS","extra":null}
{"ts":"2026-02-04T13:08:00.824Z","stage":"QID","conaonicalName":"Phenacomys gryci","qid":null,"message":"NO_QID_FOUND_AFTER_ALL_ATTEMPTS","extra":null}
{"ts":"2026-02-04T13:08:00.824Z","stage":"QID","conaonicalName":"Myocricetodon cherifiensis","qid":null,"message":"NO_QID_FOUND_AFTER_ALL_ATTEMPTS","extra":null}
{"ts":"2026-02-04T13:08:00.824Z","stage":"QID","conaonicalName":"Synaptomys bunkeri","qid":null,"message":"NO_QID_FOUND_AFTER_ALL_ATTEMPTS","extra":null}
{"ts":"2026-02-04T13:08:01.031Z","stage":"QID","conaonicalName":"Phenacomys brachyodus","qid":null,"message":"NO_QID_FOUND_AFTER_ALL_ATTEMPTS","extra":null}
{"ts":"2026-02-04T13:08:01.985Z","stage":"QID","conaonicalName":"Cotimus bifidus","qid":null,"message":"NO_QID_FOUND_AFTER_ALL_ATTEMPTS","extra":null}
{"ts":"2026-02-04T13:08:02.053Z","stage":"QID","conaonicalName":"Leidymys cerasus","qid":null,"message":"NO_QID_FOUND_AFTER_ALL_ATTEMPTS","extra":null}
{"ts":"2026-02-04T13:08:03.193Z","stage":"QID","conaonicalName":"Guildayomys matthewsi","qid":null,"message":"NO_QID_FOUND_AFTER_ALL_ATTEMPTS","extra":null}
{"ts":"2026-02-04T13:08:03.282Z","stage":"QID","conaonicalName":"Leidymys korthi","qid":null,"message":"NO_QID_FOUND_AFTER_ALL_ATTEMPTS","extra":null}
{"ts":"2026-02-04T13:08:03.282Z","stage":"QID","conaonicalName":"Guildayomys hibbardi","qid":null,"message":"NO_QID_FOUND_AFTER_ALL_ATTEMPTS","extra":null}
{"ts":"2026-02-04T13:08:03.282Z","stage":"QID","conaonicalName":"Leidymys azybaevi","qid":null,"message":"NO_QID_FOUND_AFTER_ALL_ATTEMPTS","extra":null}
{"ts":"2026-02-04T13:08:04.409Z","stage":"QID","conaonicalName":"Yatkolamys edwardsi","qid":null,"message":"NO_QID_FOUND_AFTER_ALL_ATTEMPTS","extra":null}
{"ts":"2026-02-04T13:08:04.509Z","stage":"QID","conaonicalName":"Pliotomodon primitivus","qid":null,"message":"NO_QID_FOUND_AFTER_ALL_ATTEMPTS","extra":null}
{"ts":"2026-02-04T13:08:09.375Z","stage":"QID","conaonicalName":"Paciculus montanus","qid":null,"message":"NO_QID_FOUND_AFTER_ALL_ATTEMPTS","extra":null}
{"ts":"2026-02-04T13:08:10.684Z","stage":"QID","conaonicalName":"Onychomys bensoni","qid":null,"message":"NO_QID_FOUND_AFTER_ALL_ATTEMPTS","extra":null}
{"ts":"2026-02-04T13:08:10.740Z","stage":"QID","conaonicalName":"Onychomys pedroensis","qid":null,"message":"NO_QID_FOUND_AFTER_ALL_ATTEMPTS","extra":null}
{"ts":"2026-02-04T13:08:10.740Z","stage":"QID","conaonicalName":"Paciculus insolitus","qid":null,"message":"NO_QID_FOUND_AFTER_ALL_ATTEMPTS","extra":null}
{"ts":"2026-02-04T13:08:10.754Z","stage":"QID","conaonicalName":"Onychomys gidleyi","qid":null,"message":"NO_QID_FOUND_AFTER_ALL_ATTEMPTS","extra":null}
{"ts":"2026-02-04T13:08:10.806Z","stage":"QID","conaonicalName":"Paciculus nebraskensis","qid":null,"message":"NO_QID_FOUND_AFTER_ALL_ATTEMPTS","extra":null}
{"ts":"2026-02-04T13:08:11.706Z","stage":"QID","conaonicalName":"Onychomys hollisteri","qid":null,"message":"NO_QID_FOUND_AFTER_ALL_ATTEMPTS","extra":null}
{"ts":"2026-02-04T13:08:12.884Z","stage":"QID","conaonicalName":"Calomyscus delicatus","qid":null,"message":"NO_QID_FOUND_AFTER_ALL_ATTEMPTS","extra":null}
{"ts":"2026-02-04T13:08:12.886Z","stage":"QID","conaonicalName":"Calomyscus minor","qid":null,"message":"NO_QID_FOUND_AFTER_ALL_ATTEMPTS","extra":null}
{"ts":"2026-02-04T13:08:12.895Z","stage":"QID","conaonicalName":"Castromys littoralis","qid":null,"message":"NO_QID_FOUND_AFTER_ALL_ATTEMPTS","extra":null}
{"ts":"2026-02-04T13:08:12.903Z","stage":"QID","conaonicalName":"Pseudocricetodon philippi","qid":null,"message":"NO_QID_FOUND_AFTER_ALL_ATTEMPTS","extra":null}
{"ts":"2026-02-04T13:08:13.018Z","stage":"QID","conaonicalName":"Pseudocricetodon thaleri","qid":null,"message":"NO_QID_FOUND_AFTER_ALL_ATTEMPTS","extra":null}
{"ts":"2026-02-04T13:08:14.149Z","stage":"QID","conaonicalName":"Pseudocricetodon nawabi","qid":null,"message":"NO_QID_FOUND_AFTER_ALL_ATTEMPTS","extra":null}
{"ts":"2026-02-04T13:08:15.295Z","stage":"QID","conaonicalName":"Pseudocricetodon simplex","qid":null,"message":"NO_QID_FOUND_AFTER_ALL_ATTEMPTS","extra":null}
{"ts":"2026-02-04T13:08:15.299Z","stage":"QID","conaonicalName":"Pseudocricetodon adroveri","qid":null,"message":"NO_QID_FOUND_AFTER_ALL_ATTEMPTS","extra":null}
{"ts":"2026-02-04T13:08:15.301Z","stage":"QID","conaonicalName":"Pseudocricetodon moguntiacus","qid":null,"message":"NO_QID_FOUND_AFTER_ALL_ATTEMPTS","extra":null}
{"ts":"2026-02-04T13:08:15.309Z","stage":"QID","conaonicalName":"Pseudocricetodon montalbensis","qid":null,"message":"NO_QID_FOUND_AFTER_ALL_ATTEMPTS","extra":null}
{"ts":"2026-02-04T13:08:16.593Z","stage":"QID","conaonicalName":"Allocricetodon cornelii","qid":null,"message":"NO_QID_FOUND_AFTER_ALL_ATTEMPTS","extra":null}
{"ts":"2026-02-04T13:08:17.720Z","stage":"QID","conaonicalName":"Lignitella suemengeni","qid":null,"message":"NO_QID_FOUND_AFTER_ALL_ATTEMPTS","extra":null}
{"ts":"2026-02-04T13:08:17.720Z","stage":"QID","conaonicalName":"Huaxiamys downsi","qid":null,"message":"NO_QID_FOUND_AFTER_ALL_ATTEMPTS","extra":null}
{"ts":"2026-02-04T13:08:17.720Z","stage":"QID","conaonicalName":"Occitanomys provocator","qid":null,"message":"NO_QID_FOUND_AFTER_ALL_ATTEMPTS","extra":null}
{"ts":"2026-02-04T13:08:17.821Z","stage":"QID","conaonicalName":"Mellalomys rhassoulensis","qid":null,"message":"NO_QID_FOUND_AFTER_ALL_ATTEMPTS","extra":null}
{"ts":"2026-02-04T13:08:18.949Z","stage":"QID","conaonicalName":"Occitanomys brailloni","qid":null,"message":"NO_QID_FOUND_AFTER_ALL_ATTEMPTS","extra":null}
{"ts":"2026-02-04T13:08:18.949Z","stage":"QID","conaonicalName":"Occitanomys neutrum","qid":null,"message":"NO_QID_FOUND_AFTER_ALL_ATTEMPTS","extra":null}
{"ts":"2026-02-04T13:08:20.105Z","stage":"QID","conaonicalName":"Occitanomys sondaari","qid":null,"message":"NO_QID_FOUND_AFTER_ALL_ATTEMPTS","extra":null}
{"ts":"2026-02-04T13:08:20.111Z","stage":"QID","conaonicalName":"Occitanomys anomalus","qid":null,"message":"NO_QID_FOUND_AFTER_ALL_ATTEMPTS","extra":null}
{"ts":"2026-02-04T13:08:20.178Z","stage":"QID","conaonicalName":"Occitanomys montheleni","qid":null,"message":"NO_QID_FOUND_AFTER_ALL_ATTEMPTS","extra":null}
{"ts":"2026-02-04T13:08:21.313Z","stage":"QID","conaonicalName":"Mus hipparionum","qid":null,"message":"NO_QID_FOUND_AFTER_ALL_ATTEMPTS","extra":null}
{"ts":"2026-02-04T13:08:21.405Z","stage":"QID","conaonicalName":"Parapodemus lugdunensis","qid":null,"message":"NO_QID_FOUND_AFTER_ALL_ATTEMPTS","extra":null}
{"ts":"2026-02-04T13:08:22.532Z","stage":"QID","conaonicalName":"Parapodemus coronensis","qid":null,"message":"NO_QID_FOUND_AFTER_ALL_ATTEMPTS","extra":null}
{"ts":"2026-02-04T13:08:22.532Z","stage":"QID","conaonicalName":"Parapodemus meini","qid":null,"message":"NO_QID_FOUND_AFTER_ALL_ATTEMPTS","extra":null}
{"ts":"2026-02-04T13:08:22.532Z","stage":"QID","conaonicalName":"Epimeriones austriacus","qid":null,"message":"NO_QID_FOUND_AFTER_ALL_ATTEMPTS","extra":null}
{"ts":"2026-02-04T13:08:23.762Z","stage":"QID","conaonicalName":"Pseudomeriones latidens","qid":null,"message":"NO_QID_FOUND_AFTER_ALL_ATTEMPTS","extra":null}
{"ts":"2026-02-04T13:08:24.991Z","stage":"QID","conaonicalName":"Parapodemus gaudryi barbarae","qid":null,"message":"NO_QID_FOUND_AFTER_ALL_ATTEMPTS","extra":null}
{"ts":"2026-02-04T13:08:24.991Z","stage":"QID","conaonicalName":"Progonomys hispanicus","qid":null,"message":"NO_QID_FOUND_AFTER_ALL_ATTEMPTS","extra":null}
{"ts":"2026-02-04T13:08:26.121Z","stage":"QID","conaonicalName":"Progonomys orientalis","qid":null,"message":"NO_QID_FOUND_AFTER_ALL_ATTEMPTS","extra":null}
{"ts":"2026-02-04T13:08:26.219Z","stage":"QID","conaonicalName":"Parapelomys robertsi","qid":null,"message":"NO_QID_FOUND_AFTER_ALL_ATTEMPTS","extra":null}
{"ts":"2026-02-04T13:08:27.345Z","stage":"QID","conaonicalName":"Pappocricetodon antiquus","qid":null,"message":"NO_QID_FOUND_AFTER_ALL_ATTEMPTS","extra":null}
{"ts":"2026-02-04T13:08:27.345Z","stage":"QID","conaonicalName":"Pappocricetodon kazakstanicus","qid":null,"message":"NO_QID_FOUND_AFTER_ALL_ATTEMPTS","extra":null}
{"ts":"2026-02-04T13:08:27.345Z","stage":"QID","conaonicalName":"Witenia flava","qid":null,"message":"NO_QID_FOUND_AFTER_ALL_ATTEMPTS","extra":null}
{"ts":"2026-02-04T13:08:27.357Z","stage":"QID","conaonicalName":"Witenia fusca","qid":null,"message":"NO_QID_FOUND_AFTER_ALL_ATTEMPTS","extra":null}
{"ts":"2026-02-04T13:08:28.575Z","stage":"QID","conaonicalName":"Centralomys benericettii","qid":null,"message":"NO_QID_FOUND_AFTER_ALL_ATTEMPTS","extra":null}
{"ts":"2026-02-04T13:08:29.713Z","stage":"QID","conaonicalName":"Neocometes similis","qid":null,"message":"NO_QID_FOUND_AFTER_ALL_ATTEMPTS","extra":null}
{"ts":"2026-02-04T13:08:29.803Z","stage":"QID","conaonicalName":"Enginia gertcheki","qid":null,"message":"NO_QID_FOUND_AFTER_ALL_ATTEMPTS","extra":null}
{"ts":"2026-02-04T13:08:29.803Z","stage":"QID","conaonicalName":"Enginia beckerplateni","qid":null,"message":"NO_QID_FOUND_AFTER_ALL_ATTEMPTS","extra":null}
{"ts":"2026-02-04T13:08:29.803Z","stage":"QID","conaonicalName":"Enginia djanpolati","qid":null,"message":"NO_QID_FOUND_AFTER_ALL_ATTEMPTS","extra":null}
{"ts":"2026-02-04T13:08:30.014Z","stage":"QID","conaonicalName":"Pelomys europeus","qid":null,"message":"NO_QID_FOUND_AFTER_ALL_ATTEMPTS","extra":null}
{"ts":"2026-02-04T13:08:30.928Z","stage":"QID","conaonicalName":"Heramys eviensis","qid":null,"message":"NO_QID_FOUND_AFTER_ALL_ATTEMPTS","extra":null}
{"ts":"2026-02-04T13:08:32.157Z","stage":"QID","conaonicalName":"Spalax sotirisi","qid":null,"message":"NO_QID_FOUND_AFTER_ALL_ATTEMPTS","extra":null}
{"ts":"2026-02-04T13:08:38.422Z","stage":"QID","conaonicalName":"Taxymys lucaris","qid":null,"message":"NO_QID_FOUND_AFTER_ALL_ATTEMPTS","extra":null}
{"ts":"2026-02-04T13:08:38.423Z","stage":"QID","conaonicalName":"Pondaungimys anomaluropsis","qid":null,"message":"NO_QID_FOUND_AFTER_ALL_ATTEMPTS","extra":null}
{"ts":"2026-02-04T13:08:38.615Z","stage":"QID","conaonicalName":"Tillomys senex","qid":null,"message":"NO_QID_FOUND_AFTER_ALL_ATTEMPTS","extra":null}
{"ts":"2026-02-04T13:08:38.615Z","stage":"QID","conaonicalName":"Sciuravus eucristadens","qid":null,"message":"NO_QID_FOUND_AFTER_ALL_ATTEMPTS","extra":null}
{"ts":"2026-02-04T13:08:38.615Z","stage":"QID","conaonicalName":"Sciuravus powayensis","qid":null,"message":"NO_QID_FOUND_AFTER_ALL_ATTEMPTS","extra":null}
{"ts":"2026-02-04T13:08:38.615Z","stage":"QID","conaonicalName":"Taxymys progressus","qid":null,"message":"NO_QID_FOUND_AFTER_ALL_ATTEMPTS","extra":null}
{"ts":"2026-02-04T13:08:40.556Z","stage":"QID","conaonicalName":"Sciuravus bridgeri","qid":null,"message":"NO_QID_FOUND_AFTER_ALL_ATTEMPTS","extra":null}
{"ts":"2026-02-04T13:08:40.556Z","stage":"QID","conaonicalName":"Sciuravus rarus","qid":null,"message":"NO_QID_FOUND_AFTER_ALL_ATTEMPTS","extra":null}
{"ts":"2026-02-04T13:08:40.556Z","stage":"QID","conaonicalName":"Sciuravus nitidus","qid":null,"message":"NO_QID_FOUND_AFTER_ALL_ATTEMPTS","extra":null}
{"ts":"2026-02-04T13:08:40.556Z","stage":"QID","conaonicalName":"Sciuravus wilsoni","qid":null,"message":"NO_QID_FOUND_AFTER_ALL_ATTEMPTS","extra":null}
{"ts":"2026-02-04T13:08:40.556Z","stage":"QID","conaonicalName":"Sciuravus altidens","qid":null,"message":"NO_QID_FOUND_AFTER_ALL_ATTEMPTS","extra":null}
{"ts":"2026-02-04T13:08:40.556Z","stage":"QID","conaonicalName":"Sciuravus popi","qid":null,"message":"NO_QID_FOUND_AFTER_ALL_ATTEMPTS","extra":null}
{"ts":"2026-02-04T13:08:42.928Z","stage":"QID","conaonicalName":"Pauromys schaubi","qid":null,"message":"NO_QID_FOUND_AFTER_ALL_ATTEMPTS","extra":null}
{"ts":"2026-02-04T13:08:42.930Z","stage":"QID","conaonicalName":"Pauromys simplex","qid":null,"message":"NO_QID_FOUND_AFTER_ALL_ATTEMPTS","extra":null}
{"ts":"2026-02-04T13:08:42.939Z","stage":"QID","conaonicalName":"Pauromys texensis","qid":null,"message":"NO_QID_FOUND_AFTER_ALL_ATTEMPTS","extra":null}
{"ts":"2026-02-04T13:08:42.944Z","stage":"QID","conaonicalName":"Pauromys exallos","qid":null,"message":"NO_QID_FOUND_AFTER_ALL_ATTEMPTS","extra":null}
{"ts":"2026-02-04T13:08:42.944Z","stage":"QID","conaonicalName":"Pauromys lillegraveni","qid":null,"message":"NO_QID_FOUND_AFTER_ALL_ATTEMPTS","extra":null}
{"ts":"2026-02-04T13:08:44.138Z","stage":"QID","conaonicalName":"Knightomys cremneus","qid":null,"message":"NO_QID_FOUND_AFTER_ALL_ATTEMPTS","extra":null}
{"ts":"2026-02-04T13:08:45.368Z","stage":"QID","conaonicalName":"Pipestoneomys bisulcatus","qid":null,"message":"NO_QID_FOUND_AFTER_ALL_ATTEMPTS","extra":null}
{"ts":"2026-02-04T13:08:45.368Z","stage":"QID","conaonicalName":"Janimus rhinophilus","qid":null,"message":"NO_QID_FOUND_AFTER_ALL_ATTEMPTS","extra":null}
{"ts":"2026-02-04T13:08:45.368Z","stage":"QID","conaonicalName":"Janimus mirus","qid":null,"message":"NO_QID_FOUND_AFTER_ALL_ATTEMPTS","extra":null}
{"ts":"2026-02-04T13:08:45.368Z","stage":"QID","conaonicalName":"Janimus dawsonae","qid":null,"message":"NO_QID_FOUND_AFTER_ALL_ATTEMPTS","extra":null}
{"ts":"2026-02-04T13:08:45.368Z","stage":"QID","conaonicalName":"Microeutypomys karenae","qid":null,"message":"NO_QID_FOUND_AFTER_ALL_ATTEMPTS","extra":null}
{"ts":"2026-02-04T13:08:46.597Z","stage":"QID","conaonicalName":"Eutypomys hibernodus","qid":null,"message":"NO_QID_FOUND_AFTER_ALL_ATTEMPTS","extra":null}
{"ts":"2026-02-04T13:08:47.742Z","stage":"QID","conaonicalName":"Eutypomys thomsoni","qid":null,"message":"NO_QID_FOUND_AFTER_ALL_ATTEMPTS","extra":null}
{"ts":"2026-02-04T13:08:47.745Z","stage":"QID","conaonicalName":"Eutypomys inexpectatus","qid":null,"message":"NO_QID_FOUND_AFTER_ALL_ATTEMPTS","extra":null}
{"ts":"2026-02-04T13:08:47.752Z","stage":"QID","conaonicalName":"Eutypomys montanensis","qid":null,"message":"NO_QID_FOUND_AFTER_ALL_ATTEMPTS","extra":null}
{"ts":"2026-02-04T13:08:47.755Z","stage":"QID","conaonicalName":"Eutypomys parvus","qid":null,"message":"NO_QID_FOUND_AFTER_ALL_ATTEMPTS","extra":null}
{"ts":"2026-02-04T13:08:47.755Z","stage":"QID","conaonicalName":"Eutypomys acares","qid":null,"message":"NO_QID_FOUND_AFTER_ALL_ATTEMPTS","extra":null}
{"ts":"2026-02-04T13:08:48.956Z","stage":"QID","conaonicalName":"Eutypomys obliquidens","qid":null,"message":"NO_QID_FOUND_AFTER_ALL_ATTEMPTS","extra":null}
{"ts":"2026-02-04T13:08:50.179Z","stage":"QID","conaonicalName":"Dipoides rexroadensis","qid":null,"message":"NO_QID_FOUND_AFTER_ALL_ATTEMPTS","extra":null}
{"ts":"2026-02-04T13:08:50.179Z","stage":"QID","conaonicalName":"Dipoides williamsi","qid":null,"message":"NO_QID_FOUND_AFTER_ALL_ATTEMPTS","extra":null}
{"ts":"2026-02-04T13:08:50.179Z","stage":"QID","conaonicalName":"Dipoides vallicula","qid":null,"message":"NO_QID_FOUND_AFTER_ALL_ATTEMPTS","extra":null}
{"ts":"2026-02-04T13:08:51.356Z","stage":"QID","conaonicalName":"Dipoides wilsoni","qid":null,"message":"NO_QID_FOUND_AFTER_ALL_ATTEMPTS","extra":null}
{"ts":"2026-02-04T13:08:51.357Z","stage":"QID","conaonicalName":"Dipoides tanneri","qid":null,"message":"NO_QID_FOUND_AFTER_ALL_ATTEMPTS","extra":null}
{"ts":"2026-02-04T13:08:51.362Z","stage":"QID","conaonicalName":"Dipoides stirtoni","qid":null,"message":"NO_QID_FOUND_AFTER_ALL_ATTEMPTS","extra":null}
{"ts":"2026-02-04T13:08:52.639Z","stage":"QID","conaonicalName":"Eucastor valentinensis","qid":null,"message":"NO_QID_FOUND_AFTER_ALL_ATTEMPTS","extra":null}
{"ts":"2026-02-04T13:08:52.639Z","stage":"QID","conaonicalName":"Dipoides smithi","qid":null,"message":"NO_QID_FOUND_AFTER_ALL_ATTEMPTS","extra":null}
{"ts":"2026-02-04T13:08:52.639Z","stage":"QID","conaonicalName":"Eucastor phillisi","qid":null,"message":"NO_QID_FOUND_AFTER_ALL_ATTEMPTS","extra":null}
{"ts":"2026-02-04T13:08:53.764Z","stage":"QID","conaonicalName":"Eucastor planus","qid":null,"message":"NO_QID_FOUND_AFTER_ALL_ATTEMPTS","extra":null}
{"ts":"2026-02-04T13:08:53.764Z","stage":"QID","conaonicalName":"Eucastor malheurensis","qid":null,"message":"NO_QID_FOUND_AFTER_ALL_ATTEMPTS","extra":null}
{"ts":"2026-02-04T13:08:53.764Z","stage":"QID","conaonicalName":"Eucastor dividerus","qid":null,"message":"NO_QID_FOUND_AFTER_ALL_ATTEMPTS","extra":null}
{"ts":"2026-02-04T13:08:54.994Z","stage":"QID","conaonicalName":"Procastoroides sweeti","qid":null,"message":"NO_QID_FOUND_AFTER_ALL_ATTEMPTS","extra":null}
{"ts":"2026-02-04T13:08:54.994Z","stage":"QID","conaonicalName":"Monosaulax skinneri","qid":null,"message":"NO_QID_FOUND_AFTER_ALL_ATTEMPTS","extra":null}
{"ts":"2026-02-04T13:08:54.994Z","stage":"QID","conaonicalName":"Procastoroides idahoensis","qid":null,"message":"NO_QID_FOUND_AFTER_ALL_ATTEMPTS","extra":null}
{"ts":"2026-02-04T13:08:56.223Z","stage":"QID","conaonicalName":"Monosaulax tedi","qid":null,"message":"NO_QID_FOUND_AFTER_ALL_ATTEMPTS","extra":null}
{"ts":"2026-02-04T13:08:56.223Z","stage":"QID","conaonicalName":"Monosaulax typicus","qid":null,"message":"NO_QID_FOUND_AFTER_ALL_ATTEMPTS","extra":null}
{"ts":"2026-02-04T13:08:56.223Z","stage":"QID","conaonicalName":"Monosaulax progressus","qid":null,"message":"NO_QID_FOUND_AFTER_ALL_ATTEMPTS","extra":null}
{"ts":"2026-02-04T13:08:57.354Z","stage":"QID","conaonicalName":"Euroxenomys wilsoni","qid":null,"message":"NO_QID_FOUND_AFTER_ALL_ATTEMPTS","extra":null}
{"ts":"2026-02-04T13:08:57.364Z","stage":"QID","conaonicalName":"Euroxenomys inconnexus","qid":null,"message":"NO_QID_FOUND_AFTER_ALL_ATTEMPTS","extra":null}
{"ts":"2026-02-04T13:08:57.450Z","stage":"QID","conaonicalName":"Euroxenomys minutus","qid":null,"message":"NO_QID_FOUND_AFTER_ALL_ATTEMPTS","extra":null}
{"ts":"2026-02-04T13:08:58.679Z","stage":"QID","conaonicalName":"Capatanka minor","qid":null,"message":"NO_QID_FOUND_AFTER_ALL_ATTEMPTS","extra":null}
{"ts":"2026-02-04T13:08:58.679Z","stage":"QID","conaonicalName":"Capatanka cankpeopi","qid":null,"message":"NO_QID_FOUND_AFTER_ALL_ATTEMPTS","extra":null}
{"ts":"2026-02-04T13:08:58.679Z","stage":"QID","conaonicalName":"Fossorcastor greeni","qid":null,"message":"NO_QID_FOUND_AFTER_ALL_ATTEMPTS","extra":null}
{"ts":"2026-02-04T13:08:59.805Z","stage":"QID","conaonicalName":"Capacikala parvus","qid":null,"message":"NO_QID_FOUND_AFTER_ALL_ATTEMPTS","extra":null}
{"ts":"2026-02-04T13:08:59.805Z","stage":"QID","conaonicalName":"Euhapsis luskensis","qid":null,"message":"NO_QID_FOUND_AFTER_ALL_ATTEMPTS","extra":null}
{"ts":"2026-02-04T13:09:04.189Z","stage":"QID","conaonicalName":"Euhapsis ellicottae","qid":null,"message":"NO_QID_FOUND_AFTER_ALL_ATTEMPTS","extra":null}
{"ts":"2026-02-04T13:09:05.373Z","stage":"QID","conaonicalName":"Euhapsis platyceps","qid":null,"message":"NO_QID_FOUND_AFTER_ALL_ATTEMPTS","extra":null}
{"ts":"2026-02-04T13:09:05.540Z","stage":"QID","conaonicalName":"Trigontherium minus","qid":null,"message":"NO_QID_FOUND_AFTER_ALL_ATTEMPTS","extra":null}
{"ts":"2026-02-04T13:09:05.649Z","stage":"QID","conaonicalName":"Microdipoides eximius","qid":null,"message":"NO_QID_FOUND_AFTER_ALL_ATTEMPTS","extra":null}
{"ts":"2026-02-04T13:09:05.649Z","stage":"QID","conaonicalName":"Euhapsis breugerorum","qid":null,"message":"NO_QID_FOUND_AFTER_ALL_ATTEMPTS","extra":null}
{"ts":"2026-02-04T13:09:05.743Z","stage":"QID","conaonicalName":"Trigontherium cuvieri","qid":null,"message":"NO_QID_FOUND_AFTER_ALL_ATTEMPTS","extra":null}
{"ts":"2026-02-04T13:09:06.662Z","stage":"QID","conaonicalName":"Anchitheriomys suevicus","qid":null,"message":"NO_QID_FOUND_AFTER_ALL_ATTEMPTS","extra":null}
{"ts":"2026-02-04T13:09:09.000Z","stage":"QID","conaonicalName":"Oligotheriomys primus","qid":null,"message":"NO_QID_FOUND_AFTER_ALL_ATTEMPTS","extra":null}
{"ts":"2026-02-04T13:09:09.001Z","stage":"QID","conaonicalName":"Hystricops browni","qid":null,"message":"NO_QID_FOUND_AFTER_ALL_ATTEMPTS","extra":null}
{"ts":"2026-02-04T13:09:10.169Z","stage":"QID","conaonicalName":"Presbymys lophatus","qid":null,"message":"NO_QID_FOUND_AFTER_ALL_ATTEMPTS","extra":null}
{"ts":"2026-02-04T13:09:10.176Z","stage":"QID","conaonicalName":"Thisbemys elachistos","qid":null,"message":"NO_QID_FOUND_AFTER_ALL_ATTEMPTS","extra":null}
{"ts":"2026-02-04T13:09:10.183Z","stage":"QID","conaonicalName":"Thisbemys brevicrista","qid":null,"message":"NO_QID_FOUND_AFTER_ALL_ATTEMPTS","extra":null}
{"ts":"2026-02-04T13:09:10.183Z","stage":"QID","conaonicalName":"Zamoramys extraneus","qid":null,"message":"NO_QID_FOUND_AFTER_ALL_ATTEMPTS","extra":null}
{"ts":"2026-02-04T13:09:11.375Z","stage":"QID","conaonicalName":"Quadratomus grossus","qid":null,"message":"NO_QID_FOUND_AFTER_ALL_ATTEMPTS","extra":null}
{"ts":"2026-02-04T13:09:11.383Z","stage":"QID","conaonicalName":"Thisbemys corrugatus","qid":null,"message":"NO_QID_FOUND_AFTER_ALL_ATTEMPTS","extra":null}
{"ts":"2026-02-04T13:09:11.383Z","stage":"QID","conaonicalName":"Thisbemys perditus","qid":null,"message":"NO_QID_FOUND_AFTER_ALL_ATTEMPTS","extra":null}
{"ts":"2026-02-04T13:09:12.638Z","stage":"QID","conaonicalName":"Ischyromys junctus","qid":null,"message":"NO_QID_FOUND_AFTER_ALL_ATTEMPTS","extra":null}
{"ts":"2026-02-04T13:09:12.638Z","stage":"QID","conaonicalName":"Ischyromys veterior","qid":null,"message":"NO_QID_FOUND_AFTER_ALL_ATTEMPTS","extra":null}
{"ts":"2026-02-04T13:09:12.638Z","stage":"QID","conaonicalName":"Ischyromys douglassi","qid":null,"message":"NO_QID_FOUND_AFTER_ALL_ATTEMPTS","extra":null}
{"ts":"2026-02-04T13:09:13.834Z","stage":"QID","conaonicalName":"Notoparamys arctios","qid":null,"message":"NO_QID_FOUND_AFTER_ALL_ATTEMPTS","extra":null}
{"ts":"2026-02-04T13:09:13.835Z","stage":"QID","conaonicalName":"Ischyromys blacki","qid":null,"message":"NO_QID_FOUND_AFTER_ALL_ATTEMPTS","extra":null}
{"ts":"2026-02-04T13:09:13.839Z","stage":"QID","conaonicalName":"Ischyrotomus californicus","qid":null,"message":"NO_QID_FOUND_AFTER_ALL_ATTEMPTS","extra":null}
{"ts":"2026-02-04T13:09:14.982Z","stage":"QID","conaonicalName":"Ischyrotomus littoralis","qid":null,"message":"NO_QID_FOUND_AFTER_ALL_ATTEMPTS","extra":null}
{"ts":"2026-02-04T13:09:14.987Z","stage":"QID","conaonicalName":"Pseudotomus hians","qid":null,"message":"NO_QID_FOUND_AFTER_ALL_ATTEMPTS","extra":null}
{"ts":"2026-02-04T13:09:14.989Z","stage":"QID","conaonicalName":"Pseudotomus timmys","qid":null,"message":"NO_QID_FOUND_AFTER_ALL_ATTEMPTS","extra":null}
{"ts":"2026-02-04T13:09:14.990Z","stage":"QID","conaonicalName":"Mytonomys gaitania","qid":null,"message":"NO_QID_FOUND_AFTER_ALL_ATTEMPTS","extra":null}
{"ts":"2026-02-04T13:09:16.189Z","stage":"QID","conaonicalName":"Meldimys musak","qid":null,"message":"NO_QID_FOUND_AFTER_ALL_ATTEMPTS","extra":null}
{"ts":"2026-02-04T13:09:16.190Z","stage":"QID","conaonicalName":"Eohaplomys serus","qid":null,"message":"NO_QID_FOUND_AFTER_ALL_ATTEMPTS","extra":null}
{"ts":"2026-02-04T13:09:16.191Z","stage":"QID","conaonicalName":"Eohaplomys matutinus","qid":null,"message":"NO_QID_FOUND_AFTER_ALL_ATTEMPTS","extra":null}
{"ts":"2026-02-04T13:09:17.419Z","stage":"QID","conaonicalName":"Microparamys solidus","qid":null,"message":"NO_QID_FOUND_AFTER_ALL_ATTEMPTS","extra":null}
{"ts":"2026-02-04T13:09:17.419Z","stage":"QID","conaonicalName":"Microparamys bayi","qid":null,"message":"NO_QID_FOUND_AFTER_ALL_ATTEMPTS","extra":null}
{"ts":"2026-02-04T13:09:17.419Z","stage":"QID","conaonicalName":"Eohaplomys tradux","qid":null,"message":"NO_QID_FOUND_AFTER_ALL_ATTEMPTS","extra":null}
{"ts":"2026-02-04T13:09:18.650Z","stage":"QID","conaonicalName":"Microparamys hunterae","qid":null,"message":"NO_QID_FOUND_AFTER_ALL_ATTEMPTS","extra":null}
{"ts":"2026-02-04T13:09:18.650Z","stage":"QID","conaonicalName":"Microparamys cheradius","qid":null,"message":"NO_QID_FOUND_AFTER_ALL_ATTEMPTS","extra":null}
{"ts":"2026-02-04T13:09:18.650Z","stage":"QID","conaonicalName":"Microparamys sambucus","qid":null,"message":"NO_QID_FOUND_AFTER_ALL_ATTEMPTS","extra":null}
{"ts":"2026-02-04T13:09:18.650Z","stage":"QID","conaonicalName":"Microparamys nimius","qid":null,"message":"NO_QID_FOUND_AFTER_ALL_ATTEMPTS","extra":null}
{"ts":"2026-02-04T13:09:19.791Z","stage":"QID","conaonicalName":"Microparamys scopaiodon","qid":null,"message":"NO_QID_FOUND_AFTER_ALL_ATTEMPTS","extra":null}
{"ts":"2026-02-04T13:09:19.795Z","stage":"QID","conaonicalName":"Microparamys paisi","qid":null,"message":"NO_QID_FOUND_AFTER_ALL_ATTEMPTS","extra":null}
{"ts":"2026-02-04T13:09:19.804Z","stage":"QID","conaonicalName":"Microparamys woodi","qid":null,"message":"NO_QID_FOUND_AFTER_ALL_ATTEMPTS","extra":null}
{"ts":"2026-02-04T13:09:21.001Z","stage":"QID","conaonicalName":"Lophiparamys debequensis","qid":null,"message":"NO_QID_FOUND_AFTER_ALL_ATTEMPTS","extra":null}
{"ts":"2026-02-04T13:09:21.002Z","stage":"QID","conaonicalName":"Microparamys perfossus","qid":null,"message":"NO_QID_FOUND_AFTER_ALL_ATTEMPTS","extra":null}
{"ts":"2026-02-04T13:09:21.002Z","stage":"QID","conaonicalName":"Lophiparamys woodi","qid":null,"message":"NO_QID_FOUND_AFTER_ALL_ATTEMPTS","extra":null}
{"ts":"2026-02-04T13:09:21.411Z","stage":"QID","conaonicalName":"Microparamys nanus","qid":null,"message":"NO_QID_FOUND_AFTER_ALL_ATTEMPTS","extra":null}
{"ts":"2026-02-04T13:09:22.230Z","stage":"QID","conaonicalName":"Rapamys wilsoni","qid":null,"message":"NO_QID_FOUND_AFTER_ALL_ATTEMPTS","extra":null}
{"ts":"2026-02-04T13:09:22.231Z","stage":"QID","conaonicalName":"Strathcona major","qid":null,"message":"NO_QID_FOUND_AFTER_ALL_ATTEMPTS","extra":null}
{"ts":"2026-02-04T13:09:22.231Z","stage":"QID","conaonicalName":"Strathcona minor","qid":null,"message":"NO_QID_FOUND_AFTER_ALL_ATTEMPTS","extra":null}
{"ts":"2026-02-04T13:09:23.458Z","stage":"QID","conaonicalName":"Rapamys fricki","qid":null,"message":"NO_QID_FOUND_AFTER_ALL_ATTEMPTS","extra":null}
{"ts":"2026-02-04T13:09:23.459Z","stage":"QID","conaonicalName":"Paramys adamus","qid":null,"message":"NO_QID_FOUND_AFTER_ALL_ATTEMPTS","extra":null}
{"ts":"2026-02-04T13:09:28.271Z","stage":"QID","conaonicalName":"Paramys copei","qid":null,"message":"NO_QID_FOUND_AFTER_ALL_ATTEMPTS","extra":null}
{"ts":"2026-02-04T13:09:29.500Z","stage":"QID","conaonicalName":"Paramys excavatus","qid":null,"message":"NO_QID_FOUND_AFTER_ALL_ATTEMPTS","extra":null}
{"ts":"2026-02-04T13:09:29.704Z","stage":"QID","conaonicalName":"Paramys atavus","qid":null,"message":"NO_QID_FOUND_AFTER_ALL_ATTEMPTS","extra":null}
{"ts":"2026-02-04T13:09:29.715Z","stage":"QID","conaonicalName":"Paramys hunti","qid":null,"message":"NO_QID_FOUND_AFTER_ALL_ATTEMPTS","extra":null}
{"ts":"2026-02-04T13:09:29.723Z","stage":"QID","conaonicalName":"Paramys delicatior","qid":null,"message":"NO_QID_FOUND_AFTER_ALL_ATTEMPTS","extra":null}
{"ts":"2026-02-04T13:09:29.807Z","stage":"QID","conaonicalName":"Paramys taurus","qid":null,"message":"NO_QID_FOUND_AFTER_ALL_ATTEMPTS","extra":null}
{"ts":"2026-02-04T13:09:29.807Z","stage":"QID","conaonicalName":"Paramys pycnus","qid":null,"message":"NO_QID_FOUND_AFTER_ALL_ATTEMPTS","extra":null}
{"ts":"2026-02-04T13:09:30.732Z","stage":"QID","conaonicalName":"Paramys compressidens","qid":null,"message":"NO_QID_FOUND_AFTER_ALL_ATTEMPTS","extra":null}
{"ts":"2026-02-04T13:09:31.856Z","stage":"QID","conaonicalName":"Apatosciuravus jacobsi","qid":null,"message":"NO_QID_FOUND_AFTER_ALL_ATTEMPTS","extra":null}
{"ts":"2026-02-04T13:09:31.856Z","stage":"QID","conaonicalName":"Meliakrouniomys skinneri","qid":null,"message":"NO_QID_FOUND_AFTER_ALL_ATTEMPTS","extra":null}
{"ts":"2026-02-04T13:09:31.857Z","stage":"QID","conaonicalName":"Paramys delicatus","qid":null,"message":"NO_QID_FOUND_AFTER_ALL_ATTEMPTS","extra":null}
{"ts":"2026-02-04T13:09:31.857Z","stage":"QID","conaonicalName":"Paramys simpsoni","qid":null,"message":"NO_QID_FOUND_AFTER_ALL_ATTEMPTS","extra":null}
{"ts":"2026-02-04T13:09:31.857Z","stage":"QID","conaonicalName":"Apatosciuravus bifax","qid":null,"message":"NO_QID_FOUND_AFTER_ALL_ATTEMPTS","extra":null}
{"ts":"2026-02-04T13:09:31.857Z","stage":"QID","conaonicalName":"Epeiromys spanius","qid":null,"message":"NO_QID_FOUND_AFTER_ALL_ATTEMPTS","extra":null}
{"ts":"2026-02-04T13:09:33.086Z","stage":"QID","conaonicalName":"Meliakrouniomys wilsoni","qid":null,"message":"NO_QID_FOUND_AFTER_ALL_ATTEMPTS","extra":null}
{"ts":"2026-02-04T13:09:34.316Z","stage":"QID","conaonicalName":"Sciuropterus jamesi","qid":null,"message":"NO_QID_FOUND_AFTER_ALL_ATTEMPTS","extra":null}
{"ts":"2026-02-04T13:09:34.316Z","stage":"QID","conaonicalName":"Protatera davidi","qid":null,"message":"NO_QID_FOUND_AFTER_ALL_ATTEMPTS","extra":null}
{"ts":"2026-02-04T13:09:34.316Z","stage":"QID","conaonicalName":"Sciuropterus minimus","qid":null,"message":"NO_QID_FOUND_AFTER_ALL_ATTEMPTS","extra":null}
{"ts":"2026-02-04T13:09:34.316Z","stage":"QID","conaonicalName":"Mus ique","qid":null,"message":"NO_QID_FOUND_AFTER_ALL_ATTEMPTS","extra":null}
{"ts":"2026-02-04T13:09:34.316Z","stage":"QID","conaonicalName":"Paramys pattersoni","qid":null,"message":"NO_QID_FOUND_AFTER_ALL_ATTEMPTS","extra":null}
{"ts":"2026-02-04T13:09:34.317Z","stage":"QID","conaonicalName":"Aguafriamys raineyi","qid":null,"message":"NO_QID_FOUND_AFTER_ALL_ATTEMPTS","extra":null}
{"ts":"2026-02-04T13:09:35.471Z","stage":"QID","conaonicalName":"Arvicola intermedius","qid":null,"message":"NO_QID_FOUND_AFTER_ALL_ATTEMPTS","extra":null}
{"ts":"2026-02-04T13:09:36.669Z","stage":"QID","conaonicalName":"Myopotamus australis","qid":null,"message":"NO_QID_FOUND_AFTER_ALL_ATTEMPTS","extra":null}
{"ts":"2026-02-04T13:09:36.669Z","stage":"QID","conaonicalName":"Aplodontia furlongi","qid":null,"message":"NO_QID_FOUND_AFTER_ALL_ATTEMPTS","extra":null}
{"ts":"2026-02-04T13:09:58.395Z","stage":"ENRICH","conaonicalName":"ADAPTIVE_SYSTEM","qid":null,"message":"⚠️ High Error Ratio (100.0%). Concurrency: 6","extra":{"success":0,"errors":60,"ratio":1}}
{"ts":"2026-02-04T13:10:12.201Z","stage":"ENRICH","conaonicalName":"ADAPTIVE_SYSTEM","qid":null,"message":"⚠️ High Error Ratio (100.0%). Concurrency: 5","extra":{"success":0,"errors":55,"ratio":1}}
{"ts":"2026-02-04T13:11:33.609Z","stage":"ENRICH","conaonicalName":"ADAPTIVE_SYSTEM","qid":null,"message":"⚠️ High Error Ratio (100.0%). Concurrency: 5","extra":{"success":0,"errors":55,"ratio":1}}
{"ts":"2026-02-04T13:12:22.458Z","stage":"QID","conaonicalName":"Rhipidomys maculipes","qid":null,"message":"NO_QID_FOUND_AFTER_ALL_ATTEMPTS","extra":null}
{"ts":"2026-02-04T13:12:23.476Z","stage":"QID","conaonicalName":"Floresomys guanajuatoensis","qid":null,"message":"NO_QID_FOUND_AFTER_ALL_ATTEMPTS","extra":null}
{"ts":"2026-02-04T13:12:29.722Z","stage":"QID","conaonicalName":"Lophiomys maroccanus","qid":null,"message":"NO_QID_FOUND_AFTER_ALL_ATTEMPTS","extra":null}
{"ts":"2026-02-04T13:12:32.998Z","stage":"QID","conaonicalName":"Gliravus micio","qid":null,"message":"NO_QID_FOUND_AFTER_ALL_ATTEMPTS","extra":null}
{"ts":"2026-02-04T13:12:37.812Z","stage":"QID","conaonicalName":"Tataromys suni","qid":null,"message":"NO_QID_FOUND_AFTER_ALL_ATTEMPTS","extra":null}
{"ts":"2026-02-04T13:12:38.019Z","stage":"QID","conaonicalName":"Tataromys sigmodon","qid":null,"message":"NO_QID_FOUND_AFTER_ALL_ATTEMPTS","extra":null}
{"ts":"2026-02-04T13:12:39.042Z","stage":"QID","conaonicalName":"Lagostomus angustidens","qid":null,"message":"NO_QID_FOUND_AFTER_ALL_ATTEMPTS","extra":null}
{"ts":"2026-02-04T13:12:39.042Z","stage":"QID","conaonicalName":"Lindsaya derabugtiensis","qid":null,"message":"NO_QID_FOUND_AFTER_ALL_ATTEMPTS","extra":null}
{"ts":"2026-02-04T13:12:39.247Z","stage":"QID","conaonicalName":"Lagostomus intermedius","qid":null,"message":"NO_QID_FOUND_AFTER_ALL_ATTEMPTS","extra":null}
{"ts":"2026-02-04T13:12:40.277Z","stage":"QID","conaonicalName":"Cylindrodon fontis","qid":null,"message":"NO_QID_FOUND_AFTER_ALL_ATTEMPTS","extra":null}
{"ts":"2026-02-04T13:12:40.277Z","stage":"QID","conaonicalName":"Cylindrodon solarborus","qid":null,"message":"NO_QID_FOUND_AFTER_ALL_ATTEMPTS","extra":null}
{"ts":"2026-02-04T13:12:41.396Z","stage":"QID","conaonicalName":"Cylindrodon nebraskensis","qid":null,"message":"NO_QID_FOUND_AFTER_ALL_ATTEMPTS","extra":null}
{"ts":"2026-02-04T13:12:41.396Z","stage":"QID","conaonicalName":"Cylindrodon natronensis","qid":null,"message":"NO_QID_FOUND_AFTER_ALL_ATTEMPTS","extra":null}
{"ts":"2026-02-04T13:12:41.402Z","stage":"QID","conaonicalName":"Cylindrodon collinus","qid":null,"message":"NO_QID_FOUND_AFTER_ALL_ATTEMPTS","extra":null}
{"ts":"2026-02-04T13:12:42.625Z","stage":"QID","conaonicalName":"Mirabella tuberosa","qid":null,"message":"NO_QID_FOUND_AFTER_ALL_ATTEMPTS","extra":null}
{"ts":"2026-02-04T13:12:43.794Z","stage":"QID","conaonicalName":"Microtia parva","qid":null,"message":"NO_QID_FOUND_AFTER_ALL_ATTEMPTS","extra":null}
{"ts":"2026-02-04T13:12:43.800Z","stage":"QID","conaonicalName":"Ondatra idahoensis","qid":null,"message":"NO_QID_FOUND_AFTER_ALL_ATTEMPTS","extra":null}
{"ts":"2026-02-04T13:12:43.800Z","stage":"QID","conaonicalName":"Microtia maiuscula","qid":null,"message":"NO_QID_FOUND_AFTER_ALL_ATTEMPTS","extra":null}
{"ts":"2026-02-04T13:12:44.058Z","stage":"QID","conaonicalName":"Microtia magna","qid":null,"message":"NO_QID_FOUND_AFTER_ALL_ATTEMPTS","extra":null}
{"ts":"2026-02-04T13:12:46.219Z","stage":"QID","conaonicalName":"Tataromys grangeri","qid":null,"message":"NO_QID_FOUND_AFTER_ALL_ATTEMPTS","extra":null}
{"ts":"2026-02-04T13:13:04.767Z","stage":"ENRICH","conaonicalName":"ADAPTIVE_SYSTEM","qid":null,"message":"⚠️ High Error Ratio (100.0%). Concurrency: 5","extra":{"success":0,"errors":55,"ratio":1}}
{"ts":"2026-02-04T13:14:11.434Z","stage":"QID","conaonicalName":"Albanensia albanensis albanensis","qid":null,"message":"NO_QID_FOUND_AFTER_ALL_ATTEMPTS","extra":null}
{"ts":"2026-02-04T13:14:13.862Z","stage":"QID","conaonicalName":"Mus canguru","qid":null,"message":"NO_QID_FOUND_AFTER_ALL_ATTEMPTS","extra":null}
{"ts":"2026-02-04T13:14:13.870Z","stage":"QID","conaonicalName":"Microtus malei","qid":null,"message":"NO_QID_FOUND_AFTER_ALL_ATTEMPTS","extra":null}
{"ts":"2026-02-04T13:14:15.091Z","stage":"QID","conaonicalName":"Blackia ulmensis","qid":null,"message":"NO_QID_FOUND_AFTER_ALL_ATTEMPTS","extra":null}
{"ts":"2026-02-04T13:14:16.320Z","stage":"QID","conaonicalName":"Onychomys bruneri","qid":null,"message":"NO_QID_FOUND_AFTER_ALL_ATTEMPTS","extra":null}
{"ts":"2026-02-04T13:14:23.599Z","stage":"QID","conaonicalName":"Sciurus javanicus","qid":null,"message":"NO_QID_FOUND_AFTER_ALL_ATTEMPTS","extra":null}
{"ts":"2026-02-04T13:14:23.604Z","stage":"QID","conaonicalName":"Villanyia exilis","qid":null,"message":"NO_QID_FOUND_AFTER_ALL_ATTEMPTS","extra":null}
{"ts":"2026-02-04T13:14:23.694Z","stage":"QID","conaonicalName":"Hystrix major","qid":null,"message":"NO_QID_FOUND_AFTER_ALL_ATTEMPTS","extra":null}
{"ts":"2026-02-04T13:14:33.216Z","stage":"QID","conaonicalName":"Microtus quirini","qid":null,"message":"NO_QID_FOUND_AFTER_ALL_ATTEMPTS","extra":null}
{"ts":"2026-02-04T13:14:39.667Z","stage":"QID","conaonicalName":"Nemausia salpetrierensis","qid":null,"message":"NO_QID_FOUND_AFTER_ALL_ATTEMPTS","extra":null}
{"ts":"2026-02-04T13:14:42.841Z","stage":"QID","conaonicalName":"Cricetodon minor","qid":null,"message":"NO_QID_FOUND_AFTER_ALL_ATTEMPTS","extra":null}
{"ts":"2026-02-04T13:14:45.235Z","stage":"QID","conaonicalName":"Gerbilliscus kempii","qid":null,"message":"NO_QID_FOUND_AFTER_ALL_ATTEMPTS","extra":null}
{"ts":"2026-02-04T13:14:45.248Z","stage":"QID","conaonicalName":"Peromyscus ostsibirica","qid":null,"message":"NO_QID_FOUND_AFTER_ALL_ATTEMPTS","extra":null}
{"ts":"2026-02-04T13:14:46.439Z","stage":"QID","conaonicalName":"Cseria ultima","qid":null,"message":"NO_QID_FOUND_AFTER_ALL_ATTEMPTS","extra":null}
{"ts":"2026-02-04T13:14:47.654Z","stage":"QID","conaonicalName":"Arvicola cantiana","qid":null,"message":"NO_QID_FOUND_AFTER_ALL_ATTEMPTS","extra":null}
{"ts":"2026-02-04T13:14:47.756Z","stage":"QID","conaonicalName":"Peromyscus selenis","qid":null,"message":"NO_QID_FOUND_AFTER_ALL_ATTEMPTS","extra":null}
{"ts":"2026-02-04T13:14:58.609Z","stage":"QID","conaonicalName":"Microtus asio","qid":null,"message":"NO_QID_FOUND_AFTER_ALL_ATTEMPTS","extra":null}
{"ts":"2026-02-04T13:15:00.761Z","stage":"QID","conaonicalName":"Sciurus annulatus","qid":null,"message":"NO_QID_FOUND_AFTER_ALL_ATTEMPTS","extra":null}
{"ts":"2026-02-04T13:15:04.551Z","stage":"QID","conaonicalName":"Homocentrus argentinus","qid":null,"message":"NO_QID_FOUND_AFTER_ALL_ATTEMPTS","extra":null}
{"ts":"2026-02-04T13:15:04.553Z","stage":"QID","conaonicalName":"Bagacricetodon tongi","qid":null,"message":"NO_QID_FOUND_AFTER_ALL_ATTEMPTS","extra":null}
{"ts":"2026-02-04T13:15:05.574Z","stage":"QID","conaonicalName":"Eomys orientalis","qid":null,"message":"NO_QID_FOUND_AFTER_ALL_ATTEMPTS","extra":null}
{"ts":"2026-02-04T13:15:05.575Z","stage":"QID","conaonicalName":"Kanisamys benjavuni","qid":null,"message":"NO_QID_FOUND_AFTER_ALL_ATTEMPTS","extra":null}
{"ts":"2026-02-04T13:15:06.803Z","stage":"QID","conaonicalName":"Microsteiromys jacobsi","qid":null,"message":"NO_QID_FOUND_AFTER_ALL_ATTEMPTS","extra":null}
{"ts":"2026-02-04T13:15:06.803Z","stage":"QID","conaonicalName":"Eocardia montana","qid":null,"message":"NO_QID_FOUND_AFTER_ALL_ATTEMPTS","extra":null}
{"ts":"2026-02-04T13:15:08.033Z","stage":"QID","conaonicalName":"Gyrignophus complicatus","qid":null,"message":"NO_QID_FOUND_AFTER_ALL_ATTEMPTS","extra":null}
{"ts":"2026-02-04T13:15:09.234Z","stage":"QID","conaonicalName":"Cephalomys arcidens","qid":null,"message":"NO_QID_FOUND_AFTER_ALL_ATTEMPTS","extra":null}
{"ts":"2026-02-04T13:15:09.234Z","stage":"QID","conaonicalName":"Coendu quichua quichua","qid":null,"message":"NO_QID_FOUND_AFTER_ALL_ATTEMPTS","extra":null}
{"ts":"2026-02-04T13:15:09.235Z","stage":"QID","conaonicalName":"Sallamys pascuali","qid":null,"message":"NO_QID_FOUND_AFTER_ALL_ATTEMPTS","extra":null}
{"ts":"2026-02-04T13:15:09.566Z","stage":"QID","conaonicalName":"Butomys prima","qid":null,"message":"NO_QID_FOUND_AFTER_ALL_ATTEMPTS","extra":null}
{"ts":"2026-02-04T13:15:09.567Z","stage":"QID","conaonicalName":"Priusaulax browni","qid":null,"message":"NO_QID_FOUND_AFTER_ALL_ATTEMPTS","extra":null}
{"ts":"2026-02-04T13:15:10.387Z","stage":"QID","conaonicalName":"Cricetops minor","qid":null,"message":"NO_QID_FOUND_AFTER_ALL_ATTEMPTS","extra":null}
{"ts":"2026-02-04T13:15:11.719Z","stage":"QID","conaonicalName":"Peromyscus dentalis","qid":null,"message":"NO_QID_FOUND_AFTER_ALL_ATTEMPTS","extra":null}
{"ts":"2026-02-04T13:15:11.719Z","stage":"QID","conaonicalName":"Hannanomys lini","qid":null,"message":"NO_QID_FOUND_AFTER_ALL_ATTEMPTS","extra":null}
{"ts":"2026-02-04T13:15:11.724Z","stage":"QID","conaonicalName":"Turkanamys hexalophus","qid":null,"message":"NO_QID_FOUND_AFTER_ALL_ATTEMPTS","extra":null}
{"ts":"2026-02-04T13:15:11.724Z","stage":"QID","conaonicalName":"Acaremys messor","qid":null,"message":"NO_QID_FOUND_AFTER_ALL_ATTEMPTS","extra":null}
{"ts":"2026-02-04T13:15:11.724Z","stage":"QID","conaonicalName":"Eumys lockingtonianus","qid":null,"message":"NO_QID_FOUND_AFTER_ALL_ATTEMPTS","extra":null}
{"ts":"2026-02-04T13:15:12.845Z","stage":"QID","conaonicalName":"Luantus propheticus","qid":null,"message":"NO_QID_FOUND_AFTER_ALL_ATTEMPTS","extra":null}
{"ts":"2026-02-04T13:15:13.999Z","stage":"QID","conaonicalName":"Protacaremys pulchellus","qid":null,"message":"NO_QID_FOUND_AFTER_ALL_ATTEMPTS","extra":null}
{"ts":"2026-02-04T13:15:20.117Z","stage":"QID","conaonicalName":"Dipodomys minor","qid":null,"message":"NO_QID_FOUND_AFTER_ALL_ATTEMPTS","extra":null}
{"ts":"2026-02-04T13:15:20.964Z","stage":"QID","conaonicalName":"Megamys depressidens","qid":null,"message":"NO_QID_FOUND_AFTER_ALL_ATTEMPTS","extra":null}
{"ts":"2026-02-04T13:15:21.142Z","stage":"QID","conaonicalName":"Protophiomys tunisiensis","qid":null,"message":"NO_QID_FOUND_AFTER_ALL_ATTEMPTS","extra":null}
{"ts":"2026-02-04T13:15:21.240Z","stage":"QID","conaonicalName":"Llitun notuca","qid":null,"message":"NO_QID_FOUND_AFTER_ALL_ATTEMPTS","extra":null}
{"ts":"2026-02-04T13:15:21.246Z","stage":"QID","conaonicalName":"Arctomyoides oregonensis","qid":null,"message":"NO_QID_FOUND_AFTER_ALL_ATTEMPTS","extra":null}
{"ts":"2026-02-04T13:15:22.159Z","stage":"QID","conaonicalName":"Sciurus vortmani","qid":null,"message":"NO_QID_FOUND_AFTER_ALL_ATTEMPTS","extra":null}
{"ts":"2026-02-04T13:15:23.393Z","stage":"QID","conaonicalName":"Zegdoumys lavocati","qid":null,"message":"NO_QID_FOUND_AFTER_ALL_ATTEMPTS","extra":null}
{"ts":"2026-02-04T13:15:23.393Z","stage":"QID","conaonicalName":"Pappocricetodon rencunensis","qid":null,"message":"NO_QID_FOUND_AFTER_ALL_ATTEMPTS","extra":null}
{"ts":"2026-02-04T13:15:23.393Z","stage":"QID","conaonicalName":"Tenudomys ridgeviewensis","qid":null,"message":"NO_QID_FOUND_AFTER_ALL_ATTEMPTS","extra":null}
{"ts":"2026-02-04T13:15:23.393Z","stage":"QID","conaonicalName":"Mesoprocta hypsodus","qid":null,"message":"NO_QID_FOUND_AFTER_ALL_ATTEMPTS","extra":null}
{"ts":"2026-02-04T13:15:24.622Z","stage":"QID","conaonicalName":"Yuomys huheboerhensis","qid":null,"message":"NO_QID_FOUND_AFTER_ALL_ATTEMPTS","extra":null}
{"ts":"2026-02-04T13:15:24.622Z","stage":"QID","conaonicalName":"Hispanomys adroveri","qid":null,"message":"NO_QID_FOUND_AFTER_ALL_ATTEMPTS","extra":null}
{"ts":"2026-02-04T13:15:25.760Z","stage":"QID","conaonicalName":"Paramys dispar","qid":null,"message":"NO_QID_FOUND_AFTER_ALL_ATTEMPTS","extra":null}
{"ts":"2026-02-04T13:15:25.850Z","stage":"QID","conaonicalName":"Eoincamys pascuali","qid":null,"message":"NO_QID_FOUND_AFTER_ALL_ATTEMPTS","extra":null}
{"ts":"2026-02-04T13:15:25.850Z","stage":"QID","conaonicalName":"Megacricetodon beijiangensis","qid":null,"message":"NO_QID_FOUND_AFTER_ALL_ATTEMPTS","extra":null}
{"ts":"2026-02-04T13:15:25.850Z","stage":"QID","conaonicalName":"Poamys rivicola","qid":null,"message":"NO_QID_FOUND_AFTER_ALL_ATTEMPTS","extra":null}
{"ts":"2026-02-04T13:15:26.961Z","stage":"QID","conaonicalName":"Oxynocricetodon erenensis","qid":null,"message":"NO_QID_FOUND_AFTER_ALL_ATTEMPTS","extra":null}
{"ts":"2026-02-04T13:15:26.978Z","stage":"QID","conaonicalName":"Tataromys deflexus","qid":null,"message":"NO_QID_FOUND_AFTER_ALL_ATTEMPTS","extra":null}
{"ts":"2026-02-04T13:15:28.207Z","stage":"QID","conaonicalName":"Stichomys diminutus","qid":null,"message":"NO_QID_FOUND_AFTER_ALL_ATTEMPTS","extra":null}
{"ts":"2026-02-04T13:15:28.207Z","stage":"QID","conaonicalName":"Cardiomys cavinus","qid":null,"message":"NO_QID_FOUND_AFTER_ALL_ATTEMPTS","extra":null}
{"ts":"2026-02-04T13:15:28.207Z","stage":"QID","conaonicalName":"Heterosminthus lanzhouensis","qid":null,"message":"NO_QID_FOUND_AFTER_ALL_ATTEMPTS","extra":null}
{"ts":"2026-02-04T13:15:28.207Z","stage":"QID","conaonicalName":"Basirepomys robertsi","qid":null,"message":"NO_QID_FOUND_AFTER_ALL_ATTEMPTS","extra":null}
{"ts":"2026-02-04T13:15:29.434Z","stage":"QID","conaonicalName":"Paronychomys shotwelli","qid":null,"message":"NO_QID_FOUND_AFTER_ALL_ATTEMPTS","extra":null}
{"ts":"2026-02-04T13:15:30.570Z","stage":"QID","conaonicalName":"Prosciurus ordosicus","qid":null,"message":"NO_QID_FOUND_AFTER_ALL_ATTEMPTS","extra":null}
{"ts":"2026-02-04T13:15:30.576Z","stage":"QID","conaonicalName":"Sharomys singularis","qid":null,"message":"NO_QID_FOUND_AFTER_ALL_ATTEMPTS","extra":null}
{"ts":"2026-02-04T13:15:30.660Z","stage":"QID","conaonicalName":"Perimys transversus","qid":null,"message":"NO_QID_FOUND_AFTER_ALL_ATTEMPTS","extra":null}
{"ts":"2026-02-04T13:15:30.660Z","stage":"QID","conaonicalName":"Changquin woodi","qid":null,"message":"NO_QID_FOUND_AFTER_ALL_ATTEMPTS","extra":null}
{"ts":"2026-02-04T13:15:30.764Z","stage":"QID","conaonicalName":"Eomyodon bolligeri","qid":null,"message":"NO_QID_FOUND_AFTER_ALL_ATTEMPTS","extra":null}
{"ts":"2026-02-04T13:15:31.788Z","stage":"QID","conaonicalName":"Suomys selenis","qid":null,"message":"NO_QID_FOUND_AFTER_ALL_ATTEMPTS","extra":null}
{"ts":"2026-02-04T13:15:33.018Z","stage":"QID","conaonicalName":"Scleromys osbornianus","qid":null,"message":"NO_QID_FOUND_AFTER_ALL_ATTEMPTS","extra":null}
{"ts":"2026-02-04T13:15:33.018Z","stage":"QID","conaonicalName":"Mioheteromys subterior","qid":null,"message":"NO_QID_FOUND_AFTER_ALL_ATTEMPTS","extra":null}
{"ts":"2026-02-04T13:15:33.018Z","stage":"QID","conaonicalName":"Gobiomys exiguus","qid":null,"message":"NO_QID_FOUND_AFTER_ALL_ATTEMPTS","extra":null}
{"ts":"2026-02-04T13:15:33.018Z","stage":"QID","conaonicalName":"Tamquammys longus","qid":null,"message":"NO_QID_FOUND_AFTER_ALL_ATTEMPTS","extra":null}
{"ts":"2026-02-04T13:15:34.247Z","stage":"QID","conaonicalName":"Gliruloides zhoui","qid":null,"message":"NO_QID_FOUND_AFTER_ALL_ATTEMPTS","extra":null}
{"ts":"2026-02-04T13:15:34.247Z","stage":"QID","conaonicalName":"Neoreomys huilensis","qid":null,"message":"NO_QID_FOUND_AFTER_ALL_ATTEMPTS","extra":null}
{"ts":"2026-02-04T13:15:35.372Z","stage":"QID","conaonicalName":"Parasteiromys friantae","qid":null,"message":"NO_QID_FOUND_AFTER_ALL_ATTEMPTS","extra":null}
{"ts":"2026-02-04T13:15:35.388Z","stage":"QID","conaonicalName":"Eosallamys simpsoni","qid":null,"message":"NO_QID_FOUND_AFTER_ALL_ATTEMPTS","extra":null}
{"ts":"2026-02-04T13:15:35.476Z","stage":"QID","conaonicalName":"Pseudocricetodon incertus","qid":null,"message":"NO_QID_FOUND_AFTER_ALL_ATTEMPTS","extra":null}
{"ts":"2026-02-04T13:15:35.476Z","stage":"QID","conaonicalName":"Nonomys gutzleri","qid":null,"message":"NO_QID_FOUND_AFTER_ALL_ATTEMPTS","extra":null}
{"ts":"2026-02-04T13:15:36.601Z","stage":"QID","conaonicalName":"Eoespina woodi","qid":null,"message":"NO_QID_FOUND_AFTER_ALL_ATTEMPTS","extra":null}
{"ts":"2026-02-04T13:15:37.831Z","stage":"QID","conaonicalName":"Contracavia matercula","qid":null,"message":"NO_QID_FOUND_AFTER_ALL_ATTEMPTS","extra":null}
{"ts":"2026-02-04T13:15:37.831Z","stage":"QID","conaonicalName":"Entoptychus rostratus","qid":null,"message":"NO_QID_FOUND_AFTER_ALL_ATTEMPTS","extra":null}
{"ts":"2026-02-04T13:15:38.980Z","stage":"QID","conaonicalName":"Microscleromys paradoxalis","qid":null,"message":"NO_QID_FOUND_AFTER_ALL_ATTEMPTS","extra":null}
{"ts":"2026-02-04T13:15:38.987Z","stage":"QID","conaonicalName":"Propalaeocastor kumbulakensis","qid":null,"message":"NO_QID_FOUND_AFTER_ALL_ATTEMPTS","extra":null}
{"ts":"2026-02-04T13:15:38.993Z","stage":"QID","conaonicalName":"Tamquammys robustus","qid":null,"message":"NO_QID_FOUND_AFTER_ALL_ATTEMPTS","extra":null}
{"ts":"2026-02-04T13:15:39.059Z","stage":"QID","conaonicalName":"Paranamys typicus","qid":null,"message":"NO_QID_FOUND_AFTER_ALL_ATTEMPTS","extra":null}
{"ts":"2026-02-04T13:15:40.196Z","stage":"QID","conaonicalName":"Yongshengomys extensus","qid":null,"message":"NO_QID_FOUND_AFTER_ALL_ATTEMPTS","extra":null}
{"ts":"2026-02-04T13:15:44.792Z","stage":"QID","conaonicalName":"Pithanotomys columnaris","qid":null,"message":"NO_QID_FOUND_AFTER_ALL_ATTEMPTS","extra":null}
{"ts":"2026-02-04T13:15:46.023Z","stage":"QID","conaonicalName":"Sciamys robustus","qid":null,"message":"NO_QID_FOUND_AFTER_ALL_ATTEMPTS","extra":null}
{"ts":"2026-02-04T13:15:46.226Z","stage":"QID","conaonicalName":"Cynomys grisea","qid":null,"message":"NO_QID_FOUND_AFTER_ALL_ATTEMPTS","extra":null}
{"ts":"2026-02-04T13:15:46.226Z","stage":"QID","conaonicalName":"Eomyodon weidmanni","qid":null,"message":"NO_QID_FOUND_AFTER_ALL_ATTEMPTS","extra":null}
{"ts":"2026-02-04T13:15:46.240Z","stage":"QID","conaonicalName":"Zelomys joannes","qid":null,"message":"NO_QID_FOUND_AFTER_ALL_ATTEMPTS","extra":null}
{"ts":"2026-02-04T13:15:46.241Z","stage":"QID","conaonicalName":"Eocardia excavata","qid":null,"message":"NO_QID_FOUND_AFTER_ALL_ATTEMPTS","extra":null}
{"ts":"2026-02-04T13:15:46.253Z","stage":"QID","conaonicalName":"Prosciurus mongoliensis","qid":null,"message":"NO_QID_FOUND_AFTER_ALL_ATTEMPTS","extra":null}
{"ts":"2026-02-04T13:15:47.181Z","stage":"QID","conaonicalName":"Citellus ridgwayi","qid":null,"message":"NO_QID_FOUND_AFTER_ALL_ATTEMPTS","extra":null}
{"ts":"2026-02-04T13:15:48.378Z","stage":"QID","conaonicalName":"Dolicavia minuscula","qid":null,"message":"NO_QID_FOUND_AFTER_ALL_ATTEMPTS","extra":null}
{"ts":"2026-02-04T13:15:48.378Z","stage":"QID","conaonicalName":"Neotoma prefuscipes","qid":null,"message":"NO_QID_FOUND_AFTER_ALL_ATTEMPTS","extra":null}
{"ts":"2026-02-04T13:15:48.378Z","stage":"QID","conaonicalName":"Potamarchus murinus","qid":null,"message":"NO_QID_FOUND_AFTER_ALL_ATTEMPTS","extra":null}
{"ts":"2026-02-04T13:15:48.391Z","stage":"QID","conaonicalName":"Eucricetodon hochheimensis","qid":null,"message":"NO_QID_FOUND_AFTER_ALL_ATTEMPTS","extra":null}
{"ts":"2026-02-04T13:15:48.480Z","stage":"QID","conaonicalName":"Perimys impactus","qid":null,"message":"NO_QID_FOUND_AFTER_ALL_ATTEMPTS","extra":null}
{"ts":"2026-02-04T13:15:49.607Z","stage":"QID","conaonicalName":"Democricetodon kaonou","qid":null,"message":"NO_QID_FOUND_AFTER_ALL_ATTEMPTS","extra":null}
{"ts":"2026-02-04T13:15:49.607Z","stage":"QID","conaonicalName":"Ardynomys olseni","qid":null,"message":"NO_QID_FOUND_AFTER_ALL_ATTEMPTS","extra":null}
{"ts":"2026-02-04T13:15:50.835Z","stage":"QID","conaonicalName":"Heliscomys walshi","qid":null,"message":"NO_QID_FOUND_AFTER_ALL_ATTEMPTS","extra":null}
{"ts":"2026-02-04T13:15:50.835Z","stage":"QID","conaonicalName":"Callodontomys vastatus","qid":null,"message":"NO_QID_FOUND_AFTER_ALL_ATTEMPTS","extra":null}
{"ts":"2026-02-04T13:15:50.835Z","stage":"QID","conaonicalName":"Prothomomys warrenensis","qid":null,"message":"NO_QID_FOUND_AFTER_ALL_ATTEMPTS","extra":null}
{"ts":"2026-02-04T13:15:50.835Z","stage":"QID","conaonicalName":"Diamantomys timius","qid":null,"message":"NO_QID_FOUND_AFTER_ALL_ATTEMPTS","extra":null}
{"ts":"2026-02-04T13:15:52.066Z","stage":"QID","conaonicalName":"Graphiurus saturatus","qid":null,"message":"NO_QID_FOUND_AFTER_ALL_ATTEMPTS","extra":null}
{"ts":"2026-02-04T13:15:52.066Z","stage":"QID","conaonicalName":"Megacricetodon yei","qid":null,"message":"NO_QID_FOUND_AFTER_ALL_ATTEMPTS","extra":null}
{"ts":"2026-02-04T13:15:53.192Z","stage":"QID","conaonicalName":"Loncolicu tretos","qid":null,"message":"NO_QID_FOUND_AFTER_ALL_ATTEMPTS","extra":null}
{"ts":"2026-02-04T13:15:53.192Z","stage":"QID","conaonicalName":"Khodzhentia vinogradovi","qid":null,"message":"NO_QID_FOUND_AFTER_ALL_ATTEMPTS","extra":null}
{"ts":"2026-02-04T13:15:53.192Z","stage":"QID","conaonicalName":"Paramys leptodus","qid":null,"message":"NO_QID_FOUND_AFTER_ALL_ATTEMPTS","extra":null}
{"ts":"2026-02-04T13:15:53.192Z","stage":"QID","conaonicalName":"Incamys menniorum","qid":null,"message":"NO_QID_FOUND_AFTER_ALL_ATTEMPTS","extra":null}
{"ts":"2026-02-04T13:15:53.200Z","stage":"QID","conaonicalName":"Yuomys minggangensis","qid":null,"message":"NO_QID_FOUND_AFTER_ALL_ATTEMPTS","extra":null}
{"ts":"2026-02-04T13:15:54.419Z","stage":"QID","conaonicalName":"Sciurus ballovianus","qid":null,"message":"NO_QID_FOUND_AFTER_ALL_ATTEMPTS","extra":null}
{"ts":"2026-02-04T13:15:54.419Z","stage":"QID","conaonicalName":"Leucokephalos zeffiae","qid":null,"message":"NO_QID_FOUND_AFTER_ALL_ATTEMPTS","extra":null}
{"ts":"2026-02-04T13:15:55.648Z","stage":"QID","conaonicalName":"Pseudoneoreomys leptorhyncus","qid":null,"message":"NO_QID_FOUND_AFTER_ALL_ATTEMPTS","extra":null}
{"ts":"2026-02-04T13:15:55.648Z","stage":"QID","conaonicalName":"Cristadjidaumo skinneri","qid":null,"message":"NO_QID_FOUND_AFTER_ALL_ATTEMPTS","extra":null}
{"ts":"2026-02-04T13:15:55.648Z","stage":"QID","conaonicalName":"Proheteromys bumpi","qid":null,"message":"NO_QID_FOUND_AFTER_ALL_ATTEMPTS","extra":null}
{"ts":"2026-02-04T13:15:55.648Z","stage":"QID","conaonicalName":"Actenomys priscus","qid":null,"message":"NO_QID_FOUND_AFTER_ALL_ATTEMPTS","extra":null}
{"ts":"2026-02-04T13:15:55.648Z","stage":"QID","conaonicalName":"Adelphomys eximius","qid":null,"message":"NO_QID_FOUND_AFTER_ALL_ATTEMPTS","extra":null}
{"ts":"2026-02-04T13:15:56.804Z","stage":"QID","conaonicalName":"Eucricetodon caducus","qid":null,"message":"NO_QID_FOUND_AFTER_ALL_ATTEMPTS","extra":null}
{"ts":"2026-02-04T13:15:56.805Z","stage":"QID","conaonicalName":"Jaculus gordoni","qid":null,"message":"NO_QID_FOUND_AFTER_ALL_ATTEMPTS","extra":null}
{"ts":"2026-02-04T13:15:58.002Z","stage":"QID","conaonicalName":"Metaphiomys schaubi","qid":null,"message":"NO_QID_FOUND_AFTER_ALL_ATTEMPTS","extra":null}
{"ts":"2026-02-04T13:15:58.002Z","stage":"QID","conaonicalName":"Kherem asiatica","qid":null,"message":"NO_QID_FOUND_AFTER_ALL_ATTEMPTS","extra":null}
{"ts":"2026-02-04T13:15:58.003Z","stage":"QID","conaonicalName":"Pliolagostomus notatus","qid":null,"message":"NO_QID_FOUND_AFTER_ALL_ATTEMPTS","extra":null}
{"ts":"2026-02-04T13:15:58.007Z","stage":"QID","conaonicalName":"Megamys holmbergi","qid":null,"message":"NO_QID_FOUND_AFTER_ALL_ATTEMPTS","extra":null}
{"ts":"2026-02-04T13:15:59.232Z","stage":"QID","conaonicalName":"Advenimus burkei","qid":null,"message":"NO_QID_FOUND_AFTER_ALL_ATTEMPTS","extra":null}
{"ts":"2026-02-04T13:15:59.233Z","stage":"QID","conaonicalName":"Capacikala sajakensis","qid":null,"message":"NO_QID_FOUND_AFTER_ALL_ATTEMPTS","extra":null}
{"ts":"2026-02-04T13:15:59.233Z","stage":"QID","conaonicalName":"Galileomys baios","qid":null,"message":"NO_QID_FOUND_AFTER_ALL_ATTEMPTS","extra":null}
{"ts":"2026-02-04T13:16:00.394Z","stage":"QID","conaonicalName":"Yindirtemys xiningensis","qid":null,"message":"NO_QID_FOUND_AFTER_ALL_ATTEMPTS","extra":null}
{"ts":"2026-02-04T13:16:00.394Z","stage":"QID","conaonicalName":"Zapus adamsi","qid":null,"message":"NO_QID_FOUND_AFTER_ALL_ATTEMPTS","extra":null}
{"ts":"2026-02-04T13:16:00.460Z","stage":"QID","conaonicalName":"Luantus toldensis","qid":null,"message":"NO_QID_FOUND_AFTER_ALL_ATTEMPTS","extra":null}
{"ts":"2026-02-04T13:16:00.460Z","stage":"QID","conaonicalName":"Galileomys antelucanus","qid":null,"message":"NO_QID_FOUND_AFTER_ALL_ATTEMPTS","extra":null}
{"ts":"2026-02-04T13:16:01.691Z","stage":"QID","conaonicalName":"Steneofiber hesperus","qid":null,"message":"NO_QID_FOUND_AFTER_ALL_ATTEMPTS","extra":null}
{"ts":"2026-02-04T13:16:01.691Z","stage":"QID","conaonicalName":"Eumys cricetodontoides","qid":null,"message":"NO_QID_FOUND_AFTER_ALL_ATTEMPTS","extra":null}
{"ts":"2026-02-04T13:16:02.814Z","stage":"QID","conaonicalName":"Neoreomys limatus","qid":null,"message":"NO_QID_FOUND_AFTER_ALL_ATTEMPTS","extra":null}
{"ts":"2026-02-04T13:16:02.819Z","stage":"QID","conaonicalName":"Cardiatherium minutum","qid":null,"message":"NO_QID_FOUND_AFTER_ALL_ATTEMPTS","extra":null}
{"ts":"2026-02-04T13:16:02.917Z","stage":"QID","conaonicalName":"Apodecter stromeri","qid":null,"message":"NO_QID_FOUND_AFTER_ALL_ATTEMPTS","extra":null}
{"ts":"2026-02-04T13:16:03.027Z","stage":"QID","conaonicalName":"Olenopsis uncinus","qid":null,"message":"NO_QID_FOUND_AFTER_ALL_ATTEMPTS","extra":null}
{"ts":"2026-02-04T13:16:04.043Z","stage":"QID","conaonicalName":"Pseudoneoreomys pachyrhyncus","qid":null,"message":"NO_QID_FOUND_AFTER_ALL_ATTEMPTS","extra":null}
{"ts":"2026-02-04T13:16:04.044Z","stage":"QID","conaonicalName":"Litodonomys huangheensis","qid":null,"message":"NO_QID_FOUND_AFTER_ALL_ATTEMPTS","extra":null}
{"ts":"2026-02-04T13:16:08.651Z","stage":"QID","conaonicalName":"Cricetops caducus","qid":null,"message":"NO_QID_FOUND_AFTER_ALL_ATTEMPTS","extra":null}
{"ts":"2026-02-04T13:16:09.939Z","stage":"QID","conaonicalName":"Xylechimys obliquus","qid":null,"message":"NO_QID_FOUND_AFTER_ALL_ATTEMPTS","extra":null}
{"ts":"2026-02-04T13:16:10.187Z","stage":"QID","conaonicalName":"Karydomys debruijni","qid":null,"message":"NO_QID_FOUND_AFTER_ALL_ATTEMPTS","extra":null}
{"ts":"2026-02-04T13:16:10.291Z","stage":"QID","conaonicalName":"Ctenomys praderii","qid":null,"message":"NO_QID_FOUND_AFTER_ALL_ATTEMPTS","extra":null}
{"ts":"2026-02-04T13:16:10.291Z","stage":"QID","conaonicalName":"Megacricetodon pusillus","qid":null,"message":"NO_QID_FOUND_AFTER_ALL_ATTEMPTS","extra":null}
{"ts":"2026-02-04T13:16:10.291Z","stage":"QID","conaonicalName":"Cephalomyopsis hipselodontus","qid":null,"message":"NO_QID_FOUND_AFTER_ALL_ATTEMPTS","extra":null}
{"ts":"2026-02-04T13:16:10.598Z","stage":"QID","conaonicalName":"Sciurus vetustus","qid":null,"message":"NO_QID_FOUND_AFTER_ALL_ATTEMPTS","extra":null}
{"ts":"2026-02-04T13:16:11.111Z","stage":"QID","conaonicalName":"Glibia pentalopha","qid":null,"message":"NO_QID_FOUND_AFTER_ALL_ATTEMPTS","extra":null}
{"ts":"2026-02-04T13:16:12.240Z","stage":"QID","conaonicalName":"Prolagostomus profluens","qid":null,"message":"NO_QID_FOUND_AFTER_ALL_ATTEMPTS","extra":null}
{"ts":"2026-02-04T13:16:12.304Z","stage":"QID","conaonicalName":"Phanomys mixtus","qid":null,"message":"NO_QID_FOUND_AFTER_ALL_ATTEMPTS","extra":null}
{"ts":"2026-02-04T13:16:13.465Z","stage":"QID","conaonicalName":"Eusigmomys oppositus","qid":null,"message":"NO_QID_FOUND_AFTER_ALL_ATTEMPTS","extra":null}
{"ts":"2026-02-04T13:16:13.465Z","stage":"QID","conaonicalName":"Neocavia depressidens","qid":null,"message":"NO_QID_FOUND_AFTER_ALL_ATTEMPTS","extra":null}
{"ts":"2026-02-04T13:16:13.465Z","stage":"QID","conaonicalName":"Eucricetodon jilantaiensis","qid":null,"message":"NO_QID_FOUND_AFTER_ALL_ATTEMPTS","extra":null}
{"ts":"2026-02-04T13:16:13.465Z","stage":"QID","conaonicalName":"Tachyoryctoides intermedius","qid":null,"message":"NO_QID_FOUND_AFTER_ALL_ATTEMPTS","extra":null}
{"ts":"2026-02-04T13:16:13.566Z","stage":"QID","conaonicalName":"Prepomonomys bogenfelsi","qid":null,"message":"NO_QID_FOUND_AFTER_ALL_ATTEMPTS","extra":null}
{"ts":"2026-02-04T13:16:14.695Z","stage":"QID","conaonicalName":"Gyriabrus teisseirei","qid":null,"message":"NO_QID_FOUND_AFTER_ALL_ATTEMPTS","extra":null}
{"ts":"2026-02-04T13:16:14.696Z","stage":"QID","conaonicalName":"Eodolichotis elachys","qid":null,"message":"NO_QID_FOUND_AFTER_ALL_ATTEMPTS","extra":null}
{"ts":"2026-02-04T13:16:15.834Z","stage":"QID","conaonicalName":"Patriarchamys batesi","qid":null,"message":"NO_QID_FOUND_AFTER_ALL_ATTEMPTS","extra":null}
{"ts":"2026-02-04T13:16:15.924Z","stage":"QID","conaonicalName":"Eocardia maxima","qid":null,"message":"NO_QID_FOUND_AFTER_ALL_ATTEMPTS","extra":null}
{"ts":"2026-02-04T13:16:15.924Z","stage":"QID","conaonicalName":"Acarechimys leucotheae","qid":null,"message":"NO_QID_FOUND_AFTER_ALL_ATTEMPTS","extra":null}
{"ts":"2026-02-04T13:16:15.924Z","stage":"QID","conaonicalName":"Helanshania deserta","qid":null,"message":"NO_QID_FOUND_AFTER_ALL_ATTEMPTS","extra":null}
{"ts":"2026-02-04T13:16:15.924Z","stage":"QID","conaonicalName":"Namatomys erythrus","qid":null,"message":"NO_QID_FOUND_AFTER_ALL_ATTEMPTS","extra":null}
{"ts":"2026-02-04T13:16:17.059Z","stage":"QID","conaonicalName":"Peromyscus parvus","qid":null,"message":"NO_QID_FOUND_AFTER_ALL_ATTEMPTS","extra":null}
{"ts":"2026-02-04T13:16:17.150Z","stage":"QID","conaonicalName":"Chubutomys navaensis","qid":null,"message":"NO_QID_FOUND_AFTER_ALL_ATTEMPTS","extra":null}
{"ts":"2026-02-04T13:16:18.278Z","stage":"QID","conaonicalName":"Pithanotomys chapalmalensis","qid":null,"message":"NO_QID_FOUND_AFTER_ALL_ATTEMPTS","extra":null}
{"ts":"2026-02-04T13:16:18.278Z","stage":"QID","conaonicalName":"Andersomys laoweni","qid":null,"message":"NO_QID_FOUND_AFTER_ALL_ATTEMPTS","extra":null}
{"ts":"2026-02-04T13:16:18.279Z","stage":"QID","conaonicalName":"Propalaeocastor zaissanensis","qid":null,"message":"NO_QID_FOUND_AFTER_ALL_ATTEMPTS","extra":null}
{"ts":"2026-02-04T13:16:18.279Z","stage":"QID","conaonicalName":"Baluchimys chaudryi","qid":null,"message":"NO_QID_FOUND_AFTER_ALL_ATTEMPTS","extra":null}
{"ts":"2026-02-04T13:16:18.288Z","stage":"QID","conaonicalName":"Distylomys qianlishanensis","qid":null,"message":"NO_QID_FOUND_AFTER_ALL_ATTEMPTS","extra":null}
{"ts":"2026-02-04T13:16:19.508Z","stage":"QID","conaonicalName":"Cephalomys ceciae","qid":null,"message":"NO_QID_FOUND_AFTER_ALL_ATTEMPTS","extra":null}
{"ts":"2026-02-04T13:16:20.643Z","stage":"QID","conaonicalName":"Hodsahibia beamshaiensis","qid":null,"message":"NO_QID_FOUND_AFTER_ALL_ATTEMPTS","extra":null}
{"ts":"2026-02-04T13:16:20.644Z","stage":"QID","conaonicalName":"Eosteiromys segregatus","qid":null,"message":"NO_QID_FOUND_AFTER_ALL_ATTEMPTS","extra":null}
{"ts":"2026-02-04T13:16:20.657Z","stage":"QID","conaonicalName":"Deseadomys arambourgi","qid":null,"message":"NO_QID_FOUND_AFTER_ALL_ATTEMPTS","extra":null}
{"ts":"2026-02-04T13:16:20.662Z","stage":"QID","conaonicalName":"Eosachacui lavocati","qid":null,"message":"NO_QID_FOUND_AFTER_ALL_ATTEMPTS","extra":null}
{"ts":"2026-02-04T13:16:20.734Z","stage":"QID","conaonicalName":"Mubhammys vadumensis","qid":null,"message":"NO_QID_FOUND_AFTER_ALL_ATTEMPTS","extra":null}
{"ts":"2026-02-04T13:16:20.840Z","stage":"QID","conaonicalName":"Perognathus dalquesti","qid":null,"message":"NO_QID_FOUND_AFTER_ALL_ATTEMPTS","extra":null}
{"ts":"2026-02-04T13:16:21.865Z","stage":"QID","conaonicalName":"Notogaulus major","qid":null,"message":"NO_QID_FOUND_AFTER_ALL_ATTEMPTS","extra":null}
{"ts":"2026-02-04T13:16:23.092Z","stage":"QID","conaonicalName":"Tamquammys wilsoni","qid":null,"message":"NO_QID_FOUND_AFTER_ALL_ATTEMPTS","extra":null}
{"ts":"2026-02-04T13:16:23.092Z","stage":"QID","conaonicalName":"Gobiomys asiaticus","qid":null,"message":"NO_QID_FOUND_AFTER_ALL_ATTEMPTS","extra":null}
{"ts":"2026-02-04T13:16:23.092Z","stage":"QID","conaonicalName":"Nothodipoides stirtoni","qid":null,"message":"NO_QID_FOUND_AFTER_ALL_ATTEMPTS","extra":null}
{"ts":"2026-02-04T13:16:23.092Z","stage":"QID","conaonicalName":"Scleromys angustus","qid":null,"message":"NO_QID_FOUND_AFTER_ALL_ATTEMPTS","extra":null}
{"ts":"2026-02-04T13:16:23.104Z","stage":"QID","conaonicalName":"Parasminthus tangingoli","qid":null,"message":"NO_QID_FOUND_AFTER_ALL_ATTEMPTS","extra":null}
{"ts":"2026-02-04T13:16:24.320Z","stage":"QID","conaonicalName":"Palaeoctodon simplicidens","qid":null,"message":"NO_QID_FOUND_AFTER_ALL_ATTEMPTS","extra":null}
{"ts":"2026-02-04T13:16:24.320Z","stage":"QID","conaonicalName":"Megapeomys gigas","qid":null,"message":"NO_QID_FOUND_AFTER_ALL_ATTEMPTS","extra":null}
{"ts":"2026-02-04T13:16:25.458Z","stage":"QID","conaonicalName":"Acaremys preminutus","qid":null,"message":"NO_QID_FOUND_AFTER_ALL_ATTEMPTS","extra":null}
{"ts":"2026-02-04T13:16:25.458Z","stage":"QID","conaonicalName":"Yindirtemys sajakensis","qid":null,"message":"NO_QID_FOUND_AFTER_ALL_ATTEMPTS","extra":null}
{"ts":"2026-02-04T13:16:25.549Z","stage":"QID","conaonicalName":"Eomyodon volkeri","qid":null,"message":"NO_QID_FOUND_AFTER_ALL_ATTEMPTS","extra":null}
{"ts":"2026-02-04T13:16:25.549Z","stage":"QID","conaonicalName":"Hedimys integratus","qid":null,"message":"NO_QID_FOUND_AFTER_ALL_ATTEMPTS","extra":null}
{"ts":"2026-02-04T13:16:25.549Z","stage":"QID","conaonicalName":"Onychomys jinglebobensis","qid":null,"message":"NO_QID_FOUND_AFTER_ALL_ATTEMPTS","extra":null}
{"ts":"2026-02-04T13:16:26.674Z","stage":"QID","conaonicalName":"Protacaremys denisae","qid":null,"message":"NO_QID_FOUND_AFTER_ALL_ATTEMPTS","extra":null}
{"ts":"2026-02-04T13:16:26.782Z","stage":"QID","conaonicalName":"Prosciurus daxnerae","qid":null,"message":"NO_QID_FOUND_AFTER_ALL_ATTEMPTS","extra":null}
{"ts":"2026-02-04T13:16:27.903Z","stage":"QID","conaonicalName":"Tsagankhushumys deriphatus","qid":null,"message":"NO_QID_FOUND_AFTER_ALL_ATTEMPTS","extra":null}
{"ts":"2026-02-04T13:16:27.904Z","stage":"QID","conaonicalName":"Eumysops chapalmalensis","qid":null,"message":"NO_QID_FOUND_AFTER_ALL_ATTEMPTS","extra":null}
{"ts":"2026-02-04T13:16:27.904Z","stage":"QID","conaonicalName":"Perimys dissimilis","qid":null,"message":"NO_QID_FOUND_AFTER_ALL_ATTEMPTS","extra":null}
{"ts":"2026-02-04T13:16:27.907Z","stage":"QID","conaonicalName":"Steneofiber gradatus","qid":null,"message":"NO_QID_FOUND_AFTER_ALL_ATTEMPTS","extra":null}
{"ts":"2026-02-04T13:16:32.410Z","stage":"QID","conaonicalName":"Tetrastylus araucanus","qid":null,"message":"NO_QID_FOUND_AFTER_ALL_ATTEMPTS","extra":null}
{"ts":"2026-02-04T13:16:33.638Z","stage":"QID","conaonicalName":"Stichomys regularis","qid":null,"message":"NO_QID_FOUND_AFTER_ALL_ATTEMPTS","extra":null}
{"ts":"2026-02-04T13:16:33.847Z","stage":"QID","conaonicalName":"Issiodoromys pauffiensis","qid":null,"message":"NO_QID_FOUND_AFTER_ALL_ATTEMPTS","extra":null}
{"ts":"2026-02-04T13:16:33.945Z","stage":"QID","conaonicalName":"Taishanomys changlensis","qid":null,"message":"NO_QID_FOUND_AFTER_ALL_ATTEMPTS","extra":null}
{"ts":"2026-02-04T13:16:33.945Z","stage":"QID","conaonicalName":"Pascualia laeviplicata","qid":null,"message":"NO_QID_FOUND_AFTER_ALL_ATTEMPTS","extra":null}
{"ts":"2026-02-04T13:16:34.762Z","stage":"QID","conaonicalName":"Myopotamus paranensis","qid":null,"message":"NO_QID_FOUND_AFTER_ALL_ATTEMPTS","extra":null}
{"ts":"2026-02-04T13:16:34.767Z","stage":"QID","conaonicalName":"Steiromys pseudonectus","qid":null,"message":"NO_QID_FOUND_AFTER_ALL_ATTEMPTS","extra":null}
{"ts":"2026-02-04T13:16:34.774Z","stage":"QID","conaonicalName":"Heterocricetodon gaimersheimensis","qid":null,"message":"NO_QID_FOUND_AFTER_ALL_ATTEMPTS","extra":null}
{"ts":"2026-02-04T13:16:35.994Z","stage":"QID","conaonicalName":"Shazurus minutus","qid":null,"message":"NO_QID_FOUND_AFTER_ALL_ATTEMPTS","extra":null}
{"ts":"2026-02-04T13:16:37.161Z","stage":"QID","conaonicalName":"Spanocricetodon janvieri","qid":null,"message":"NO_QID_FOUND_AFTER_ALL_ATTEMPTS","extra":null}
{"ts":"2026-02-04T13:16:37.162Z","stage":"QID","conaonicalName":"Yuomys yunnanensis","qid":null,"message":"NO_QID_FOUND_AFTER_ALL_ATTEMPTS","extra":null}
{"ts":"2026-02-04T13:16:37.173Z","stage":"QID","conaonicalName":"Litodontomys chubutensis","qid":null,"message":"NO_QID_FOUND_AFTER_ALL_ATTEMPTS","extra":null}
{"ts":"2026-02-04T13:16:37.220Z","stage":"QID","conaonicalName":"Yuomys huangzhuangensis","qid":null,"message":"NO_QID_FOUND_AFTER_ALL_ATTEMPTS","extra":null}
{"ts":"2026-02-04T13:16:37.335Z","stage":"QID","conaonicalName":"Pappocricetodon neimongolensis","qid":null,"message":"NO_QID_FOUND_AFTER_ALL_ATTEMPTS","extra":null}
{"ts":"2026-02-04T13:16:38.361Z","stage":"QID","conaonicalName":"Parapliosaccomys annae","qid":null,"message":"NO_QID_FOUND_AFTER_ALL_ATTEMPTS","extra":null}
{"ts":"2026-02-04T13:16:39.576Z","stage":"QID","conaonicalName":"Phiocricetomys atavus","qid":null,"message":"NO_QID_FOUND_AFTER_ALL_ATTEMPTS","extra":null}
{"ts":"2026-02-04T13:16:39.576Z","stage":"QID","conaonicalName":"Steiromys segregatus","qid":null,"message":"NO_QID_FOUND_AFTER_ALL_ATTEMPTS","extra":null}
{"ts":"2026-02-04T13:16:39.578Z","stage":"QID","conaonicalName":"Stichomys arenarus","qid":null,"message":"NO_QID_FOUND_AFTER_ALL_ATTEMPTS","extra":null}
{"ts":"2026-02-04T13:16:39.679Z","stage":"QID","conaonicalName":"Eobranisamys riverai","qid":null,"message":"NO_QID_FOUND_AFTER_ALL_ATTEMPTS","extra":null}
{"ts":"2026-02-04T13:16:39.679Z","stage":"QID","conaonicalName":"Palasiomys conulus","qid":null,"message":"NO_QID_FOUND_AFTER_ALL_ATTEMPTS","extra":null}
{"ts":"2026-02-04T13:16:40.806Z","stage":"QID","conaonicalName":"Protophiomys algeriensis","qid":null,"message":"NO_QID_FOUND_AFTER_ALL_ATTEMPTS","extra":null}
{"ts":"2026-02-04T13:16:40.907Z","stage":"QID","conaonicalName":"Allosminthus majusculus","qid":null,"message":"NO_QID_FOUND_AFTER_ALL_ATTEMPTS","extra":null}
{"ts":"2026-02-04T13:16:42.036Z","stage":"QID","conaonicalName":"Corbarimys nomadus","qid":null,"message":"NO_QID_FOUND_AFTER_ALL_ATTEMPTS","extra":null}
{"ts":"2026-02-04T13:16:42.036Z","stage":"QID","conaonicalName":"Tetrastylus giganteus","qid":null,"message":"NO_QID_FOUND_AFTER_ALL_ATTEMPTS","extra":null}
{"ts":"2026-02-04T13:16:42.036Z","stage":"QID","conaonicalName":"Phoberomys bordasi","qid":null,"message":"NO_QID_FOUND_AFTER_ALL_ATTEMPTS","extra":null}
{"ts":"2026-02-04T13:16:43.175Z","stage":"QID","conaonicalName":"Perimys pacificus","qid":null,"message":"NO_QID_FOUND_AFTER_ALL_ATTEMPTS","extra":null}
{"ts":"2026-02-04T13:16:43.266Z","stage":"QID","conaonicalName":"Sciamys petisensis","qid":null,"message":"NO_QID_FOUND_AFTER_ALL_ATTEMPTS","extra":null}
{"ts":"2026-02-04T13:16:43.266Z","stage":"QID","conaonicalName":"Atavocricetodon paaliense","qid":null,"message":"NO_QID_FOUND_AFTER_ALL_ATTEMPTS","extra":null}
{"ts":"2026-02-04T13:16:44.389Z","stage":"QID","conaonicalName":"Palaeocastor wahlerti","qid":null,"message":"NO_QID_FOUND_AFTER_ALL_ATTEMPTS","extra":null}
{"ts":"2026-02-04T13:16:44.398Z","stage":"QID","conaonicalName":"Argyromys aralensis","qid":null,"message":"NO_QID_FOUND_AFTER_ALL_ATTEMPTS","extra":null}
{"ts":"2026-02-04T13:16:44.399Z","stage":"QID","conaonicalName":"Steneofiber barbouri","qid":null,"message":"NO_QID_FOUND_AFTER_ALL_ATTEMPTS","extra":null}
{"ts":"2026-02-04T13:16:44.492Z","stage":"QID","conaonicalName":"Adolomys ameristus","qid":null,"message":"NO_QID_FOUND_AFTER_ALL_ATTEMPTS","extra":null}
{"ts":"2026-02-04T13:16:45.583Z","stage":"QID","conaonicalName":"Eumysops formosus","qid":null,"message":"NO_QID_FOUND_AFTER_ALL_ATTEMPTS","extra":null}
{"ts":"2026-02-04T13:16:45.618Z","stage":"QID","conaonicalName":"Ninamys arboraptus","qid":null,"message":"NO_QID_FOUND_AFTER_ALL_ATTEMPTS","extra":null}
{"ts":"2026-02-04T13:16:45.624Z","stage":"QID","conaonicalName":"Protacaremys amplus","qid":null,"message":"NO_QID_FOUND_AFTER_ALL_ATTEMPTS","extra":null}
{"ts":"2026-02-04T13:16:46.848Z","stage":"QID","conaonicalName":"Metanoiamys paradoxus","qid":null,"message":"NO_QID_FOUND_AFTER_ALL_ATTEMPTS","extra":null}
{"ts":"2026-02-04T13:16:46.848Z","stage":"QID","conaonicalName":"Dolosimus dolus","qid":null,"message":"NO_QID_FOUND_AFTER_ALL_ATTEMPTS","extra":null}
{"ts":"2026-02-04T13:16:46.848Z","stage":"QID","conaonicalName":"Yindirtemys shevyrevae","qid":null,"message":"NO_QID_FOUND_AFTER_ALL_ATTEMPTS","extra":null}
{"ts":"2026-02-04T13:16:47.976Z","stage":"QID","conaonicalName":"Eocricetodon borealis","qid":null,"message":"NO_QID_FOUND_AFTER_ALL_ATTEMPTS","extra":null}
{"ts":"2026-02-04T13:16:48.076Z","stage":"QID","conaonicalName":"Mergenomys orientalis","qid":null,"message":"NO_QID_FOUND_AFTER_ALL_ATTEMPTS","extra":null}
{"ts":"2026-02-04T13:16:48.076Z","stage":"QID","conaonicalName":"Eumys eliensis","qid":null,"message":"NO_QID_FOUND_AFTER_ALL_ATTEMPTS","extra":null}
{"ts":"2026-02-04T13:16:48.076Z","stage":"QID","conaonicalName":"Yunomys wui","qid":null,"message":"NO_QID_FOUND_AFTER_ALL_ATTEMPTS","extra":null}
{"ts":"2026-02-04T13:16:49.202Z","stage":"QID","conaonicalName":"Oryzomys fossilis","qid":null,"message":"NO_QID_FOUND_AFTER_ALL_ATTEMPTS","extra":null}
{"ts":"2026-02-04T13:16:49.204Z","stage":"QID","conaonicalName":"Scleromys colombianus","qid":null,"message":"NO_QID_FOUND_AFTER_ALL_ATTEMPTS","extra":null}
{"ts":"2026-02-04T13:16:49.304Z","stage":"QID","conaonicalName":"Acritophiomys bowni","qid":null,"message":"NO_QID_FOUND_AFTER_ALL_ATTEMPTS","extra":null}
{"ts":"2026-02-04T13:16:50.431Z","stage":"QID","conaonicalName":"Parasminthus parvulus","qid":null,"message":"NO_QID_FOUND_AFTER_ALL_ATTEMPTS","extra":null}
{"ts":"2026-02-04T13:16:50.431Z","stage":"QID","conaonicalName":"Cephalomys bolivianus","qid":null,"message":"NO_QID_FOUND_AFTER_ALL_ATTEMPTS","extra":null}
{"ts":"2026-02-04T13:16:50.431Z","stage":"QID","conaonicalName":"Hodsahibia kayi","qid":null,"message":"NO_QID_FOUND_AFTER_ALL_ATTEMPTS","extra":null}
{"ts":"2026-02-04T13:16:50.443Z","stage":"QID","conaonicalName":"Deseadomys loomisi","qid":null,"message":"NO_QID_FOUND_AFTER_ALL_ATTEMPTS","extra":null}
{"ts":"2026-02-04T13:16:56.883Z","stage":"QID","conaonicalName":"Aenigmys diamantensis","qid":null,"message":"NO_QID_FOUND_AFTER_ALL_ATTEMPTS","extra":null}
{"ts":"2026-02-04T13:16:56.884Z","stage":"QID","conaonicalName":"Fahlbuschia freudenthali","qid":null,"message":"NO_QID_FOUND_AFTER_ALL_ATTEMPTS","extra":null}
{"ts":"2026-02-04T13:16:56.884Z","stage":"QID","conaonicalName":"Baluchimys krabiense","qid":null,"message":"NO_QID_FOUND_AFTER_ALL_ATTEMPTS","extra":null}
{"ts":"2026-02-04T13:16:56.884Z","stage":"QID","conaonicalName":"Distylomys tedfordi","qid":null,"message":"NO_QID_FOUND_AFTER_ALL_ATTEMPTS","extra":null}
{"ts":"2026-02-04T13:16:56.884Z","stage":"QID","conaonicalName":"Propalaeocastor kazachstanicus","qid":null,"message":"NO_QID_FOUND_AFTER_ALL_ATTEMPTS","extra":null}
{"ts":"2026-02-04T13:16:57.188Z","stage":"QID","conaonicalName":"Paramys relictus","qid":null,"message":"NO_QID_FOUND_AFTER_ALL_ATTEMPTS","extra":null}
{"ts":"2026-02-04T13:16:57.804Z","stage":"QID","conaonicalName":"Protadelphomys latus","qid":null,"message":"NO_QID_FOUND_AFTER_ALL_ATTEMPTS","extra":null}
{"ts":"2026-02-04T13:16:58.931Z","stage":"QID","conaonicalName":"Cynomys socialis","qid":null,"message":"NO_QID_FOUND_AFTER_ALL_ATTEMPTS","extra":null}
{"ts":"2026-02-04T13:16:58.931Z","stage":"QID","conaonicalName":"Eocardia gracilis","qid":null,"message":"NO_QID_FOUND_AFTER_ALL_ATTEMPTS","extra":null}
{"ts":"2026-02-04T13:16:58.933Z","stage":"QID","conaonicalName":"Protohummus dango","qid":null,"message":"NO_QID_FOUND_AFTER_ALL_ATTEMPTS","extra":null}
{"ts":"2026-02-04T13:16:58.934Z","stage":"QID","conaonicalName":"Chubutomys leucoreios","qid":null,"message":"NO_QID_FOUND_AFTER_ALL_ATTEMPTS","extra":null}
{"ts":"2026-02-04T13:16:59.012Z","stage":"QID","conaonicalName":"Aksyiromys dalos","qid":null,"message":"NO_QID_FOUND_AFTER_ALL_ATTEMPTS","extra":null}
{"ts":"2026-02-04T13:17:00.147Z","stage":"QID","conaonicalName":"Tylionomys voorhiesi","qid":null,"message":"NO_QID_FOUND_AFTER_ALL_ATTEMPTS","extra":null}
{"ts":"2026-02-04T13:17:00.171Z","stage":"QID","conaonicalName":"Tuscahomys worlandensis","qid":null,"message":"NO_QID_FOUND_AFTER_ALL_ATTEMPTS","extra":null}
{"ts":"2026-02-04T13:17:01.390Z","stage":"QID","conaonicalName":"Witenia yolua","qid":null,"message":"NO_QID_FOUND_AFTER_ALL_ATTEMPTS","extra":null}
{"ts":"2026-02-04T13:17:01.390Z","stage":"QID","conaonicalName":"Theridomys americanus","qid":null,"message":"NO_QID_FOUND_AFTER_ALL_ATTEMPTS","extra":null}
{"ts":"2026-02-04T13:17:01.390Z","stage":"QID","conaonicalName":"Leidymys vetus","qid":null,"message":"NO_QID_FOUND_AFTER_ALL_ATTEMPTS","extra":null}
{"ts":"2026-02-04T13:17:01.390Z","stage":"QID","conaonicalName":"Rhodanodolichotis vucetichae","qid":null,"message":"NO_QID_FOUND_AFTER_ALL_ATTEMPTS","extra":null}
{"ts":"2026-02-04T13:17:01.390Z","stage":"QID","conaonicalName":"Eodolichotis maddeni","qid":null,"message":"NO_QID_FOUND_AFTER_ALL_ATTEMPTS","extra":null}
{"ts":"2026-02-04T13:17:02.534Z","stage":"QID","conaonicalName":"Citellus bensoni","qid":null,"message":"NO_QID_FOUND_AFTER_ALL_ATTEMPTS","extra":null}
{"ts":"2026-02-04T13:17:02.559Z","stage":"QID","conaonicalName":"Eumysops parodii","qid":null,"message":"NO_QID_FOUND_AFTER_ALL_ATTEMPTS","extra":null}
{"ts":"2026-02-04T13:17:03.744Z","stage":"QID","conaonicalName":"Dushimys larsi","qid":null,"message":"NO_QID_FOUND_AFTER_ALL_ATTEMPTS","extra":null}
{"ts":"2026-02-04T13:17:03.744Z","stage":"QID","conaonicalName":"Eopululo wigmorei","qid":null,"message":"NO_QID_FOUND_AFTER_ALL_ATTEMPTS","extra":null}
{"ts":"2026-02-04T13:17:03.744Z","stage":"QID","conaonicalName":"Tachyoryctoides padre","qid":null,"message":"NO_QID_FOUND_AFTER_ALL_ATTEMPTS","extra":null}
{"ts":"2026-02-04T13:17:03.752Z","stage":"QID","conaonicalName":"Tuscahomys walshi","qid":null,"message":"NO_QID_FOUND_AFTER_ALL_ATTEMPTS","extra":null}
{"ts":"2026-02-04T13:17:03.845Z","stage":"QID","conaonicalName":"Schistomys crassus","qid":null,"message":"NO_QID_FOUND_AFTER_ALL_ATTEMPTS","extra":null}
{"ts":"2026-02-04T13:17:04.974Z","stage":"QID","conaonicalName":"Graphimys provectus","qid":null,"message":"NO_QID_FOUND_AFTER_ALL_ATTEMPTS","extra":null}
{"ts":"2026-02-04T13:17:04.974Z","stage":"QID","conaonicalName":"Geomys minor","qid":null,"message":"NO_QID_FOUND_AFTER_ALL_ATTEMPTS","extra":null}
{"ts":"2026-02-04T13:17:06.202Z","stage":"QID","conaonicalName":"Zindapiria quadricollis","qid":null,"message":"NO_QID_FOUND_AFTER_ALL_ATTEMPTS","extra":null}
{"ts":"2026-02-04T13:17:06.202Z","stage":"QID","conaonicalName":"Dianomys qujingensis","qid":null,"message":"NO_QID_FOUND_AFTER_ALL_ATTEMPTS","extra":null}
{"ts":"2026-02-04T13:17:06.202Z","stage":"QID","conaonicalName":"Cricetodon schaubi","qid":null,"message":"NO_QID_FOUND_AFTER_ALL_ATTEMPTS","extra":null}
{"ts":"2026-02-04T13:17:06.202Z","stage":"QID","conaonicalName":"Kabirmys prius","qid":null,"message":"NO_QID_FOUND_AFTER_ALL_ATTEMPTS","extra":null}
{"ts":"2026-02-04T13:17:07.353Z","stage":"QID","conaonicalName":"Soriamys ganganensis","qid":null,"message":"NO_QID_FOUND_AFTER_ALL_ATTEMPTS","extra":null}
{"ts":"2026-02-04T13:17:07.428Z","stage":"QID","conaonicalName":"Cricetops auster","qid":null,"message":"NO_QID_FOUND_AFTER_ALL_ATTEMPTS","extra":null}
{"ts":"2026-02-04T13:17:08.556Z","stage":"QID","conaonicalName":"Cedromus savannae","qid":null,"message":"NO_QID_FOUND_AFTER_ALL_ATTEMPTS","extra":null}
{"ts":"2026-02-04T13:17:08.556Z","stage":"QID","conaonicalName":"Simplimus indivisus","qid":null,"message":"NO_QID_FOUND_AFTER_ALL_ATTEMPTS","extra":null}
{"ts":"2026-02-04T13:17:08.556Z","stage":"QID","conaonicalName":"Cardiodon leidyi","qid":null,"message":"NO_QID_FOUND_AFTER_ALL_ATTEMPTS","extra":null}
{"ts":"2026-02-04T13:17:08.562Z","stage":"QID","conaonicalName":"Litodonomys xishuiensis","qid":null,"message":"NO_QID_FOUND_AFTER_ALL_ATTEMPTS","extra":null}
{"ts":"2026-02-04T13:17:08.658Z","stage":"QID","conaonicalName":"Phiomys andrewsi","qid":null,"message":"NO_QID_FOUND_AFTER_ALL_ATTEMPTS","extra":null}
{"ts":"2026-02-04T13:17:09.848Z","stage":"QID","conaonicalName":"Entoptychus sperryi","qid":null,"message":"NO_QID_FOUND_AFTER_ALL_ATTEMPTS","extra":null}
{"ts":"2026-02-04T13:17:10.942Z","stage":"QID","conaonicalName":"Branisamys luribayensis","qid":null,"message":"NO_QID_FOUND_AFTER_ALL_ATTEMPTS","extra":null}
{"ts":"2026-02-04T13:17:10.948Z","stage":"QID","conaonicalName":"Acaremys major","qid":null,"message":"NO_QID_FOUND_AFTER_ALL_ATTEMPTS","extra":null}
{"ts":"2026-02-04T13:17:10.948Z","stage":"QID","conaonicalName":"Yuanomys zhoui","qid":null,"message":"NO_QID_FOUND_AFTER_ALL_ATTEMPTS","extra":null}
{"ts":"2026-02-04T13:17:10.961Z","stage":"QID","conaonicalName":"Castor peninsulatus","qid":null,"message":"NO_QID_FOUND_AFTER_ALL_ATTEMPTS","extra":null}
{"ts":"2026-02-04T13:17:11.016Z","stage":"QID","conaonicalName":"Disallomys robustus","qid":null,"message":"NO_QID_FOUND_AFTER_ALL_ATTEMPTS","extra":null}
{"ts":"2026-02-04T13:17:11.217Z","stage":"QID","conaonicalName":"Luanthus initialis","qid":null,"message":"NO_QID_FOUND_AFTER_ALL_ATTEMPTS","extra":null}
{"ts":"2026-02-04T13:17:12.163Z","stage":"QID","conaonicalName":"Yindirtemys deflexus","qid":null,"message":"NO_QID_FOUND_AFTER_ALL_ATTEMPTS","extra":null}
{"ts":"2026-02-04T13:17:13.368Z","stage":"QID","conaonicalName":"Microparamys hottingeri","qid":null,"message":"NO_QID_FOUND_AFTER_ALL_ATTEMPTS","extra":null}
{"ts":"2026-02-04T13:17:13.368Z","stage":"QID","conaonicalName":"Perimys perpinguis","qid":null,"message":"NO_QID_FOUND_AFTER_ALL_ATTEMPTS","extra":null}
{"ts":"2026-02-04T13:17:13.368Z","stage":"QID","conaonicalName":"Steneofiber fossor","qid":null,"message":"NO_QID_FOUND_AFTER_ALL_ATTEMPTS","extra":null}
{"ts":"2026-02-04T13:17:13.376Z","stage":"QID","conaonicalName":"Advenimus ulungurensis","qid":null,"message":"NO_QID_FOUND_AFTER_ALL_ATTEMPTS","extra":null}
{"ts":"2026-02-04T13:17:13.376Z","stage":"QID","conaonicalName":"Comtia bernardi","qid":null,"message":"NO_QID_FOUND_AFTER_ALL_ATTEMPTS","extra":null}
{"ts":"2026-02-04T13:17:13.471Z","stage":"QID","conaonicalName":"Vallehermosomys merlinae","qid":null,"message":"NO_QID_FOUND_AFTER_ALL_ATTEMPTS","extra":null}
{"ts":"2026-02-04T13:17:17.987Z","stage":"QID","conaonicalName":"Allosminthus ernos","qid":null,"message":"NO_QID_FOUND_AFTER_ALL_ATTEMPTS","extra":null}
{"ts":"2026-02-04T13:17:19.204Z","stage":"QID","conaonicalName":"Metaphiomys beadnelli","qid":null,"message":"NO_QID_FOUND_AFTER_ALL_ATTEMPTS","extra":null}
{"ts":"2026-02-04T13:17:19.320Z","stage":"QID","conaonicalName":"Potwarmus thailandicus","qid":null,"message":"NO_QID_FOUND_AFTER_ALL_ATTEMPTS","extra":null}
{"ts":"2026-02-04T13:17:19.320Z","stage":"QID","conaonicalName":"Willidewu esteparius","qid":null,"message":"NO_QID_FOUND_AFTER_ALL_ATTEMPTS","extra":null}
{"ts":"2026-02-04T13:17:19.408Z","stage":"QID","conaonicalName":"Paradelphomys fissus","qid":null,"message":"NO_QID_FOUND_AFTER_ALL_ATTEMPTS","extra":null}
{"ts":"2026-02-04T13:17:19.426Z","stage":"QID","conaonicalName":"Cristadjidaumo mckennai","qid":null,"message":"NO_QID_FOUND_AFTER_ALL_ATTEMPTS","extra":null}
{"ts":"2026-02-04T13:17:19.427Z","stage":"QID","conaonicalName":"Eucricetodon occasionalis","qid":null,"message":"NO_QID_FOUND_AFTER_ALL_ATTEMPTS","extra":null}
{"ts":"2026-02-04T13:17:19.446Z","stage":"QID","conaonicalName":"Protophiomys durattalahensis","qid":null,"message":"NO_QID_FOUND_AFTER_ALL_ATTEMPTS","extra":null}
{"ts":"2026-02-04T13:17:21.562Z","stage":"QID","conaonicalName":"Prolagostomus imperialis","qid":null,"message":"NO_QID_FOUND_AFTER_ALL_ATTEMPTS","extra":null}
{"ts":"2026-02-04T13:17:21.562Z","stage":"QID","conaonicalName":"Yuomys eleganes","qid":null,"message":"NO_QID_FOUND_AFTER_ALL_ATTEMPTS","extra":null}
{"ts":"2026-02-04T13:17:21.562Z","stage":"QID","conaonicalName":"Kerosinia variabilis","qid":null,"message":"NO_QID_FOUND_AFTER_ALL_ATTEMPTS","extra":null}
{"ts":"2026-02-04T13:17:21.562Z","stage":"QID","conaonicalName":"Prozenkerella saharaensis","qid":null,"message":"NO_QID_FOUND_AFTER_ALL_ATTEMPTS","extra":null}
{"ts":"2026-02-04T13:17:21.562Z","stage":"QID","conaonicalName":"Perognathus huastecensis","qid":null,"message":"NO_QID_FOUND_AFTER_ALL_ATTEMPTS","extra":null}
{"ts":"2026-02-04T13:17:21.562Z","stage":"QID","conaonicalName":"Microtus cautus","qid":null,"message":"NO_QID_FOUND_AFTER_ALL_ATTEMPTS","extra":null}
{"ts":"2026-02-04T13:17:22.791Z","stage":"QID","conaonicalName":"Spaniomys biplicatus","qid":null,"message":"NO_QID_FOUND_AFTER_ALL_ATTEMPTS","extra":null}
{"ts":"2026-02-04T13:17:22.791Z","stage":"QID","conaonicalName":"Stichomys planus","qid":null,"message":"NO_QID_FOUND_AFTER_ALL_ATTEMPTS","extra":null}
{"ts":"2026-02-04T13:17:23.946Z","stage":"QID","conaonicalName":"Heterosminthus orientalis","qid":null,"message":"NO_QID_FOUND_AFTER_ALL_ATTEMPTS","extra":null}
{"ts":"2026-02-04T13:17:23.950Z","stage":"QID","conaonicalName":"Sciamys principalis","qid":null,"message":"NO_QID_FOUND_AFTER_ALL_ATTEMPTS","extra":null}
{"ts":"2026-02-04T13:17:23.956Z","stage":"QID","conaonicalName":"Prosciurus pristinus","qid":null,"message":"NO_QID_FOUND_AFTER_ALL_ATTEMPTS","extra":null}
{"ts":"2026-02-04T13:17:23.956Z","stage":"QID","conaonicalName":"Prodolichotis guerreroi","qid":null,"message":"NO_QID_FOUND_AFTER_ALL_ATTEMPTS","extra":null}
{"ts":"2026-02-04T13:17:24.018Z","stage":"QID","conaonicalName":"Eumysodon spurius","qid":null,"message":"NO_QID_FOUND_AFTER_ALL_ATTEMPTS","extra":null}
{"ts":"2026-02-04T13:17:25.159Z","stage":"QID","conaonicalName":"Youngomys pisinnus","qid":null,"message":"NO_QID_FOUND_AFTER_ALL_ATTEMPTS","extra":null}
{"ts":"2026-02-04T13:17:25.159Z","stage":"QID","conaonicalName":"Zelomys orientalis","qid":null,"message":"NO_QID_FOUND_AFTER_ALL_ATTEMPTS","extra":null}
{"ts":"2026-02-04T13:17:25.248Z","stage":"QID","conaonicalName":"Eoctodon crassiusculus","qid":null,"message":"NO_QID_FOUND_AFTER_ALL_ATTEMPTS","extra":null}
{"ts":"2026-02-04T13:17:26.373Z","stage":"QID","conaonicalName":"Paciculus cedrus","qid":null,"message":"NO_QID_FOUND_AFTER_ALL_ATTEMPTS","extra":null}
{"ts":"2026-02-04T13:17:26.373Z","stage":"QID","conaonicalName":"Neimengomys qii","qid":null,"message":"NO_QID_FOUND_AFTER_ALL_ATTEMPTS","extra":null}
{"ts":"2026-02-04T13:17:26.373Z","stage":"QID","conaonicalName":"Tamquammys dispinorum","qid":null,"message":"NO_QID_FOUND_AFTER_ALL_ATTEMPTS","extra":null}
{"ts":"2026-02-04T13:17:26.373Z","stage":"QID","conaonicalName":"Metaparamys dawsonae","qid":null,"message":"NO_QID_FOUND_AFTER_ALL_ATTEMPTS","extra":null}
{"ts":"2026-02-04T13:17:26.374Z","stage":"QID","conaonicalName":"Propalaeocastor butselensis","qid":null,"message":"NO_QID_FOUND_AFTER_ALL_ATTEMPTS","extra":null}
{"ts":"2026-02-04T13:17:27.603Z","stage":"QID","conaonicalName":"Gaudeamus hylaeus","qid":null,"message":"NO_QID_FOUND_AFTER_ALL_ATTEMPTS","extra":null}
{"ts":"2026-02-04T13:17:27.603Z","stage":"QID","conaonicalName":"Cardiatherium patagonicum","qid":null,"message":"NO_QID_FOUND_AFTER_ALL_ATTEMPTS","extra":null}
{"ts":"2026-02-04T13:17:27.603Z","stage":"QID","conaonicalName":"Microscleromys cribriphilus","qid":null,"message":"NO_QID_FOUND_AFTER_ALL_ATTEMPTS","extra":null}
{"ts":"2026-02-04T13:17:28.750Z","stage":"QID","conaonicalName":"Gaudeamus aegyptius","qid":null,"message":"NO_QID_FOUND_AFTER_ALL_ATTEMPTS","extra":null}
{"ts":"2026-02-04T13:17:28.752Z","stage":"QID","conaonicalName":"Eosallamys paulacoutoi","qid":null,"message":"NO_QID_FOUND_AFTER_ALL_ATTEMPTS","extra":null}
{"ts":"2026-02-04T13:17:28.753Z","stage":"QID","conaonicalName":"Paracricetops virgatoincisus","qid":null,"message":"NO_QID_FOUND_AFTER_ALL_ATTEMPTS","extra":null}
{"ts":"2026-02-04T13:17:28.762Z","stage":"QID","conaonicalName":"Aralocricetodon schokensis","qid":null,"message":"NO_QID_FOUND_AFTER_ALL_ATTEMPTS","extra":null}
{"ts":"2026-02-04T13:17:28.831Z","stage":"QID","conaonicalName":"Disteiromys graciloides","qid":null,"message":"NO_QID_FOUND_AFTER_ALL_ATTEMPTS","extra":null}
{"ts":"2026-02-04T13:17:29.958Z","stage":"QID","conaonicalName":"Cardiodon marshii","qid":null,"message":"NO_QID_FOUND_AFTER_ALL_ATTEMPTS","extra":null}
{"ts":"2026-02-04T13:17:29.958Z","stage":"QID","conaonicalName":"Cimarronomys stirtoni","qid":null,"message":"NO_QID_FOUND_AFTER_ALL_ATTEMPTS","extra":null}
{"ts":"2026-02-04T13:17:30.061Z","stage":"QID","conaonicalName":"Neoreomys pinturensis","qid":null,"message":"NO_QID_FOUND_AFTER_ALL_ATTEMPTS","extra":null}
{"ts":"2026-02-04T13:17:31.187Z","stage":"QID","conaonicalName":"Youngomys yunnanensis","qid":null,"message":"NO_QID_FOUND_AFTER_ALL_ATTEMPTS","extra":null}
{"ts":"2026-02-04T13:17:31.187Z","stage":"QID","conaonicalName":"Eoctodon securiclatus","qid":null,"message":"NO_QID_FOUND_AFTER_ALL_ATTEMPTS","extra":null}
{"ts":"2026-02-04T13:17:31.187Z","stage":"QID","conaonicalName":"Tamquammys fractus","qid":null,"message":"NO_QID_FOUND_AFTER_ALL_ATTEMPTS","extra":null}
{"ts":"2026-02-04T13:17:31.187Z","stage":"QID","conaonicalName":"Plesiodipus wangae","qid":null,"message":"NO_QID_FOUND_AFTER_ALL_ATTEMPTS","extra":null}
{"ts":"2026-02-04T13:17:32.416Z","stage":"QID","conaonicalName":"Onychomys larrabeei","qid":null,"message":"NO_QID_FOUND_AFTER_ALL_ATTEMPTS","extra":null}
{"ts":"2026-02-04T13:17:32.824Z","stage":"QID","conaonicalName":"Sciamys varians","qid":null,"message":"NO_QID_FOUND_AFTER_ALL_ATTEMPTS","extra":null}
{"ts":"2026-02-04T13:17:33.601Z","stage":"QID","conaonicalName":"Perimys planaris","qid":null,"message":"NO_QID_FOUND_AFTER_ALL_ATTEMPTS","extra":null}
{"ts":"2026-02-04T13:17:33.602Z","stage":"QID","conaonicalName":"Eomyodon staudachensis","qid":null,"message":"NO_QID_FOUND_AFTER_ALL_ATTEMPTS","extra":null}
{"ts":"2026-02-04T13:17:33.602Z","stage":"QID","conaonicalName":"Esesempomys centralasiae","qid":null,"message":"NO_QID_FOUND_AFTER_ALL_ATTEMPTS","extra":null}
{"ts":"2026-02-04T13:17:34.775Z","stage":"QID","conaonicalName":"Prodolichotis pridiana","qid":null,"message":"NO_QID_FOUND_AFTER_ALL_ATTEMPTS","extra":null}
{"ts":"2026-02-04T13:17:34.779Z","stage":"QID","conaonicalName":"Heterosminthus intermedius","qid":null,"message":"NO_QID_FOUND_AFTER_ALL_ATTEMPTS","extra":null}
{"ts":"2026-02-04T13:17:34.871Z","stage":"QID","conaonicalName":"Hesperomys nematodon","qid":null,"message":"NO_QID_FOUND_AFTER_ALL_ATTEMPTS","extra":null}
{"ts":"2026-02-04T13:17:39.685Z","stage":"QID","conaonicalName":"Basirepomys romensis","qid":null,"message":"NO_QID_FOUND_AFTER_ALL_ATTEMPTS","extra":null}
{"ts":"2026-02-04T13:17:40.913Z","stage":"QID","conaonicalName":"Marymus dalanae","qid":null,"message":"NO_QID_FOUND_AFTER_ALL_ATTEMPTS","extra":null}
{"ts":"2026-02-04T13:17:41.036Z","stage":"QID","conaonicalName":"Talahphiomys libycus","qid":null,"message":"NO_QID_FOUND_AFTER_ALL_ATTEMPTS","extra":null}
{"ts":"2026-02-04T13:17:41.047Z","stage":"QID","conaonicalName":"Neotoma prelepida","qid":null,"message":"NO_QID_FOUND_AFTER_ALL_ATTEMPTS","extra":null}
{"ts":"2026-02-04T13:17:41.117Z","stage":"QID","conaonicalName":"Neosteiromys tordillense","qid":null,"message":"NO_QID_FOUND_AFTER_ALL_ATTEMPTS","extra":null}
{"ts":"2026-02-04T13:17:41.118Z","stage":"QID","conaonicalName":"Tataromys plicidens","qid":null,"message":"NO_QID_FOUND_AFTER_ALL_ATTEMPTS","extra":null}
{"ts":"2026-02-04T13:17:41.425Z","stage":"QID","conaonicalName":"Stichomys regius","qid":null,"message":"NO_QID_FOUND_AFTER_ALL_ATTEMPTS","extra":null}
{"ts":"2026-02-04T13:17:42.054Z","stage":"QID","conaonicalName":"Myoprocta milleri","qid":null,"message":"NO_QID_FOUND_AFTER_ALL_ATTEMPTS","extra":null}
{"ts":"2026-02-04T13:17:42.125Z","stage":"QID","conaonicalName":"Garridomys curunuquem","qid":null,"message":"NO_QID_FOUND_AFTER_ALL_ATTEMPTS","extra":null}
{"ts":"2026-02-04T13:17:43.270Z","stage":"QID","conaonicalName":"Exmus mini","qid":null,"message":"NO_QID_FOUND_AFTER_ALL_ATTEMPTS","extra":null}
{"ts":"2026-02-04T13:17:43.270Z","stage":"QID","conaonicalName":"Eopicure kraglievichi","qid":null,"message":"NO_QID_FOUND_AFTER_ALL_ATTEMPTS","extra":null}
{"ts":"2026-02-04T13:17:43.270Z","stage":"QID","conaonicalName":"Yuomys cavioides","qid":null,"message":"NO_QID_FOUND_AFTER_ALL_ATTEMPTS","extra":null}
{"ts":"2026-02-04T13:17:43.270Z","stage":"QID","conaonicalName":"Zegdoumys sbeitlai","qid":null,"message":"NO_QID_FOUND_AFTER_ALL_ATTEMPTS","extra":null}
{"ts":"2026-02-04T13:17:44.500Z","stage":"QID","conaonicalName":"Tacheria troyana","qid":null,"message":"NO_QID_FOUND_AFTER_ALL_ATTEMPTS","extra":null}
{"ts":"2026-02-04T13:17:45.645Z","stage":"QID","conaonicalName":"Eodelphomys almeidacomposi","qid":null,"message":"NO_QID_FOUND_AFTER_ALL_ATTEMPTS","extra":null}
{"ts":"2026-02-04T13:17:45.659Z","stage":"QID","conaonicalName":"Protophiomys aegyptensis","qid":null,"message":"NO_QID_FOUND_AFTER_ALL_ATTEMPTS","extra":null}
{"ts":"2026-02-04T13:17:45.728Z","stage":"QID","conaonicalName":"Douglassciurus bjorki","qid":null,"message":"NO_QID_FOUND_AFTER_ALL_ATTEMPTS","extra":null}
{"ts":"2026-02-04T13:17:45.728Z","stage":"QID","conaonicalName":"Florentiamys kingi","qid":null,"message":"NO_QID_FOUND_AFTER_ALL_ATTEMPTS","extra":null}
{"ts":"2026-02-04T13:17:45.728Z","stage":"QID","conaonicalName":"Eucricetodon thezelensis","qid":null,"message":"NO_QID_FOUND_AFTER_ALL_ATTEMPTS","extra":null}
{"ts":"2026-02-04T13:17:46.957Z","stage":"QID","conaonicalName":"Megamys laevigatus","qid":null,"message":"NO_QID_FOUND_AFTER_ALL_ATTEMPTS","extra":null}
{"ts":"2026-02-04T13:17:46.957Z","stage":"QID","conaonicalName":"Eumyarion tremulus","qid":null,"message":"NO_QID_FOUND_AFTER_ALL_ATTEMPTS","extra":null}
{"ts":"2026-02-04T13:17:48.082Z","stage":"QID","conaonicalName":"Advenimus hupeiensis","qid":null,"message":"NO_QID_FOUND_AFTER_ALL_ATTEMPTS","extra":null}
{"ts":"2026-02-04T13:17:48.083Z","stage":"QID","conaonicalName":"Protosteiromys asmodeophilus","qid":null,"message":"NO_QID_FOUND_AFTER_ALL_ATTEMPTS","extra":null}
{"ts":"2026-02-04T13:17:48.083Z","stage":"QID","conaonicalName":"Eocardia elliptica","qid":null,"message":"NO_QID_FOUND_AFTER_ALL_ATTEMPTS","extra":null}
{"ts":"2026-02-04T13:17:48.083Z","stage":"QID","conaonicalName":"Sigmodon chonensis","qid":null,"message":"NO_QID_FOUND_AFTER_ALL_ATTEMPTS","extra":null}
{"ts":"2026-02-04T13:17:48.183Z","stage":"QID","conaonicalName":"Protacaremys adilos","qid":null,"message":"NO_QID_FOUND_AFTER_ALL_ATTEMPTS","extra":null}
{"ts":"2026-02-04T13:17:48.294Z","stage":"QID","conaonicalName":"Vallehermosomys mazzonii","qid":null,"message":"NO_QID_FOUND_AFTER_ALL_ATTEMPTS","extra":null}
{"ts":"2026-02-04T13:17:49.312Z","stage":"QID","conaonicalName":"Acaremys minutissimus","qid":null,"message":"NO_QID_FOUND_AFTER_ALL_ATTEMPTS","extra":null}
{"ts":"2026-02-04T13:17:49.327Z","stage":"QID","conaonicalName":"Ansomys cyanotephrus","qid":null,"message":"NO_QID_FOUND_AFTER_ALL_ATTEMPTS","extra":null}
{"ts":"2026-02-04T13:17:50.459Z","stage":"QID","conaonicalName":"Migraveramus beatus","qid":null,"message":"NO_QID_FOUND_AFTER_ALL_ATTEMPTS","extra":null}
{"ts":"2026-02-04T13:17:50.465Z","stage":"QID","conaonicalName":"Sciurus venturus","qid":null,"message":"NO_QID_FOUND_AFTER_ALL_ATTEMPTS","extra":null}
{"ts":"2026-02-04T13:17:50.470Z","stage":"QID","conaonicalName":"Steneofiber nebrascensis","qid":null,"message":"NO_QID_FOUND_AFTER_ALL_ATTEMPTS","extra":null}
{"ts":"2026-02-04T13:17:50.540Z","stage":"QID","conaonicalName":"Pliophenacomys meadensis","qid":null,"message":"NO_QID_FOUND_AFTER_ALL_ATTEMPTS","extra":null}
{"ts":"2026-02-04T13:17:50.540Z","stage":"QID","conaonicalName":"Bohlinosminthus cubitalus","qid":null,"message":"NO_QID_FOUND_AFTER_ALL_ATTEMPTS","extra":null}
{"ts":"2026-02-04T13:17:50.948Z","stage":"QID","conaonicalName":"Phiomys hammudai","qid":null,"message":"NO_QID_FOUND_AFTER_ALL_ATTEMPTS","extra":null}
{"ts":"2026-02-04T13:17:51.670Z","stage":"QID","conaonicalName":"Sigmomys oppositus","qid":null,"message":"NO_QID_FOUND_AFTER_ALL_ATTEMPTS","extra":null}
{"ts":"2026-02-04T13:17:51.767Z","stage":"QID","conaonicalName":"Argorheomys septentrionalis","qid":null,"message":"NO_QID_FOUND_AFTER_ALL_ATTEMPTS","extra":null}
{"ts":"2026-02-04T13:17:52.895Z","stage":"QID","conaonicalName":"Ctenomys subassentiens","qid":null,"message":"NO_QID_FOUND_AFTER_ALL_ATTEMPTS","extra":null}
{"ts":"2026-02-04T13:17:52.896Z","stage":"QID","conaonicalName":"Pseudotheridomys yanshini","qid":null,"message":"NO_QID_FOUND_AFTER_ALL_ATTEMPTS","extra":null}
{"ts":"2026-02-04T13:17:52.896Z","stage":"QID","conaonicalName":"Phugatherium cataclisticum","qid":null,"message":"NO_QID_FOUND_AFTER_ALL_ATTEMPTS","extra":null}
{"ts":"2026-02-04T13:17:52.896Z","stage":"QID","conaonicalName":"Ricardomys longidens","qid":null,"message":"NO_QID_FOUND_AFTER_ALL_ATTEMPTS","extra":null}
{"ts":"2026-02-04T13:17:52.996Z","stage":"QID","conaonicalName":"Cricetops dormitor","qid":null,"message":"NO_QID_FOUND_AFTER_ALL_ATTEMPTS","extra":null}
{"ts":"2026-02-04T13:17:54.135Z","stage":"QID","conaonicalName":"Dianomys obscuratus","qid":null,"message":"NO_QID_FOUND_AFTER_ALL_ATTEMPTS","extra":null}
{"ts":"2026-02-04T13:17:55.275Z","stage":"QID","conaonicalName":"Microcardiodon williensis","qid":null,"message":"NO_QID_FOUND_AFTER_ALL_ATTEMPTS","extra":null}
{"ts":"2026-02-04T13:17:55.276Z","stage":"QID","conaonicalName":"Neophiomys dawsonae","qid":null,"message":"NO_QID_FOUND_AFTER_ALL_ATTEMPTS","extra":null}
{"ts":"2026-02-04T13:17:55.277Z","stage":"QID","conaonicalName":"Prospaniomys priscus","qid":null,"message":"NO_QID_FOUND_AFTER_ALL_ATTEMPTS","extra":null}
{"ts":"2026-02-04T13:17:55.279Z","stage":"QID","conaonicalName":"Alashania tengkoliensis","qid":null,"message":"NO_QID_FOUND_AFTER_ALL_ATTEMPTS","extra":null}
{"ts":"2026-02-04T13:17:55.284Z","stage":"QID","conaonicalName":"Draconomys verai","qid":null,"message":"NO_QID_FOUND_AFTER_ALL_ATTEMPTS","extra":null}
{"ts":"2026-02-04T13:17:55.351Z","stage":"QID","conaonicalName":"Fallomus ginsburgi","qid":null,"message":"NO_QID_FOUND_AFTER_ALL_ATTEMPTS","extra":null}
{"ts":"2026-02-04T13:17:56.579Z","stage":"QID","conaonicalName":"Neoepiblema acreensis","qid":null,"message":"NO_QID_FOUND_AFTER_ALL_ATTEMPTS","extra":null}
{"ts":"2026-02-04T13:18:01.214Z","stage":"QID","conaonicalName":"Protechimys major","qid":null,"message":"NO_QID_FOUND_AFTER_ALL_ATTEMPTS","extra":null}
{"ts":"2026-02-04T13:18:02.418Z","stage":"QID","conaonicalName":"Rhodanodolichotis antepridiana","qid":null,"message":"NO_QID_FOUND_AFTER_ALL_ATTEMPTS","extra":null}
{"ts":"2026-02-04T13:18:02.621Z","stage":"QID","conaonicalName":"Dudumus ruigomezi","qid":null,"message":"NO_QID_FOUND_AFTER_ALL_ATTEMPTS","extra":null}
{"ts":"2026-02-04T13:18:02.634Z","stage":"QID","conaonicalName":"Eocardia crassidens","qid":null,"message":"NO_QID_FOUND_AFTER_ALL_ATTEMPTS","extra":null}
{"ts":"2026-02-04T13:18:02.638Z","stage":"QID","conaonicalName":"Tachyoryctoides pachygnatus","qid":null,"message":"NO_QID_FOUND_AFTER_ALL_ATTEMPTS","extra":null}
{"ts":"2026-02-04T13:18:02.724Z","stage":"QID","conaonicalName":"Neoepiblema horridula","qid":null,"message":"NO_QID_FOUND_AFTER_ALL_ATTEMPTS","extra":null}
{"ts":"2026-02-04T13:18:02.724Z","stage":"QID","conaonicalName":"Leidymys juxtaparvulus","qid":null,"message":"NO_QID_FOUND_AFTER_ALL_ATTEMPTS","extra":null}
{"ts":"2026-02-04T13:18:02.826Z","stage":"QID","conaonicalName":"Plesiosminthus tereskentensis","qid":null,"message":"NO_QID_FOUND_AFTER_ALL_ATTEMPTS","extra":null}
{"ts":"2026-02-04T13:18:03.650Z","stage":"QID","conaonicalName":"Chubutomys simpsoni","qid":null,"message":"NO_QID_FOUND_AFTER_ALL_ATTEMPTS","extra":null}
{"ts":"2026-02-04T13:18:04.772Z","stage":"QID","conaonicalName":"Scotamys antiquus","qid":null,"message":"NO_QID_FOUND_AFTER_ALL_ATTEMPTS","extra":null}
{"ts":"2026-02-04T13:18:04.772Z","stage":"QID","conaonicalName":"Lomomys evexus","qid":null,"message":"NO_QID_FOUND_AFTER_ALL_ATTEMPTS","extra":null}
{"ts":"2026-02-04T13:18:04.775Z","stage":"QID","conaonicalName":"Prodistylomys xinjiangensis","qid":null,"message":"NO_QID_FOUND_AFTER_ALL_ATTEMPTS","extra":null}
{"ts":"2026-02-04T13:18:04.785Z","stage":"QID","conaonicalName":"Hodsahibia gracilis","qid":null,"message":"NO_QID_FOUND_AFTER_ALL_ATTEMPTS","extra":null}
{"ts":"2026-02-04T13:18:04.785Z","stage":"QID","conaonicalName":"Propalaeocastor shevyrevae","qid":null,"message":"NO_QID_FOUND_AFTER_ALL_ATTEMPTS","extra":null}
{"ts":"2026-02-04T13:18:04.787Z","stage":"QID","conaonicalName":"Neocometes orientalis","qid":null,"message":"NO_QID_FOUND_AFTER_ALL_ATTEMPTS","extra":null}
{"ts":"2026-02-04T13:18:04.875Z","stage":"QID","conaonicalName":"Banderomys leanzai","qid":null,"message":"NO_QID_FOUND_AFTER_ALL_ATTEMPTS","extra":null}
{"ts":"2026-02-04T13:18:06.019Z","stage":"QID","conaonicalName":"Sallamys quispea","qid":null,"message":"NO_QID_FOUND_AFTER_ALL_ATTEMPTS","extra":null}
{"ts":"2026-02-04T13:18:07.166Z","stage":"QID","conaonicalName":"Scleromys quadrangulatus","qid":null,"message":"NO_QID_FOUND_AFTER_ALL_ATTEMPTS","extra":null}
{"ts":"2026-02-04T13:18:07.178Z","stage":"QID","conaonicalName":"Phtoramys homogenidens","qid":null,"message":"NO_QID_FOUND_AFTER_ALL_ATTEMPTS","extra":null}
{"ts":"2026-02-04T13:18:07.183Z","stage":"QID","conaonicalName":"Parasminthus debruijni","qid":null,"message":"NO_QID_FOUND_AFTER_ALL_ATTEMPTS","extra":null}
{"ts":"2026-02-04T13:18:07.185Z","stage":"QID","conaonicalName":"Acaremys murinus","qid":null,"message":"NO_QID_FOUND_AFTER_ALL_ATTEMPTS","extra":null}
{"ts":"2026-02-04T13:18:07.188Z","stage":"QID","conaonicalName":"Luantus minor","qid":null,"message":"NO_QID_FOUND_AFTER_ALL_ATTEMPTS","extra":null}
{"ts":"2026-02-04T13:18:07.231Z","stage":"QID","conaonicalName":"Ceratogaulus robustus","qid":null,"message":"NO_QID_FOUND_AFTER_ALL_ATTEMPTS","extra":null}
{"ts":"2026-02-04T13:18:08.468Z","stage":"QID","conaonicalName":"Yindirtemys ambiguus","qid":null,"message":"NO_QID_FOUND_AFTER_ALL_ATTEMPTS","extra":null}
{"ts":"2026-02-04T13:18:08.560Z","stage":"QID","conaonicalName":"Eomyodon dangheensis","qid":null,"message":"NO_QID_FOUND_AFTER_ALL_ATTEMPTS","extra":null}
{"ts":"2026-02-04T13:18:09.585Z","stage":"QID","conaonicalName":"Citellus cochisei","qid":null,"message":"NO_QID_FOUND_AFTER_ALL_ATTEMPTS","extra":null}
{"ts":"2026-02-04T13:18:09.585Z","stage":"QID","conaonicalName":"Megamys racedi","qid":null,"message":"NO_QID_FOUND_AFTER_ALL_ATTEMPTS","extra":null}
{"ts":"2026-02-04T13:18:09.592Z","stage":"QID","conaonicalName":"Protacaremys prior","qid":null,"message":"NO_QID_FOUND_AFTER_ALL_ATTEMPTS","extra":null}
{"ts":"2026-02-04T13:18:09.600Z","stage":"QID","conaonicalName":"Simplicimys bellus","qid":null,"message":"NO_QID_FOUND_AFTER_ALL_ATTEMPTS","extra":null}
{"ts":"2026-02-04T13:18:09.636Z","stage":"QID","conaonicalName":"Eumysops laeviplicatus","qid":null,"message":"NO_QID_FOUND_AFTER_ALL_ATTEMPTS","extra":null}
{"ts":"2026-02-04T13:18:10.905Z","stage":"QID","conaonicalName":"Perumys gyulavarii","qid":null,"message":"NO_QID_FOUND_AFTER_ALL_ATTEMPTS","extra":null}
{"ts":"2026-02-04T13:18:10.905Z","stage":"QID","conaonicalName":"Hydrochoeropsis dasseni","qid":null,"message":"NO_QID_FOUND_AFTER_ALL_ATTEMPTS","extra":null}
{"ts":"2026-02-04T13:18:10.919Z","stage":"QID","conaonicalName":"Ratufa maelongensis","qid":null,"message":"NO_QID_FOUND_AFTER_ALL_ATTEMPTS","extra":null}
{"ts":"2026-02-04T13:18:11.991Z","stage":"QID","conaonicalName":"Stichomys constans","qid":null,"message":"NO_QID_FOUND_AFTER_ALL_ATTEMPTS","extra":null}
{"ts":"2026-02-04T13:18:12.011Z","stage":"QID","conaonicalName":"Bugtimys zafarullahi","qid":null,"message":"NO_QID_FOUND_AFTER_ALL_ATTEMPTS","extra":null}
{"ts":"2026-02-04T13:18:12.045Z","stage":"QID","conaonicalName":"Eucricetodon huerzeleri","qid":null,"message":"NO_QID_FOUND_AFTER_ALL_ATTEMPTS","extra":null}
{"ts":"2026-02-04T13:18:13.287Z","stage":"QID","conaonicalName":"Jacobsomys dailyi","qid":null,"message":"NO_QID_FOUND_AFTER_ALL_ATTEMPTS","extra":null}
{"ts":"2026-02-04T13:18:13.376Z","stage":"QID","conaonicalName":"Prolagostomus divisus","qid":null,"message":"NO_QID_FOUND_AFTER_ALL_ATTEMPTS","extra":null}
{"ts":"2026-02-04T13:18:13.376Z","stage":"QID","conaonicalName":"Eobranisamys romeropittmanae","qid":null,"message":"NO_QID_FOUND_AFTER_ALL_ATTEMPTS","extra":null}
{"ts":"2026-02-04T13:18:14.406Z","stage":"QID","conaonicalName":"Yuomys weijingensis","qid":null,"message":"NO_QID_FOUND_AFTER_ALL_ATTEMPTS","extra":null}
{"ts":"2026-02-04T13:18:14.408Z","stage":"QID","conaonicalName":"Parapliosaccomys wittei","qid":null,"message":"NO_QID_FOUND_AFTER_ALL_ATTEMPTS","extra":null}
{"ts":"2026-02-04T13:18:14.500Z","stage":"QID","conaonicalName":"Nementchamys lavocati","qid":null,"message":"NO_QID_FOUND_AFTER_ALL_ATTEMPTS","extra":null}
{"ts":"2026-02-04T13:18:15.629Z","stage":"QID","conaonicalName":"Eoincamys ameghinoi","qid":null,"message":"NO_QID_FOUND_AFTER_ALL_ATTEMPTS","extra":null}
{"ts":"2026-02-04T13:18:15.629Z","stage":"QID","conaonicalName":"Stichomys gracilis","qid":null,"message":"NO_QID_FOUND_AFTER_ALL_ATTEMPTS","extra":null}
{"ts":"2026-02-04T13:18:15.629Z","stage":"QID","conaonicalName":"Proardynomys borkhoii","qid":null,"message":"NO_QID_FOUND_AFTER_ALL_ATTEMPTS","extra":null}
{"ts":"2026-02-04T13:18:15.631Z","stage":"QID","conaonicalName":"Silicamys cingulatus","qid":null,"message":"NO_QID_FOUND_AFTER_ALL_ATTEMPTS","extra":null}
{"ts":"2026-02-04T13:18:16.857Z","stage":"QID","conaonicalName":"Eucricetodon bagus","qid":null,"message":"NO_QID_FOUND_AFTER_ALL_ATTEMPTS","extra":null}
{"ts":"2026-02-04T13:18:16.857Z","stage":"QID","conaonicalName":"Palaearctomys macrorhinus","qid":null,"message":"NO_QID_FOUND_AFTER_ALL_ATTEMPTS","extra":null}
{"ts":"2026-02-04T13:18:16.857Z","stage":"QID","conaonicalName":"Franimys actites","qid":null,"message":"NO_QID_FOUND_AFTER_ALL_ATTEMPTS","extra":null}
{"ts":"2026-02-04T13:18:18.084Z","stage":"QID","conaonicalName":"Artigasia magna","qid":null,"message":"NO_QID_FOUND_AFTER_ALL_ATTEMPTS","extra":null}
{"ts":"2026-02-04T13:18:18.097Z","stage":"QID","conaonicalName":"Microcavia aua","qid":null,"message":"NO_QID_FOUND_AFTER_ALL_ATTEMPTS","extra":null}
{"ts":"2026-02-04T13:18:24.240Z","stage":"QID","conaonicalName":"Eomyodon pusillus","qid":null,"message":"NO_QID_FOUND_AFTER_ALL_ATTEMPTS","extra":null}
{"ts":"2026-02-04T13:18:24.240Z","stage":"QID","conaonicalName":"Protacaremys avunculus","qid":null,"message":"NO_QID_FOUND_AFTER_ALL_ATTEMPTS","extra":null}
{"ts":"2026-02-04T13:18:24.250Z","stage":"QID","conaonicalName":"Acaremys tricarinatus","qid":null,"message":"NO_QID_FOUND_AFTER_ALL_ATTEMPTS","extra":null}
{"ts":"2026-02-04T13:18:24.250Z","stage":"QID","conaonicalName":"Bumbanomys edestus","qid":null,"message":"NO_QID_FOUND_AFTER_ALL_ATTEMPTS","extra":null}
{"ts":"2026-02-04T13:18:24.250Z","stage":"QID","conaonicalName":"Huangomys frequens","qid":null,"message":"NO_QID_FOUND_AFTER_ALL_ATTEMPTS","extra":null}
{"ts":"2026-02-04T13:18:24.255Z","stage":"QID","conaonicalName":"Arvicanthis dunni","qid":null,"message":"NO_QID_FOUND_AFTER_ALL_ATTEMPTS","extra":null}
{"ts":"2026-02-04T13:18:24.338Z","stage":"QID","conaonicalName":"Eumysops gracilis","qid":null,"message":"NO_QID_FOUND_AFTER_ALL_ATTEMPTS","extra":null}
{"ts":"2026-02-04T13:18:25.158Z","stage":"QID","conaonicalName":"Mylomys cuninghamei","qid":null,"message":"NO_QID_FOUND_AFTER_ALL_ATTEMPTS","extra":null}
{"ts":"2026-02-04T13:18:26.364Z","stage":"QID","conaonicalName":"Scleromys schurmanni","qid":null,"message":"NO_QID_FOUND_AFTER_ALL_ATTEMPTS","extra":null}
{"ts":"2026-02-04T13:18:26.364Z","stage":"QID","conaonicalName":"Haozi simplex","qid":null,"message":"NO_QID_FOUND_AFTER_ALL_ATTEMPTS","extra":null}
{"ts":"2026-02-04T13:18:26.370Z","stage":"QID","conaonicalName":"Parasminthus asiaecentralis","qid":null,"message":"NO_QID_FOUND_AFTER_ALL_ATTEMPTS","extra":null}
{"ts":"2026-02-04T13:18:26.379Z","stage":"QID","conaonicalName":"Birkamys korai","qid":null,"message":"NO_QID_FOUND_AFTER_ALL_ATTEMPTS","extra":null}
{"ts":"2026-02-04T13:18:26.384Z","stage":"QID","conaonicalName":"Oryzomys fulvescens","qid":null,"message":"NO_QID_FOUND_AFTER_ALL_ATTEMPTS","extra":null}
{"ts":"2026-02-04T13:18:26.482Z","stage":"QID","conaonicalName":"Tamquammys tantillus","qid":null,"message":"NO_QID_FOUND_AFTER_ALL_ATTEMPTS","extra":null}
{"ts":"2026-02-04T13:18:27.608Z","stage":"QID","conaonicalName":"Parasteiromys uniformis","qid":null,"message":"NO_QID_FOUND_AFTER_ALL_ATTEMPTS","extra":null}
{"ts":"2026-02-04T13:18:27.608Z","stage":"QID","conaonicalName":"Notogaulus minor","qid":null,"message":"NO_QID_FOUND_AFTER_ALL_ATTEMPTS","extra":null}
{"ts":"2026-02-04T13:18:28.839Z","stage":"QID","conaonicalName":"Gaudeamus aslius","qid":null,"message":"NO_QID_FOUND_AFTER_ALL_ATTEMPTS","extra":null}
{"ts":"2026-02-04T13:18:28.839Z","stage":"QID","conaonicalName":"Maruchito trilofodonte","qid":null,"message":"NO_QID_FOUND_AFTER_ALL_ATTEMPTS","extra":null}
{"ts":"2026-02-04T13:18:28.839Z","stage":"QID","conaonicalName":"Mus aspalax","qid":null,"message":"NO_QID_FOUND_AFTER_ALL_ATTEMPTS","extra":null}
{"ts":"2026-02-04T13:18:30.068Z","stage":"QID","conaonicalName":"Zhungaromys gromovi","qid":null,"message":"NO_QID_FOUND_AFTER_ALL_ATTEMPTS","extra":null}
{"ts":"2026-02-04T13:18:30.069Z","stage":"QID","conaonicalName":"Pithanotomys macer","qid":null,"message":"NO_QID_FOUND_AFTER_ALL_ATTEMPTS","extra":null}
{"ts":"2026-02-04T13:18:30.069Z","stage":"QID","conaonicalName":"Drytomomys aequatorialis","qid":null,"message":"NO_QID_FOUND_AFTER_ALL_ATTEMPTS","extra":null}
{"ts":"2026-02-04T13:18:31.192Z","stage":"QID","conaonicalName":"Andersomys austrarx","qid":null,"message":"NO_QID_FOUND_AFTER_ALL_ATTEMPTS","extra":null}
{"ts":"2026-02-04T13:18:31.192Z","stage":"QID","conaonicalName":"Sciamys tenuissimus","qid":null,"message":"NO_QID_FOUND_AFTER_ALL_ATTEMPTS","extra":null}
{"ts":"2026-02-04T13:18:31.192Z","stage":"QID","conaonicalName":"Proansomys dureensis","qid":null,"message":"NO_QID_FOUND_AFTER_ALL_ATTEMPTS","extra":null}
{"ts":"2026-02-04T13:18:31.193Z","stage":"QID","conaonicalName":"Eocardia modica","qid":null,"message":"NO_QID_FOUND_AFTER_ALL_ATTEMPTS","extra":null}
{"ts":"2026-02-04T13:18:32.423Z","stage":"QID","conaonicalName":"Prosciurus pisinnus","qid":null,"message":"NO_QID_FOUND_AFTER_ALL_ATTEMPTS","extra":null}
{"ts":"2026-02-04T13:18:32.423Z","stage":"QID","conaonicalName":"Caviodon multiplicatus","qid":null,"message":"NO_QID_FOUND_AFTER_ALL_ATTEMPTS","extra":null}
{"ts":"2026-02-04T13:18:32.423Z","stage":"QID","conaonicalName":"Passaliscomys priscus","qid":null,"message":"NO_QID_FOUND_AFTER_ALL_ATTEMPTS","extra":null}
{"ts":"2026-02-04T13:18:32.424Z","stage":"QID","conaonicalName":"Asiomomys dawsoni","qid":null,"message":"NO_QID_FOUND_AFTER_ALL_ATTEMPTS","extra":null}
{"ts":"2026-02-04T13:18:33.652Z","stage":"QID","conaonicalName":"Perimys incavatus","qid":null,"message":"NO_QID_FOUND_AFTER_ALL_ATTEMPTS","extra":null}
{"ts":"2026-02-04T13:18:33.652Z","stage":"QID","conaonicalName":"Pseudocricetops matthewi","qid":null,"message":"NO_QID_FOUND_AFTER_ALL_ATTEMPTS","extra":null}
{"ts":"2026-02-04T13:18:33.652Z","stage":"QID","conaonicalName":"Eucricetodon haslachensis","qid":null,"message":"NO_QID_FOUND_AFTER_ALL_ATTEMPTS","extra":null}
{"ts":"2026-02-04T13:18:33.652Z","stage":"QID","conaonicalName":"Fallomus quraishyi","qid":null,"message":"NO_QID_FOUND_AFTER_ALL_ATTEMPTS","extra":null}
{"ts":"2026-02-04T13:18:34.783Z","stage":"QID","conaonicalName":"Heliscomys macdonaldi","qid":null,"message":"NO_QID_FOUND_AFTER_ALL_ATTEMPTS","extra":null}
{"ts":"2026-02-04T13:18:34.790Z","stage":"QID","conaonicalName":"Quebradahondomys potosiensis","qid":null,"message":"NO_QID_FOUND_AFTER_ALL_ATTEMPTS","extra":null}
{"ts":"2026-02-04T13:18:34.879Z","stage":"QID","conaonicalName":"Promeniscomys sinensis","qid":null,"message":"NO_QID_FOUND_AFTER_ALL_ATTEMPTS","extra":null}
{"ts":"2026-02-04T13:18:34.879Z","stage":"QID","conaonicalName":"Ardynomys chihi","qid":null,"message":"NO_QID_FOUND_AFTER_ALL_ATTEMPTS","extra":null}
{"ts":"2026-02-04T13:18:36.005Z","stage":"QID","conaonicalName":"Alaymys ctenodactylus","qid":null,"message":"NO_QID_FOUND_AFTER_ALL_ATTEMPTS","extra":null}
{"ts":"2026-02-04T13:18:36.005Z","stage":"QID","conaonicalName":"Geomys bisulcatus","qid":null,"message":"NO_QID_FOUND_AFTER_ALL_ATTEMPTS","extra":null}
{"ts":"2026-02-04T13:18:36.005Z","stage":"QID","conaonicalName":"Phanomys vetulus","qid":null,"message":"NO_QID_FOUND_AFTER_ALL_ATTEMPTS","extra":null}
{"ts":"2026-02-04T13:18:36.005Z","stage":"QID","conaonicalName":"Asterattus longicristatus","qid":null,"message":"NO_QID_FOUND_AFTER_ALL_ATTEMPTS","extra":null}
{"ts":"2026-02-04T13:18:37.234Z","stage":"QID","conaonicalName":"Ctenomys cotocaensis","qid":null,"message":"NO_QID_FOUND_AFTER_ALL_ATTEMPTS","extra":null}
{"ts":"2026-02-04T13:18:37.235Z","stage":"QID","conaonicalName":"Cyclomylus lohensis","qid":null,"message":"NO_QID_FOUND_AFTER_ALL_ATTEMPTS","extra":null}
{"ts":"2026-02-04T13:18:37.235Z","stage":"QID","conaonicalName":"Eosischyromys youngi","qid":null,"message":"NO_QID_FOUND_AFTER_ALL_ATTEMPTS","extra":null}
{"ts":"2026-02-04T13:18:38.463Z","stage":"QID","conaonicalName":"Proharrymys wahlerti","qid":null,"message":"NO_QID_FOUND_AFTER_ALL_ATTEMPTS","extra":null}
{"ts":"2026-02-04T13:18:38.463Z","stage":"QID","conaonicalName":"Pseudoneoreomys mesorhyncus","qid":null,"message":"NO_QID_FOUND_AFTER_ALL_ATTEMPTS","extra":null}
{"ts":"2026-02-04T13:18:38.463Z","stage":"QID","conaonicalName":"Pipestoneomys pattersoni","qid":null,"message":"NO_QID_FOUND_AFTER_ALL_ATTEMPTS","extra":null}
{"ts":"2026-02-04T13:18:38.464Z","stage":"QID","conaonicalName":"Eucricetodon deploratus","qid":null,"message":"NO_QID_FOUND_AFTER_ALL_ATTEMPTS","extra":null}
{"ts":"2026-02-04T13:18:38.766Z","stage":"QID","conaonicalName":"Metaphiomys zallahensis","qid":null,"message":"NO_QID_FOUND_AFTER_ALL_ATTEMPTS","extra":null}
{"ts":"2026-02-04T13:18:39.617Z","stage":"QID","conaonicalName":"Cardiatherium chasicoense","qid":null,"message":"NO_QID_FOUND_AFTER_ALL_ATTEMPTS","extra":null}
{"ts":"2026-02-04T13:18:39.617Z","stage":"QID","conaonicalName":"Kherem hsandgoliensis","qid":null,"message":"NO_QID_FOUND_AFTER_ALL_ATTEMPTS","extra":null}
{"ts":"2026-02-04T13:18:44.198Z","stage":"QID","conaonicalName":"Megamys patagoniensis","qid":null,"message":"NO_QID_FOUND_AFTER_ALL_ATTEMPTS","extra":null}
{"ts":"2026-02-04T13:18:45.427Z","stage":"QID","conaonicalName":"Chenomys orientalis","qid":null,"message":"NO_QID_FOUND_AFTER_ALL_ATTEMPTS","extra":null}
{"ts":"2026-02-04T13:18:45.644Z","stage":"QID","conaonicalName":"Galileomys colloncurensis","qid":null,"message":"NO_QID_FOUND_AFTER_ALL_ATTEMPTS","extra":null}
{"ts":"2026-02-04T13:18:45.835Z","stage":"QID","conaonicalName":"Megastus elongatus","qid":null,"message":"NO_QID_FOUND_AFTER_ALL_ATTEMPTS","extra":null}
{"ts":"2026-02-04T13:18:45.835Z","stage":"QID","conaonicalName":"Sciuravus parvidens","qid":null,"message":"NO_QID_FOUND_AFTER_ALL_ATTEMPTS","extra":null}
{"ts":"2026-02-04T13:18:45.835Z","stage":"QID","conaonicalName":"Yindirtemys birgeri","qid":null,"message":"NO_QID_FOUND_AFTER_ALL_ATTEMPTS","extra":null}
{"ts":"2026-02-04T13:18:46.040Z","stage":"QID","conaonicalName":"Caviocricetus lucasi","qid":null,"message":"NO_QID_FOUND_AFTER_ALL_ATTEMPTS","extra":null}
{"ts":"2026-02-04T13:18:46.657Z","stage":"QID","conaonicalName":"Dakotamys pelycomyoides","qid":null,"message":"NO_QID_FOUND_AFTER_ALL_ATTEMPTS","extra":null}
{"ts":"2026-02-04T13:18:47.779Z","stage":"QID","conaonicalName":"Thisbemys nini","qid":null,"message":"NO_QID_FOUND_AFTER_ALL_ATTEMPTS","extra":null}
{"ts":"2026-02-04T13:18:47.784Z","stage":"QID","conaonicalName":"Praomys butleri","qid":null,"message":"NO_QID_FOUND_AFTER_ALL_ATTEMPTS","extra":null}
{"ts":"2026-02-04T13:18:47.798Z","stage":"QID","conaonicalName":"Lophocricetus cimishliensis","qid":null,"message":"NO_QID_FOUND_AFTER_ALL_ATTEMPTS","extra":null}
{"ts":"2026-02-04T13:18:47.882Z","stage":"QID","conaonicalName":"Subathumys globulus","qid":null,"message":"NO_QID_FOUND_AFTER_ALL_ATTEMPTS","extra":null}
{"ts":"2026-02-04T13:18:50.243Z","stage":"QID","conaonicalName":"Diplolophus parvus","qid":null,"message":"NO_QID_FOUND_AFTER_ALL_ATTEMPTS","extra":null}
{"ts":"2026-02-04T13:18:50.243Z","stage":"QID","conaonicalName":"Mimomys realensis","qid":null,"message":"NO_QID_FOUND_AFTER_ALL_ATTEMPTS","extra":null}
{"ts":"2026-02-04T13:18:50.243Z","stage":"QID","conaonicalName":"Steiromys intermedius","qid":null,"message":"NO_QID_FOUND_AFTER_ALL_ATTEMPTS","extra":null}
{"ts":"2026-02-04T13:18:51.470Z","stage":"QID","conaonicalName":"Akodon boliviense","qid":null,"message":"NO_QID_FOUND_AFTER_ALL_ATTEMPTS","extra":null}
{"ts":"2026-02-04T13:18:51.470Z","stage":"QID","conaonicalName":"Primus cheemai","qid":null,"message":"NO_QID_FOUND_AFTER_ALL_ATTEMPTS","extra":null}
{"ts":"2026-02-04T13:18:51.470Z","stage":"QID","conaonicalName":"Steneofiber montanus","qid":null,"message":"NO_QID_FOUND_AFTER_ALL_ATTEMPTS","extra":null}
{"ts":"2026-02-04T13:18:52.593Z","stage":"QID","conaonicalName":"Prodipodomys mascallensis","qid":null,"message":"NO_QID_FOUND_AFTER_ALL_ATTEMPTS","extra":null}
{"ts":"2026-02-04T13:18:52.698Z","stage":"QID","conaonicalName":"Leptotomus grandis","qid":null,"message":"NO_QID_FOUND_AFTER_ALL_ATTEMPTS","extra":null}
{"ts":"2026-02-04T13:18:53.822Z","stage":"QID","conaonicalName":"Taterillus gyas","qid":null,"message":"NO_QID_FOUND_AFTER_ALL_ATTEMPTS","extra":null}
{"ts":"2026-02-04T13:18:55.051Z","stage":"QID","conaonicalName":"Eliomys darelbeidae","qid":null,"message":"NO_QID_FOUND_AFTER_ALL_ATTEMPTS","extra":null}
{"ts":"2026-02-04T13:18:55.051Z","stage":"QID","conaonicalName":"Eligmodontia arizonae","qid":null,"message":"NO_QID_FOUND_AFTER_ALL_ATTEMPTS","extra":null}
{"ts":"2026-02-04T13:18:55.051Z","stage":"QID","conaonicalName":"Heteromys lepturus","qid":null,"message":"NO_QID_FOUND_AFTER_ALL_ATTEMPTS","extra":null}
{"ts":"2026-02-04T13:19:02.126Z","stage":"QID","conaonicalName":"Reigechimys octodontiformis","qid":null,"message":"NO_QID_FOUND_AFTER_ALL_ATTEMPTS","extra":null}
{"ts":"2026-02-04T13:19:03.039Z","stage":"QID","conaonicalName":"Pseudadjidaumo stirtoni","qid":null,"message":"NO_QID_FOUND_AFTER_ALL_ATTEMPTS","extra":null}
{"ts":"2026-02-04T13:19:03.241Z","stage":"QID","conaonicalName":"Elymys emryi","qid":null,"message":"NO_QID_FOUND_AFTER_ALL_ATTEMPTS","extra":null}
{"ts":"2026-02-04T13:19:04.187Z","stage":"QID","conaonicalName":"Cedromus wilsoni","qid":null,"message":"NO_QID_FOUND_AFTER_ALL_ATTEMPTS","extra":null}
{"ts":"2026-02-04T13:19:05.403Z","stage":"QID","conaonicalName":"Geomys floralindae","qid":null,"message":"NO_QID_FOUND_AFTER_ALL_ATTEMPTS","extra":null}
{"ts":"2026-02-04T13:19:06.624Z","stage":"QID","conaonicalName":"Maxomys pliosurifer","qid":null,"message":"NO_QID_FOUND_AFTER_ALL_ATTEMPTS","extra":null}
{"ts":"2026-02-04T13:19:06.624Z","stage":"QID","conaonicalName":"Florentiamys lulli","qid":null,"message":"NO_QID_FOUND_AFTER_ALL_ATTEMPTS","extra":null}
{"ts":"2026-02-04T13:19:06.828Z","stage":"QID","conaonicalName":"Microparamys wilsoni","qid":null,"message":"NO_QID_FOUND_AFTER_ALL_ATTEMPTS","extra":null}
{"ts":"2026-02-04T13:19:07.854Z","stage":"QID","conaonicalName":"Sayimys negevensis","qid":null,"message":"NO_QID_FOUND_AFTER_ALL_ATTEMPTS","extra":null}
{"ts":"2026-02-04T13:19:07.854Z","stage":"QID","conaonicalName":"Mus vulpinus","qid":null,"message":"NO_QID_FOUND_AFTER_ALL_ATTEMPTS","extra":null}
{"ts":"2026-02-04T13:19:08.994Z","stage":"QID","conaonicalName":"Paramys robustus","qid":null,"message":"NO_QID_FOUND_AFTER_ALL_ATTEMPTS","extra":null}
{"ts":"2026-02-04T13:19:08.996Z","stage":"QID","conaonicalName":"Pampamys emmonsae","qid":null,"message":"NO_QID_FOUND_AFTER_ALL_ATTEMPTS","extra":null}
{"ts":"2026-02-04T13:19:10.311Z","stage":"QID","conaonicalName":"Rotundomys intimus","qid":null,"message":"NO_QID_FOUND_AFTER_ALL_ATTEMPTS","extra":null}
{"ts":"2026-02-04T13:19:10.311Z","stage":"QID","conaonicalName":"Neusticomys vossii","qid":null,"message":"NO_QID_FOUND_AFTER_ALL_ATTEMPTS","extra":null}
{"ts":"2026-02-04T13:19:10.312Z","stage":"QID","conaonicalName":"Hydromys coipou","qid":null,"message":"NO_QID_FOUND_AFTER_ALL_ATTEMPTS","extra":null}
{"ts":"2026-02-04T13:19:10.312Z","stage":"QID","conaonicalName":"Sabara oraculus","qid":null,"message":"NO_QID_FOUND_AFTER_ALL_ATTEMPTS","extra":null}
{"ts":"2026-02-04T13:19:11.436Z","stage":"QID","conaonicalName":"Gerbillus bibersoni","qid":null,"message":"NO_QID_FOUND_AFTER_ALL_ATTEMPTS","extra":null}
{"ts":"2026-02-04T13:19:11.436Z","stage":"QID","conaonicalName":"Leggadina macrodonta","qid":null,"message":"NO_QID_FOUND_AFTER_ALL_ATTEMPTS","extra":null}
{"ts":"2026-02-04T13:19:13.890Z","stage":"QID","conaonicalName":"Chambiramys sylvaticus","qid":null,"message":"NO_QID_FOUND_AFTER_ALL_ATTEMPTS","extra":null}
{"ts":"2026-02-04T13:19:21.071Z","stage":"QID","conaonicalName":"Paradelomys santjaumensis","qid":null,"message":"NO_QID_FOUND_AFTER_ALL_ATTEMPTS","extra":null}
{"ts":"2026-02-04T13:19:22.084Z","stage":"QID","conaonicalName":"Hystrix venustus","qid":null,"message":"NO_QID_FOUND_AFTER_ALL_ATTEMPTS","extra":null}
{"ts":"2026-02-04T13:19:22.302Z","stage":"QID","conaonicalName":"Palaeosteiromys amazonensis","qid":null,"message":"NO_QID_FOUND_AFTER_ALL_ATTEMPTS","extra":null}
{"ts":"2026-02-04T13:19:22.304Z","stage":"QID","conaonicalName":"Pliogeomys louderbachi","qid":null,"message":"NO_QID_FOUND_AFTER_ALL_ATTEMPTS","extra":null}
{"ts":"2026-02-04T13:19:22.391Z","stage":"QID","conaonicalName":"Sciuropterus uphami","qid":null,"message":"NO_QID_FOUND_AFTER_ALL_ATTEMPTS","extra":null}
{"ts":"2026-02-04T13:19:23.210Z","stage":"QID","conaonicalName":"Dikkomys woodi","qid":null,"message":"NO_QID_FOUND_AFTER_ALL_ATTEMPTS","extra":null}
{"ts":"2026-02-04T13:19:23.633Z","stage":"QID","conaonicalName":"Pliomys deeringensis","qid":null,"message":"NO_QID_FOUND_AFTER_ALL_ATTEMPTS","extra":null}
{"ts":"2026-02-04T13:19:24.432Z","stage":"QID","conaonicalName":"Hispanomys peralensis","qid":null,"message":"NO_QID_FOUND_AFTER_ALL_ATTEMPTS","extra":null}
{"ts":"2026-02-04T13:19:25.599Z","stage":"QID","conaonicalName":"Mus castaneus","qid":null,"message":"NO_QID_FOUND_AFTER_ALL_ATTEMPTS","extra":null}
{"ts":"2026-02-04T13:19:25.669Z","stage":"QID","conaonicalName":"Chambiramys shipiborum","qid":null,"message":"NO_QID_FOUND_AFTER_ALL_ATTEMPTS","extra":null}
{"ts":"2026-02-04T13:19:25.669Z","stage":"QID","conaonicalName":"Oryzomys baroni","qid":null,"message":"NO_QID_FOUND_AFTER_ALL_ATTEMPTS","extra":null}
{"ts":"2026-02-04T13:19:26.817Z","stage":"QID","conaonicalName":"Plesiosminthus conjunctus","qid":null,"message":"NO_QID_FOUND_AFTER_ALL_ATTEMPTS","extra":null}
{"ts":"2026-02-04T13:19:28.023Z","stage":"QID","conaonicalName":"Gerbillus vanillus","qid":null,"message":"NO_QID_FOUND_AFTER_ALL_ATTEMPTS","extra":null}
{"ts":"2026-02-04T13:19:28.023Z","stage":"QID","conaonicalName":"Leggadina gregoriensis","qid":null,"message":"NO_QID_FOUND_AFTER_ALL_ATTEMPTS","extra":null}
{"ts":"2026-02-04T13:19:30.480Z","stage":"QID","conaonicalName":"Pararhizomys qinensis","qid":null,"message":"NO_QID_FOUND_AFTER_ALL_ATTEMPTS","extra":null}
{"ts":"2026-02-04T13:19:38.988Z","stage":"QID","conaonicalName":"Paramys minutus","qid":null,"message":"NO_QID_FOUND_AFTER_ALL_ATTEMPTS","extra":null}
{"ts":"2026-02-04T13:19:39.088Z","stage":"QID","conaonicalName":"Ischyrotomus tapensis","qid":null,"message":"NO_QID_FOUND_AFTER_ALL_ATTEMPTS","extra":null}
{"ts":"2026-02-04T13:19:39.094Z","stage":"QID","conaonicalName":"Mylagaulus douglassi","qid":null,"message":"NO_QID_FOUND_AFTER_ALL_ATTEMPTS","extra":null}
{"ts":"2026-02-04T13:19:39.096Z","stage":"QID","conaonicalName":"Mus nigrita","qid":null,"message":"NO_QID_FOUND_AFTER_ALL_ATTEMPTS","extra":null}
{"ts":"2026-02-04T13:19:39.184Z","stage":"QID","conaonicalName":"Mus pachyurus","qid":null,"message":"NO_QID_FOUND_AFTER_ALL_ATTEMPTS","extra":null}
{"ts":"2026-02-04T13:19:40.102Z","stage":"QID","conaonicalName":"Ischyrotomus horribilis","qid":null,"message":"NO_QID_FOUND_AFTER_ALL_ATTEMPTS","extra":null}
{"ts":"2026-02-04T13:19:41.337Z","stage":"QID","conaonicalName":"Scleromys praecursor","qid":null,"message":"NO_QID_FOUND_AFTER_ALL_ATTEMPTS","extra":null}
{"ts":"2026-02-04T13:19:42.461Z","stage":"QID","conaonicalName":"Reigechimys plesiodon","qid":null,"message":"NO_QID_FOUND_AFTER_ALL_ATTEMPTS","extra":null}
{"ts":"2026-02-04T13:19:42.461Z","stage":"QID","conaonicalName":"Pelomys harringtoni","qid":null,"message":"NO_QID_FOUND_AFTER_ALL_ATTEMPTS","extra":null}
{"ts":"2026-02-04T13:19:43.692Z","stage":"QID","conaonicalName":"Hesperomys loxodon","qid":null,"message":"NO_QID_FOUND_AFTER_ALL_ATTEMPTS","extra":null}
{"ts":"2026-02-04T13:19:43.693Z","stage":"QID","conaonicalName":"Eumysops marplatensis","qid":null,"message":"NO_QID_FOUND_AFTER_ALL_ATTEMPTS","extra":null}
{"ts":"2026-02-04T13:19:44.921Z","stage":"QID","conaonicalName":"Lamprodon primigenius","qid":null,"message":"NO_QID_FOUND_AFTER_ALL_ATTEMPTS","extra":null}
{"ts":"2026-02-04T13:19:44.922Z","stage":"QID","conaonicalName":"Ctenomys uquiensis","qid":null,"message":"NO_QID_FOUND_AFTER_ALL_ATTEMPTS","extra":null}
{"ts":"2026-02-04T13:19:46.061Z","stage":"QID","conaonicalName":"Leucokephalos major","qid":null,"message":"NO_QID_FOUND_AFTER_ALL_ATTEMPTS","extra":null}
{"ts":"2026-02-04T13:19:47.276Z","stage":"QID","conaonicalName":"Mimomys davakosi","qid":null,"message":"NO_QID_FOUND_AFTER_ALL_ATTEMPTS","extra":null}
{"ts":"2026-02-04T13:19:47.276Z","stage":"QID","conaonicalName":"Castor tortus","qid":null,"message":"NO_QID_FOUND_AFTER_ALL_ATTEMPTS","extra":null}
{"ts":"2026-02-04T13:19:47.276Z","stage":"QID","conaonicalName":"Paraxerus flavivittis","qid":null,"message":"NO_QID_FOUND_AFTER_ALL_ATTEMPTS","extra":null}
{"ts":"2026-02-04T13:19:48.504Z","stage":"QID","conaonicalName":"Mus tomentosus","qid":null,"message":"NO_QID_FOUND_AFTER_ALL_ATTEMPTS","extra":null}
{"ts":"2026-02-04T13:19:48.504Z","stage":"QID","conaonicalName":"Elfomys catalaunicus","qid":null,"message":"NO_QID_FOUND_AFTER_ALL_ATTEMPTS","extra":null}
{"ts":"2026-02-04T13:19:48.504Z","stage":"QID","conaonicalName":"Ugandamys downsi","qid":null,"message":"NO_QID_FOUND_AFTER_ALL_ATTEMPTS","extra":null}
{"ts":"2026-02-04T13:19:48.706Z","stage":"QID","conaonicalName":"Hispanomys freudenthali","qid":null,"message":"NO_QID_FOUND_AFTER_ALL_ATTEMPTS","extra":null}
{"ts":"2026-02-04T13:19:54.456Z","stage":"QID","conaonicalName":"Microparamys lingchaensis","qid":null,"message":"NO_QID_FOUND_AFTER_ALL_ATTEMPTS","extra":null}
{"ts":"2026-02-04T13:19:55.467Z","stage":"QID","conaonicalName":"Palaearctomys bryanti","qid":null,"message":"NO_QID_FOUND_AFTER_ALL_ATTEMPTS","extra":null}
{"ts":"2026-02-04T13:19:55.772Z","stage":"QID","conaonicalName":"Tillomys parvus","qid":null,"message":"NO_QID_FOUND_AFTER_ALL_ATTEMPTS","extra":null}
{"ts":"2026-02-04T13:19:56.696Z","stage":"QID","conaonicalName":"Plesiosteiromys newelli","qid":null,"message":"NO_QID_FOUND_AFTER_ALL_ATTEMPTS","extra":null}
{"ts":"2026-02-04T13:19:56.914Z","stage":"QID","conaonicalName":"Sciuravus undans","qid":null,"message":"NO_QID_FOUND_AFTER_ALL_ATTEMPTS","extra":null}
{"ts":"2026-02-04T13:19:57.825Z","stage":"QID","conaonicalName":"Plesiothomomys potomacensis","qid":null,"message":"NO_QID_FOUND_AFTER_ALL_ATTEMPTS","extra":null}
{"ts":"2026-02-04T13:19:57.825Z","stage":"QID","conaonicalName":"Proansomys badamae","qid":null,"message":"NO_QID_FOUND_AFTER_ALL_ATTEMPTS","extra":null}
{"ts":"2026-02-04T13:19:57.829Z","stage":"QID","conaonicalName":"Plesiarctomys sciuroides","qid":null,"message":"NO_QID_FOUND_AFTER_ALL_ATTEMPTS","extra":null}
{"ts":"2026-02-04T13:19:57.834Z","stage":"QID","conaonicalName":"Myocricetodon tomidai","qid":null,"message":"NO_QID_FOUND_AFTER_ALL_ATTEMPTS","extra":null}
{"ts":"2026-02-04T13:19:59.049Z","stage":"QID","conaonicalName":"Subathumys solanorius","qid":null,"message":"NO_QID_FOUND_AFTER_ALL_ATTEMPTS","extra":null}
{"ts":"2026-02-04T13:20:00.284Z","stage":"QID","conaonicalName":"Eutypomys magnus","qid":null,"message":"NO_QID_FOUND_AFTER_ALL_ATTEMPTS","extra":null}
{"ts":"2026-02-04T13:20:01.437Z","stage":"QID","conaonicalName":"Stephanomys ramblensis","qid":null,"message":"NO_QID_FOUND_AFTER_ALL_ATTEMPTS","extra":null}
{"ts":"2026-02-04T13:20:01.437Z","stage":"QID","conaonicalName":"Jaywilsonomys pintoensis","qid":null,"message":"NO_QID_FOUND_AFTER_ALL_ATTEMPTS","extra":null}
{"ts":"2026-02-04T13:20:01.439Z","stage":"QID","conaonicalName":"Dipoides intermedius","qid":null,"message":"NO_QID_FOUND_AFTER_ALL_ATTEMPTS","extra":null}
{"ts":"2026-02-04T13:20:02.633Z","stage":"QID","conaonicalName":"Parahodomys spelaeus","qid":null,"message":"NO_QID_FOUND_AFTER_ALL_ATTEMPTS","extra":null}
{"ts":"2026-02-04T13:20:02.633Z","stage":"QID","conaonicalName":"Ichthyomys stoltzmanni","qid":null,"message":"NO_QID_FOUND_AFTER_ALL_ATTEMPTS","extra":null}
{"ts":"2026-02-04T13:20:03.862Z","stage":"QID","conaonicalName":"Ucayalimys crassidens","qid":null,"message":"NO_QID_FOUND_AFTER_ALL_ATTEMPTS","extra":null}
{"ts":"2026-02-04T13:20:09.924Z","stage":"QID","conaonicalName":"Mus hamidae","qid":null,"message":"NO_QID_FOUND_AFTER_ALL_ATTEMPTS","extra":null}
{"ts":"2026-02-04T13:20:10.829Z","stage":"QID","conaonicalName":"Microtus deceitensis","qid":null,"message":"NO_QID_FOUND_AFTER_ALL_ATTEMPTS","extra":null}
{"ts":"2026-02-04T13:20:10.945Z","stage":"QID","conaonicalName":"Sciuropterus mathewsi","qid":null,"message":"NO_QID_FOUND_AFTER_ALL_ATTEMPTS","extra":null}
{"ts":"2026-02-04T13:20:11.967Z","stage":"QID","conaonicalName":"Reigechimys simplex","qid":null,"message":"NO_QID_FOUND_AFTER_ALL_ATTEMPTS","extra":null}
{"ts":"2026-02-04T13:20:12.057Z","stage":"QID","conaonicalName":"Nebraskomys taylori","qid":null,"message":"NO_QID_FOUND_AFTER_ALL_ATTEMPTS","extra":null}
{"ts":"2026-02-04T13:20:13.162Z","stage":"QID","conaonicalName":"Pliogeomys carranzai","qid":null,"message":"NO_QID_FOUND_AFTER_ALL_ATTEMPTS","extra":null}
{"ts":"2026-02-04T13:20:13.182Z","stage":"QID","conaonicalName":"Pliophenacomys wilsoni","qid":null,"message":"NO_QID_FOUND_AFTER_ALL_ATTEMPTS","extra":null}
{"ts":"2026-02-04T13:20:13.387Z","stage":"QID","conaonicalName":"Eocardia petersoni","qid":null,"message":"NO_QID_FOUND_AFTER_ALL_ATTEMPTS","extra":null}
{"ts":"2026-02-04T13:20:14.409Z","stage":"QID","conaonicalName":"Pelomys rex","qid":null,"message":"NO_QID_FOUND_AFTER_ALL_ATTEMPTS","extra":null}
{"ts":"2026-02-04T13:20:14.410Z","stage":"QID","conaonicalName":"Eutamias ateles","qid":null,"message":"NO_QID_FOUND_AFTER_ALL_ATTEMPTS","extra":null}
{"ts":"2026-02-04T13:20:15.639Z","stage":"QID","conaonicalName":"Rattus doboensis","qid":null,"message":"NO_QID_FOUND_AFTER_ALL_ATTEMPTS","extra":null}
{"ts":"2026-02-04T13:20:16.763Z","stage":"QID","conaonicalName":"Mus leptosoma","qid":null,"message":"NO_QID_FOUND_AFTER_ALL_ATTEMPTS","extra":null}
{"ts":"2026-02-04T13:20:16.869Z","stage":"QID","conaonicalName":"Sciurus roberti","qid":null,"message":"NO_QID_FOUND_AFTER_ALL_ATTEMPTS","extra":null}
{"ts":"2026-02-04T13:20:16.869Z","stage":"QID","conaonicalName":"Loretomys minutus","qid":null,"message":"NO_QID_FOUND_AFTER_ALL_ATTEMPTS","extra":null}
{"ts":"2026-02-04T13:20:17.996Z","stage":"QID","conaonicalName":"Citellus meadensis","qid":null,"message":"NO_QID_FOUND_AFTER_ALL_ATTEMPTS","extra":null}
{"ts":"2026-02-04T13:20:17.996Z","stage":"QID","conaonicalName":"Ullumys pattoni","qid":null,"message":"NO_QID_FOUND_AFTER_ALL_ATTEMPTS","extra":null}
{"ts":"2026-02-04T13:20:17.996Z","stage":"QID","conaonicalName":"Onjosminthus baindi","qid":null,"message":"NO_QID_FOUND_AFTER_ALL_ATTEMPTS","extra":null}
{"ts":"2026-02-04T13:20:18.011Z","stage":"QID","conaonicalName":"Microparamys chandoni","qid":null,"message":"NO_QID_FOUND_AFTER_ALL_ATTEMPTS","extra":null}
{"ts":"2026-02-04T13:20:18.607Z","stage":"QID","conaonicalName":"Estellomys ibericus","qid":null,"message":"NO_QID_FOUND_AFTER_ALL_ATTEMPTS","extra":null}
{"ts":"2026-02-04T13:20:19.221Z","stage":"QID","conaonicalName":"Cricetodon goklerensis","qid":null,"message":"NO_QID_FOUND_AFTER_ALL_ATTEMPTS","extra":null}
{"ts":"2026-02-04T13:20:19.223Z","stage":"QID","conaonicalName":"Mus barabensis","qid":null,"message":"NO_QID_FOUND_AFTER_ALL_ATTEMPTS","extra":null}
{"ts":"2026-02-04T13:20:19.223Z","stage":"QID","conaonicalName":"Potamarchus adamiae","qid":null,"message":"NO_QID_FOUND_AFTER_ALL_ATTEMPTS","extra":null}
{"ts":"2026-02-04T13:20:20.450Z","stage":"QID","conaonicalName":"Asianeomys junggarensis","qid":null,"message":"NO_QID_FOUND_AFTER_ALL_ATTEMPTS","extra":null}
{"ts":"2026-02-04T13:20:27.297Z","stage":"QID","conaonicalName":"Ronquillomys wilsoni","qid":null,"message":"NO_QID_FOUND_AFTER_ALL_ATTEMPTS","extra":null}
{"ts":"2026-02-04T13:20:27.418Z","stage":"QID","conaonicalName":"Microparamys reginensis","qid":null,"message":"NO_QID_FOUND_AFTER_ALL_ATTEMPTS","extra":null}
{"ts":"2026-02-04T13:20:27.526Z","stage":"QID","conaonicalName":"Nanomys simplicidens","qid":null,"message":"NO_QID_FOUND_AFTER_ALL_ATTEMPTS","extra":null}
{"ts":"2026-02-04T13:20:27.526Z","stage":"QID","conaonicalName":"Mylagaulus pristinus","qid":null,"message":"NO_QID_FOUND_AFTER_ALL_ATTEMPTS","extra":null}
{"ts":"2026-02-04T13:20:27.620Z","stage":"QID","conaonicalName":"Lignimus transversus","qid":null,"message":"NO_QID_FOUND_AFTER_ALL_ATTEMPTS","extra":null}
{"ts":"2026-02-04T13:20:27.620Z","stage":"QID","conaonicalName":"Phiomys lavocati","qid":null,"message":"NO_QID_FOUND_AFTER_ALL_ATTEMPTS","extra":null}
{"ts":"2026-02-04T13:20:27.722Z","stage":"QID","conaonicalName":"Eomys minor","qid":null,"message":"NO_QID_FOUND_AFTER_ALL_ATTEMPTS","extra":null}
{"ts":"2026-02-04T13:20:27.926Z","stage":"QID","conaonicalName":"Theridomys ludensis","qid":null,"message":"NO_QID_FOUND_AFTER_ALL_ATTEMPTS","extra":null}
{"ts":"2026-02-04T13:20:28.544Z","stage":"QID","conaonicalName":"Patriotheridomys altus","qid":null,"message":"NO_QID_FOUND_AFTER_ALL_ATTEMPTS","extra":null}
{"ts":"2026-02-04T13:20:29.666Z","stage":"QID","conaonicalName":"Anadianomys declivis","qid":null,"message":"NO_QID_FOUND_AFTER_ALL_ATTEMPTS","extra":null}
{"ts":"2026-02-04T13:20:29.666Z","stage":"QID","conaonicalName":"Citellus quatalensis","qid":null,"message":"NO_QID_FOUND_AFTER_ALL_ATTEMPTS","extra":null}
{"ts":"2026-02-04T13:20:29.666Z","stage":"QID","conaonicalName":"Sciurus insignis","qid":null,"message":"NO_QID_FOUND_AFTER_ALL_ATTEMPTS","extra":null}
{"ts":"2026-02-04T13:20:29.666Z","stage":"QID","conaonicalName":"Democricetodon gregarius bavaricus","qid":null,"message":"NO_QID_FOUND_AFTER_ALL_ATTEMPTS","extra":null}
{"ts":"2026-02-04T13:20:29.672Z","stage":"QID","conaonicalName":"Plesiosminthus moniqueae","qid":null,"message":"NO_QID_FOUND_AFTER_ALL_ATTEMPTS","extra":null}
{"ts":"2026-02-04T13:20:29.677Z","stage":"QID","conaonicalName":"Paramys delicatissimus","qid":null,"message":"NO_QID_FOUND_AFTER_ALL_ATTEMPTS","extra":null}
{"ts":"2026-02-04T13:20:29.769Z","stage":"QID","conaonicalName":"Ayakozomys sergiopolis","qid":null,"message":"NO_QID_FOUND_AFTER_ALL_ATTEMPTS","extra":null}
{"ts":"2026-02-04T13:20:30.896Z","stage":"QID","conaonicalName":"Eutamias ochrogenys","qid":null,"message":"NO_QID_FOUND_AFTER_ALL_ATTEMPTS","extra":null}
{"ts":"2026-02-04T13:20:30.909Z","stage":"QID","conaonicalName":"Monosaulax senrudi","qid":null,"message":"NO_QID_FOUND_AFTER_ALL_ATTEMPTS","extra":null}
{"ts":"2026-02-04T13:20:32.128Z","stage":"QID","conaonicalName":"Tataromys ulantatalensis","qid":null,"message":"NO_QID_FOUND_AFTER_ALL_ATTEMPTS","extra":null}
{"ts":"2026-02-04T13:20:32.129Z","stage":"QID","conaonicalName":"Steneofiber brachyceps","qid":null,"message":"NO_QID_FOUND_AFTER_ALL_ATTEMPTS","extra":null}
{"ts":"2026-02-04T13:20:32.129Z","stage":"QID","conaonicalName":"Mylagaulus paniensis","qid":null,"message":"NO_QID_FOUND_AFTER_ALL_ATTEMPTS","extra":null}
{"ts":"2026-02-04T13:20:32.129Z","stage":"QID","conaonicalName":"Cavia cabrerai","qid":null,"message":"NO_QID_FOUND_AFTER_ALL_ATTEMPTS","extra":null}
{"ts":"2026-02-04T13:20:32.129Z","stage":"QID","conaonicalName":"Ferigolomys pacarana","qid":null,"message":"NO_QID_FOUND_AFTER_ALL_ATTEMPTS","extra":null}
{"ts":"2026-02-04T13:20:32.129Z","stage":"QID","conaonicalName":"Adjidaumo russelli","qid":null,"message":"NO_QID_FOUND_AFTER_ALL_ATTEMPTS","extra":null}
{"ts":"2026-02-04T13:20:32.129Z","stage":"QID","conaonicalName":"Paramys atwateri","qid":null,"message":"NO_QID_FOUND_AFTER_ALL_ATTEMPTS","extra":null}
{"ts":"2026-02-04T13:20:33.266Z","stage":"QID","conaonicalName":"Steiromys annectens","qid":null,"message":"NO_QID_FOUND_AFTER_ALL_ATTEMPTS","extra":null}
{"ts":"2026-02-04T13:20:33.356Z","stage":"QID","conaonicalName":"Sciuravus depressus","qid":null,"message":"NO_QID_FOUND_AFTER_ALL_ATTEMPTS","extra":null}
{"ts":"2026-02-04T13:20:33.357Z","stage":"QID","conaonicalName":"Blainvillimys langei","qid":null,"message":"NO_QID_FOUND_AFTER_ALL_ATTEMPTS","extra":null}
{"ts":"2026-02-04T13:20:34.479Z","stage":"QID","conaonicalName":"Citellus wilsoni","qid":null,"message":"NO_QID_FOUND_AFTER_ALL_ATTEMPTS","extra":null}
{"ts":"2026-02-04T13:20:34.479Z","stage":"QID","conaonicalName":"Peromyscus kelloggae","qid":null,"message":"NO_QID_FOUND_AFTER_ALL_ATTEMPTS","extra":null}
{"ts":"2026-02-04T13:20:34.479Z","stage":"QID","conaonicalName":"Plesiosminthus moralesi","qid":null,"message":"NO_QID_FOUND_AFTER_ALL_ATTEMPTS","extra":null}
{"ts":"2026-02-04T13:20:34.479Z","stage":"QID","conaonicalName":"Eucastor katensis","qid":null,"message":"NO_QID_FOUND_AFTER_ALL_ATTEMPTS","extra":null}
{"ts":"2026-02-04T13:20:34.484Z","stage":"QID","conaonicalName":"Sciurus saskatchewaensis","qid":null,"message":"NO_QID_FOUND_AFTER_ALL_ATTEMPTS","extra":null}
{"ts":"2026-02-04T13:20:34.582Z","stage":"QID","conaonicalName":"Peromyscus pagei","qid":null,"message":"NO_QID_FOUND_AFTER_ALL_ATTEMPTS","extra":null}
{"ts":"2026-02-04T13:20:35.710Z","stage":"QID","conaonicalName":"Propliophenacomys parkeri","qid":null,"message":"NO_QID_FOUND_AFTER_ALL_ATTEMPTS","extra":null}
{"ts":"2026-02-04T13:20:35.710Z","stage":"QID","conaonicalName":"Sciurodon descedens","qid":null,"message":"NO_QID_FOUND_AFTER_ALL_ATTEMPTS","extra":null}
{"ts":"2026-02-04T13:20:35.710Z","stage":"QID","conaonicalName":"Neophiomys minutus","qid":null,"message":"NO_QID_FOUND_AFTER_ALL_ATTEMPTS","extra":null}
{"ts":"2026-02-04T13:20:35.711Z","stage":"QID","conaonicalName":"Citellus taylori","qid":null,"message":"NO_QID_FOUND_AFTER_ALL_ATTEMPTS","extra":null}
{"ts":"2026-02-04T13:20:36.941Z","stage":"QID","conaonicalName":"Tatalsminthus khandae","qid":null,"message":"NO_QID_FOUND_AFTER_ALL_ATTEMPTS","extra":null}
{"ts":"2026-02-04T13:20:36.941Z","stage":"QID","conaonicalName":"Promylagaulus lemhiensis","qid":null,"message":"NO_QID_FOUND_AFTER_ALL_ATTEMPTS","extra":null}
{"ts":"2026-02-04T13:20:36.941Z","stage":"QID","conaonicalName":"Dolichotis intermedia","qid":null,"message":"NO_QID_FOUND_AFTER_ALL_ATTEMPTS","extra":null}
{"ts":"2026-02-04T13:20:36.941Z","stage":"QID","conaonicalName":"Citellus fricki","qid":null,"message":"NO_QID_FOUND_AFTER_ALL_ATTEMPTS","extra":null}
{"ts":"2026-02-04T13:20:38.068Z","stage":"QID","conaonicalName":"Caviodon andalhualensis","qid":null,"message":"NO_QID_FOUND_AFTER_ALL_ATTEMPTS","extra":null}
{"ts":"2026-02-04T13:20:38.068Z","stage":"QID","conaonicalName":"Issiodoromys medius","qid":null,"message":"NO_QID_FOUND_AFTER_ALL_ATTEMPTS","extra":null}
{"ts":"2026-02-04T13:20:38.085Z","stage":"QID","conaonicalName":"Inopinatia balkanica","qid":null,"message":"NO_QID_FOUND_AFTER_ALL_ATTEMPTS","extra":null}
{"ts":"2026-02-04T13:20:38.085Z","stage":"QID","conaonicalName":"Gymnoptychus trilophus","qid":null,"message":"NO_QID_FOUND_AFTER_ALL_ATTEMPTS","extra":null}
{"ts":"2026-02-04T13:20:38.167Z","stage":"QID","conaonicalName":"Eucricetodon praecursor","qid":null,"message":"NO_QID_FOUND_AFTER_ALL_ATTEMPTS","extra":null}
{"ts":"2026-02-04T13:20:39.292Z","stage":"QID","conaonicalName":"Cricetus angustidens","qid":null,"message":"NO_QID_FOUND_AFTER_ALL_ATTEMPTS","extra":null}
{"ts":"2026-02-04T13:20:39.292Z","stage":"QID","conaonicalName":"Heterosminthus firmus","qid":null,"message":"NO_QID_FOUND_AFTER_ALL_ATTEMPTS","extra":null}
{"ts":"2026-02-04T13:20:39.309Z","stage":"QID","conaonicalName":"Grangerimus sellardsi","qid":null,"message":"NO_QID_FOUND_AFTER_ALL_ATTEMPTS","extra":null}
{"ts":"2026-02-04T13:20:45.231Z","stage":"QID","conaonicalName":"Plesispermophilus ernii","qid":null,"message":"NO_QID_FOUND_AFTER_ALL_ATTEMPTS","extra":null}
{"ts":"2026-02-04T13:20:45.245Z","stage":"QID","conaonicalName":"Diprionomys tertius","qid":null,"message":"NO_QID_FOUND_AFTER_ALL_ATTEMPTS","extra":null}
{"ts":"2026-02-04T13:20:45.245Z","stage":"QID","conaonicalName":"Notoparamys blochi","qid":null,"message":"NO_QID_FOUND_AFTER_ALL_ATTEMPTS","extra":null}
{"ts":"2026-02-04T13:20:45.245Z","stage":"QID","conaonicalName":"Paramys pourcyensis","qid":null,"message":"NO_QID_FOUND_AFTER_ALL_ATTEMPTS","extra":null}
{"ts":"2026-02-04T13:20:45.299Z","stage":"QID","conaonicalName":"Meniscomys cavatus","qid":null,"message":"NO_QID_FOUND_AFTER_ALL_ATTEMPTS","extra":null}
{"ts":"2026-02-04T13:20:45.317Z","stage":"QID","conaonicalName":"Sciurus tephrus","qid":null,"message":"NO_QID_FOUND_AFTER_ALL_ATTEMPTS","extra":null}
{"ts":"2026-02-04T13:20:45.435Z","stage":"QID","conaonicalName":"Mus maculatus","qid":null,"message":"NO_QID_FOUND_AFTER_ALL_ATTEMPTS","extra":null}
{"ts":"2026-02-04T13:20:45.436Z","stage":"QID","conaonicalName":"Pseudotheridomys carpathicus","qid":null,"message":"NO_QID_FOUND_AFTER_ALL_ATTEMPTS","extra":null}
{"ts":"2026-02-04T13:20:45.640Z","stage":"QID","conaonicalName":"Phenacomys primaevus","qid":null,"message":"NO_QID_FOUND_AFTER_ALL_ATTEMPTS","extra":null}
{"ts":"2026-02-04T13:20:46.238Z","stage":"QID","conaonicalName":"Heosminthus primiveris","qid":null,"message":"NO_QID_FOUND_AFTER_ALL_ATTEMPTS","extra":null}
{"ts":"2026-02-04T13:20:47.382Z","stage":"QID","conaonicalName":"Adjidaumo stewarti","qid":null,"message":"NO_QID_FOUND_AFTER_ALL_ATTEMPTS","extra":null}
{"ts":"2026-02-04T13:20:47.382Z","stage":"QID","conaonicalName":"Theridomys varians","qid":null,"message":"NO_QID_FOUND_AFTER_ALL_ATTEMPTS","extra":null}
{"ts":"2026-02-04T13:20:47.395Z","stage":"QID","conaonicalName":"Geofossor corvinusae","qid":null,"message":"NO_QID_FOUND_AFTER_ALL_ATTEMPTS","extra":null}
{"ts":"2026-02-04T13:20:47.395Z","stage":"QID","conaonicalName":"Citellus junturensis","qid":null,"message":"NO_QID_FOUND_AFTER_ALL_ATTEMPTS","extra":null}
{"ts":"2026-02-04T13:20:47.409Z","stage":"QID","conaonicalName":"Trilaccogaulus bettae","qid":null,"message":"NO_QID_FOUND_AFTER_ALL_ATTEMPTS","extra":null}
{"ts":"2026-02-04T13:20:47.409Z","stage":"QID","conaonicalName":"Dakhlamys ultimus","qid":null,"message":"NO_QID_FOUND_AFTER_ALL_ATTEMPTS","extra":null}
{"ts":"2026-02-04T13:20:47.415Z","stage":"QID","conaonicalName":"Entoptychus minimus","qid":null,"message":"NO_QID_FOUND_AFTER_ALL_ATTEMPTS","extra":null}
{"ts":"2026-02-04T13:20:48.611Z","stage":"QID","conaonicalName":"Plexochoerus adluis","qid":null,"message":"NO_QID_FOUND_AFTER_ALL_ATTEMPTS","extra":null}
{"ts":"2026-02-04T13:20:48.628Z","stage":"QID","conaonicalName":"Dipus muscola","qid":null,"message":"NO_QID_FOUND_AFTER_ALL_ATTEMPTS","extra":null}
{"ts":"2026-02-04T13:20:49.840Z","stage":"QID","conaonicalName":"Tsinlingomys youngi","qid":null,"message":"NO_QID_FOUND_AFTER_ALL_ATTEMPTS","extra":null}
{"ts":"2026-02-04T13:20:49.840Z","stage":"QID","conaonicalName":"Pleurolicus clasoni","qid":null,"message":"NO_QID_FOUND_AFTER_ALL_ATTEMPTS","extra":null}
{"ts":"2026-02-04T13:20:49.840Z","stage":"QID","conaonicalName":"Primisminthus yuenus","qid":null,"message":"NO_QID_FOUND_AFTER_ALL_ATTEMPTS","extra":null}
{"ts":"2026-02-04T13:20:49.840Z","stage":"QID","conaonicalName":"Sciurus gibberosus","qid":null,"message":"NO_QID_FOUND_AFTER_ALL_ATTEMPTS","extra":null}
{"ts":"2026-02-04T13:20:49.840Z","stage":"QID","conaonicalName":"Perimys scalabrinianus","qid":null,"message":"NO_QID_FOUND_AFTER_ALL_ATTEMPTS","extra":null}
{"ts":"2026-02-04T13:20:49.840Z","stage":"QID","conaonicalName":"Dipoides curtus","qid":null,"message":"NO_QID_FOUND_AFTER_ALL_ATTEMPTS","extra":null}
{"ts":"2026-02-04T13:20:49.841Z","stage":"QID","conaonicalName":"Kharomys gracilis","qid":null,"message":"NO_QID_FOUND_AFTER_ALL_ATTEMPTS","extra":null}
{"ts":"2026-02-04T13:20:51.078Z","stage":"QID","conaonicalName":"Leptotomus coelumensis","qid":null,"message":"NO_QID_FOUND_AFTER_ALL_ATTEMPTS","extra":null}
{"ts":"2026-02-04T13:20:51.078Z","stage":"QID","conaonicalName":"Cavia avita","qid":null,"message":"NO_QID_FOUND_AFTER_ALL_ATTEMPTS","extra":null}
{"ts":"2026-02-04T13:20:52.203Z","stage":"QID","conaonicalName":"Namatomys fantasma","qid":null,"message":"NO_QID_FOUND_AFTER_ALL_ATTEMPTS","extra":null}
{"ts":"2026-02-04T13:20:52.209Z","stage":"QID","conaonicalName":"Cimmaronomys stirtoni","qid":null,"message":"NO_QID_FOUND_AFTER_ALL_ATTEMPTS","extra":null}
{"ts":"2026-02-04T13:20:52.299Z","stage":"QID","conaonicalName":"Chukimys favaloroi","qid":null,"message":"NO_QID_FOUND_AFTER_ALL_ATTEMPTS","extra":null}
{"ts":"2026-02-04T13:20:52.299Z","stage":"QID","conaonicalName":"Copemys vasquezi","qid":null,"message":"NO_QID_FOUND_AFTER_ALL_ATTEMPTS","extra":null}
{"ts":"2026-02-04T13:20:53.426Z","stage":"QID","conaonicalName":"Cricetodon spectabilis","qid":null,"message":"NO_QID_FOUND_AFTER_ALL_ATTEMPTS","extra":null}
{"ts":"2026-02-04T13:20:53.426Z","stage":"QID","conaonicalName":"Schizogliravus tenuis","qid":null,"message":"NO_QID_FOUND_AFTER_ALL_ATTEMPTS","extra":null}
{"ts":"2026-02-04T13:20:53.426Z","stage":"QID","conaonicalName":"Microcavia uncinata","qid":null,"message":"NO_QID_FOUND_AFTER_ALL_ATTEMPTS","extra":null}
{"ts":"2026-02-04T13:20:53.426Z","stage":"QID","conaonicalName":"Paramys wortmani","qid":null,"message":"NO_QID_FOUND_AFTER_ALL_ATTEMPTS","extra":null}
{"ts":"2026-02-04T13:20:53.430Z","stage":"QID","conaonicalName":"Dipodomys kansensis","qid":null,"message":"NO_QID_FOUND_AFTER_ALL_ATTEMPTS","extra":null}
{"ts":"2026-02-04T13:20:54.654Z","stage":"QID","conaonicalName":"Sciuroides siderolithicus","qid":null,"message":"NO_QID_FOUND_AFTER_ALL_ATTEMPTS","extra":null}
{"ts":"2026-02-04T13:20:54.654Z","stage":"QID","conaonicalName":"Loncheres punctatus","qid":null,"message":"NO_QID_FOUND_AFTER_ALL_ATTEMPTS","extra":null}
{"ts":"2026-02-04T13:20:54.654Z","stage":"QID","conaonicalName":"Pseudotheridomys asiaticus","qid":null,"message":"NO_QID_FOUND_AFTER_ALL_ATTEMPTS","extra":null}
{"ts":"2026-02-04T13:20:54.654Z","stage":"QID","conaonicalName":"Paramys murinus","qid":null,"message":"NO_QID_FOUND_AFTER_ALL_ATTEMPTS","extra":null}
{"ts":"2026-02-04T13:20:54.654Z","stage":"QID","conaonicalName":"Lagostomus debilis","qid":null,"message":"NO_QID_FOUND_AFTER_ALL_ATTEMPTS","extra":null}
{"ts":"2026-02-04T13:20:55.791Z","stage":"QID","conaonicalName":"Arvicola pliocaenicus","qid":null,"message":"NO_QID_FOUND_AFTER_ALL_ATTEMPTS","extra":null}
{"ts":"2026-02-04T13:20:55.883Z","stage":"QID","conaonicalName":"Eumys woodi","qid":null,"message":"NO_QID_FOUND_AFTER_ALL_ATTEMPTS","extra":null}
{"ts":"2026-02-04T13:20:55.883Z","stage":"QID","conaonicalName":"Tregomys shotwelli","qid":null,"message":"NO_QID_FOUND_AFTER_ALL_ATTEMPTS","extra":null}
{"ts":"2026-02-04T13:20:55.883Z","stage":"QID","conaonicalName":"Plesiosminthus asiaticus","qid":null,"message":"NO_QID_FOUND_AFTER_ALL_ATTEMPTS","extra":null}
{"ts":"2026-02-04T13:20:55.883Z","stage":"QID","conaonicalName":"Boromys brachyblastus","qid":null,"message":"NO_QID_FOUND_AFTER_ALL_ATTEMPTS","extra":null}
{"ts":"2026-02-04T13:20:57.011Z","stage":"QID","conaonicalName":"Theridomys lembronicus","qid":null,"message":"NO_QID_FOUND_AFTER_ALL_ATTEMPTS","extra":null}
{"ts":"2026-02-04T13:20:57.109Z","stage":"QID","conaonicalName":"Citellus shotwelli","qid":null,"message":"NO_QID_FOUND_AFTER_ALL_ATTEMPTS","extra":null}
{"ts":"2026-02-04T13:21:03.266Z","stage":"QID","conaonicalName":"Geomys garbanii","qid":null,"message":"NO_QID_FOUND_AFTER_ALL_ATTEMPTS","extra":null}
{"ts":"2026-02-04T13:21:03.361Z","stage":"QID","conaonicalName":"Fiber annectens","qid":null,"message":"NO_QID_FOUND_AFTER_ALL_ATTEMPTS","extra":null}
{"ts":"2026-02-04T13:21:03.365Z","stage":"QID","conaonicalName":"Mysops boskeyi","qid":null,"message":"NO_QID_FOUND_AFTER_ALL_ATTEMPTS","extra":null}
{"ts":"2026-02-04T13:21:03.459Z","stage":"QID","conaonicalName":"Myopotamus obesus","qid":null,"message":"NO_QID_FOUND_AFTER_ALL_ATTEMPTS","extra":null}
{"ts":"2026-02-04T13:21:03.459Z","stage":"QID","conaonicalName":"Sciurus malheurensis","qid":null,"message":"NO_QID_FOUND_AFTER_ALL_ATTEMPTS","extra":null}
{"ts":"2026-02-04T13:21:03.662Z","stage":"QID","conaonicalName":"Taxymys cuspidatus","qid":null,"message":"NO_QID_FOUND_AFTER_ALL_ATTEMPTS","extra":null}
{"ts":"2026-02-04T13:21:03.765Z","stage":"QID","conaonicalName":"Meldimys cardosoi","qid":null,"message":"NO_QID_FOUND_AFTER_ALL_ATTEMPTS","extra":null}
{"ts":"2026-02-04T13:21:04.358Z","stage":"QID","conaonicalName":"Stelmomys parvus","qid":null,"message":"NO_QID_FOUND_AFTER_ALL_ATTEMPTS","extra":null}
{"ts":"2026-02-04T13:21:04.358Z","stage":"QID","conaonicalName":"Taishanomys parvulus","qid":null,"message":"NO_QID_FOUND_AFTER_ALL_ATTEMPTS","extra":null}
{"ts":"2026-02-04T13:21:04.358Z","stage":"QID","conaonicalName":"Sciurus angusticeps","qid":null,"message":"NO_QID_FOUND_AFTER_ALL_ATTEMPTS","extra":null}
{"ts":"2026-02-04T13:21:05.497Z","stage":"QID","conaonicalName":"Euphilus ambrosettianus","qid":null,"message":"NO_QID_FOUND_AFTER_ALL_ATTEMPTS","extra":null}
{"ts":"2026-02-04T13:21:05.505Z","stage":"QID","conaonicalName":"Mylagaulus laevis","qid":null,"message":"NO_QID_FOUND_AFTER_ALL_ATTEMPTS","extra":null}
{"ts":"2026-02-04T13:21:05.512Z","stage":"QID","conaonicalName":"Eosteiromys medianus","qid":null,"message":"NO_QID_FOUND_AFTER_ALL_ATTEMPTS","extra":null}
{"ts":"2026-02-04T13:21:05.610Z","stage":"QID","conaonicalName":"Deperetomys magnus","qid":null,"message":"NO_QID_FOUND_AFTER_ALL_ATTEMPTS","extra":null}
{"ts":"2026-02-04T13:21:05.611Z","stage":"QID","conaonicalName":"Sciurus tecuyensis","qid":null,"message":"NO_QID_FOUND_AFTER_ALL_ATTEMPTS","extra":null}
{"ts":"2026-02-04T13:21:05.611Z","stage":"QID","conaonicalName":"Saykanomys vandermeuleni","qid":null,"message":"NO_QID_FOUND_AFTER_ALL_ATTEMPTS","extra":null}
{"ts":"2026-02-04T13:21:05.611Z","stage":"QID","conaonicalName":"Paradelomys spaeleus","qid":null,"message":"NO_QID_FOUND_AFTER_ALL_ATTEMPTS","extra":null}
{"ts":"2026-02-04T13:21:06.736Z","stage":"QID","conaonicalName":"Xueshimys dissectus","qid":null,"message":"NO_QID_FOUND_AFTER_ALL_ATTEMPTS","extra":null}
{"ts":"2026-02-04T13:21:06.737Z","stage":"QID","conaonicalName":"Theridomys perrealensis","qid":null,"message":"NO_QID_FOUND_AFTER_ALL_ATTEMPTS","extra":null}
{"ts":"2026-02-04T13:21:06.743Z","stage":"QID","conaonicalName":"Geomys paenebursarius","qid":null,"message":"NO_QID_FOUND_AFTER_ALL_ATTEMPTS","extra":null}
{"ts":"2026-02-04T13:21:07.893Z","stage":"QID","conaonicalName":"Eumys blacki","qid":null,"message":"NO_QID_FOUND_AFTER_ALL_ATTEMPTS","extra":null}
{"ts":"2026-02-04T13:21:07.894Z","stage":"QID","conaonicalName":"Boromys obtusus","qid":null,"message":"NO_QID_FOUND_AFTER_ALL_ATTEMPTS","extra":null}
{"ts":"2026-02-04T13:21:07.967Z","stage":"QID","conaonicalName":"Cyclomylus minutus","qid":null,"message":"NO_QID_FOUND_AFTER_ALL_ATTEMPTS","extra":null}
{"ts":"2026-02-04T13:21:07.967Z","stage":"QID","conaonicalName":"Plesiosminthus promyarion","qid":null,"message":"NO_QID_FOUND_AFTER_ALL_ATTEMPTS","extra":null}
{"ts":"2026-02-04T13:21:07.967Z","stage":"QID","conaonicalName":"Mimomys parvus","qid":null,"message":"NO_QID_FOUND_AFTER_ALL_ATTEMPTS","extra":null}
{"ts":"2026-02-04T13:21:07.967Z","stage":"QID","conaonicalName":"Lagostomus primigenius","qid":null,"message":"NO_QID_FOUND_AFTER_ALL_ATTEMPTS","extra":null}
{"ts":"2026-02-04T13:21:09.263Z","stage":"QID","conaonicalName":"Phenacophiomys occidentalis","qid":null,"message":"NO_QID_FOUND_AFTER_ALL_ATTEMPTS","extra":null}
{"ts":"2026-02-04T13:21:09.263Z","stage":"QID","conaonicalName":"Sciuravus nexus","qid":null,"message":"NO_QID_FOUND_AFTER_ALL_ATTEMPTS","extra":null}
{"ts":"2026-02-04T13:21:09.265Z","stage":"QID","conaonicalName":"Lagostomus heterogenidens","qid":null,"message":"NO_QID_FOUND_AFTER_ALL_ATTEMPTS","extra":null}
{"ts":"2026-02-04T13:21:10.307Z","stage":"QID","conaonicalName":"Orthomyctera lata","qid":null,"message":"NO_QID_FOUND_AFTER_ALL_ATTEMPTS","extra":null}
{"ts":"2026-02-04T13:21:10.312Z","stage":"QID","conaonicalName":"Parasminthus quartus","qid":null,"message":"NO_QID_FOUND_AFTER_ALL_ATTEMPTS","extra":null}
{"ts":"2026-02-04T13:21:10.365Z","stage":"QID","conaonicalName":"Cerodon pygmeus","qid":null,"message":"NO_QID_FOUND_AFTER_ALL_ATTEMPTS","extra":null}
{"ts":"2026-02-04T13:21:10.371Z","stage":"QID","conaonicalName":"Leptotomus mytonensis","qid":null,"message":"NO_QID_FOUND_AFTER_ALL_ATTEMPTS","extra":null}
{"ts":"2026-02-04T13:21:10.376Z","stage":"QID","conaonicalName":"Leptotataromys minor","qid":null,"message":"NO_QID_FOUND_AFTER_ALL_ATTEMPTS","extra":null}
{"ts":"2026-02-04T13:21:11.526Z","stage":"QID","conaonicalName":"Adjidaumo hansonorum","qid":null,"message":"NO_QID_FOUND_AFTER_ALL_ATTEMPTS","extra":null}
{"ts":"2026-02-04T13:21:11.526Z","stage":"QID","conaonicalName":"Cudahyomys moorei","qid":null,"message":"NO_QID_FOUND_AFTER_ALL_ATTEMPTS","extra":null}
{"ts":"2026-02-04T13:21:11.526Z","stage":"QID","conaonicalName":"Hydentomys major","qid":null,"message":"NO_QID_FOUND_AFTER_ALL_ATTEMPTS","extra":null}
{"ts":"2026-02-04T13:21:11.556Z","stage":"QID","conaonicalName":"Olenopsis typicus","qid":null,"message":"NO_QID_FOUND_AFTER_ALL_ATTEMPTS","extra":null}
{"ts":"2026-02-04T13:21:11.558Z","stage":"QID","conaonicalName":"Protadelomys cartieri","qid":null,"message":"NO_QID_FOUND_AFTER_ALL_ATTEMPTS","extra":null}
{"ts":"2026-02-04T13:21:12.784Z","stage":"QID","conaonicalName":"Democricetodon haltmari","qid":null,"message":"NO_QID_FOUND_AFTER_ALL_ATTEMPTS","extra":null}
{"ts":"2026-02-04T13:21:12.784Z","stage":"QID","conaonicalName":"Leptotomus burkei","qid":null,"message":"NO_QID_FOUND_AFTER_ALL_ATTEMPTS","extra":null}
{"ts":"2026-02-04T13:21:12.784Z","stage":"QID","conaonicalName":"Prokanisamys kowalskii","qid":null,"message":"NO_QID_FOUND_AFTER_ALL_ATTEMPTS","extra":null}
{"ts":"2026-02-04T13:21:12.784Z","stage":"QID","conaonicalName":"Saykanomys sondaari","qid":null,"message":"NO_QID_FOUND_AFTER_ALL_ATTEMPTS","extra":null}
{"ts":"2026-02-04T13:21:12.784Z","stage":"QID","conaonicalName":"Elfomys engesseri","qid":null,"message":"NO_QID_FOUND_AFTER_ALL_ATTEMPTS","extra":null}
{"ts":"2026-02-04T13:21:13.934Z","stage":"QID","conaonicalName":"Primisminthus jinus","qid":null,"message":"NO_QID_FOUND_AFTER_ALL_ATTEMPTS","extra":null}
{"ts":"2026-02-04T13:21:13.934Z","stage":"QID","conaonicalName":"Epiblema horridula","qid":null,"message":"NO_QID_FOUND_AFTER_ALL_ATTEMPTS","extra":null}
{"ts":"2026-02-04T13:21:13.938Z","stage":"QID","conaonicalName":"Peromyscus beckensis","qid":null,"message":"NO_QID_FOUND_AFTER_ALL_ATTEMPTS","extra":null}
{"ts":"2026-02-04T13:21:14.006Z","stage":"QID","conaonicalName":"Gliravus hispanicus","qid":null,"message":"NO_QID_FOUND_AFTER_ALL_ATTEMPTS","extra":null}
{"ts":"2026-02-04T13:21:14.006Z","stage":"QID","conaonicalName":"Akmaiomys incohatus","qid":null,"message":"NO_QID_FOUND_AFTER_ALL_ATTEMPTS","extra":null}
{"ts":"2026-02-04T13:21:15.135Z","stage":"QID","conaonicalName":"Plexochoerus lynchii","qid":null,"message":"NO_QID_FOUND_AFTER_ALL_ATTEMPTS","extra":null}
{"ts":"2026-02-04T13:21:15.234Z","stage":"QID","conaonicalName":"Theridomys gregarius","qid":null,"message":"NO_QID_FOUND_AFTER_ALL_ATTEMPTS","extra":null}
{"ts":"2026-02-04T13:21:15.234Z","stage":"QID","conaonicalName":"Cricetodon murinus","qid":null,"message":"NO_QID_FOUND_AFTER_ALL_ATTEMPTS","extra":null}
{"ts":"2026-02-04T13:21:19.958Z","stage":"QID","conaonicalName":"Sciuropterus albanensis","qid":null,"message":"NO_QID_FOUND_AFTER_ALL_ATTEMPTS","extra":null}
{"ts":"2026-02-04T13:21:21.174Z","stage":"QID","conaonicalName":"Omboomys builstynensis","qid":null,"message":"NO_QID_FOUND_AFTER_ALL_ATTEMPTS","extra":null}
{"ts":"2026-02-04T13:21:21.380Z","stage":"QID","conaonicalName":"Mergenomys neimongolensis","qid":null,"message":"NO_QID_FOUND_AFTER_ALL_ATTEMPTS","extra":null}
{"ts":"2026-02-04T13:21:21.387Z","stage":"QID","conaonicalName":"Dawsonomys minor","qid":null,"message":"NO_QID_FOUND_AFTER_ALL_ATTEMPTS","extra":null}
{"ts":"2026-02-04T13:21:21.395Z","stage":"QID","conaonicalName":"Mylagaulus vetus","qid":null,"message":"NO_QID_FOUND_AFTER_ALL_ATTEMPTS","extra":null}
{"ts":"2026-02-04T13:21:21.481Z","stage":"QID","conaonicalName":"Tachyoryctoides engesseri","qid":null,"message":"NO_QID_FOUND_AFTER_ALL_ATTEMPTS","extra":null}
{"ts":"2026-02-04T13:21:21.481Z","stage":"QID","conaonicalName":"Theridomys margaritae","qid":null,"message":"NO_QID_FOUND_AFTER_ALL_ATTEMPTS","extra":null}
{"ts":"2026-02-04T13:21:21.495Z","stage":"QID","conaonicalName":"Chalicomys anderssoni","qid":null,"message":"NO_QID_FOUND_AFTER_ALL_ATTEMPTS","extra":null}
{"ts":"2026-02-04T13:21:21.788Z","stage":"QID","conaonicalName":"Meniscomys petersonensis","qid":null,"message":"NO_QID_FOUND_AFTER_ALL_ATTEMPTS","extra":null}
{"ts":"2026-02-04T13:21:22.335Z","stage":"QID","conaonicalName":"Heosminthus nomogenesis","qid":null,"message":"NO_QID_FOUND_AFTER_ALL_ATTEMPTS","extra":null}
{"ts":"2026-02-04T13:21:22.360Z","stage":"QID","conaonicalName":"Paciculus mcgregori","qid":null,"message":"NO_QID_FOUND_AFTER_ALL_ATTEMPTS","extra":null}
{"ts":"2026-02-04T13:21:23.529Z","stage":"QID","conaonicalName":"Toeniodus curvistriatus","qid":null,"message":"NO_QID_FOUND_AFTER_ALL_ATTEMPTS","extra":null}
{"ts":"2026-02-04T13:21:23.529Z","stage":"QID","conaonicalName":"Perognathoides bidahochiensis","qid":null,"message":"NO_QID_FOUND_AFTER_ALL_ATTEMPTS","extra":null}
{"ts":"2026-02-04T13:21:23.536Z","stage":"QID","conaonicalName":"Aralomys glikmani","qid":null,"message":"NO_QID_FOUND_AFTER_ALL_ATTEMPTS","extra":null}
{"ts":"2026-02-04T13:21:23.536Z","stage":"QID","conaonicalName":"Coendou cascoensis","qid":null,"message":"NO_QID_FOUND_AFTER_ALL_ATTEMPTS","extra":null}
{"ts":"2026-02-04T13:21:23.537Z","stage":"QID","conaonicalName":"Glibemys algeriensis","qid":null,"message":"NO_QID_FOUND_AFTER_ALL_ATTEMPTS","extra":null}
{"ts":"2026-02-04T13:21:23.633Z","stage":"QID","conaonicalName":"Bransatoglis bosniensis","qid":null,"message":"NO_QID_FOUND_AFTER_ALL_ATTEMPTS","extra":null}
{"ts":"2026-02-04T13:21:23.633Z","stage":"QID","conaonicalName":"Zoyphiomys sinensis","qid":null,"message":"NO_QID_FOUND_AFTER_ALL_ATTEMPTS","extra":null}
{"ts":"2026-02-04T13:21:24.762Z","stage":"QID","conaonicalName":"Hydrochoerus paranensis","qid":null,"message":"NO_QID_FOUND_AFTER_ALL_ATTEMPTS","extra":null}
{"ts":"2026-02-04T13:21:24.762Z","stage":"QID","conaonicalName":"Yoderimys lustrorum","qid":null,"message":"NO_QID_FOUND_AFTER_ALL_ATTEMPTS","extra":null}
{"ts":"2026-02-04T13:21:24.776Z","stage":"QID","conaonicalName":"Sciurus arctomyoides","qid":null,"message":"NO_QID_FOUND_AFTER_ALL_ATTEMPTS","extra":null}
{"ts":"2026-02-04T13:21:25.988Z","stage":"QID","conaonicalName":"Pseudaplodon occidentale","qid":null,"message":"NO_QID_FOUND_AFTER_ALL_ATTEMPTS","extra":null}
{"ts":"2026-02-04T13:21:25.988Z","stage":"QID","conaonicalName":"Orogomys obscurus","qid":null,"message":"NO_QID_FOUND_AFTER_ALL_ATTEMPTS","extra":null}
{"ts":"2026-02-04T13:21:25.988Z","stage":"QID","conaonicalName":"Grangerimus dakotensis","qid":null,"message":"NO_QID_FOUND_AFTER_ALL_ATTEMPTS","extra":null}
{"ts":"2026-02-04T13:21:25.988Z","stage":"QID","conaonicalName":"Eutamias canipes","qid":null,"message":"NO_QID_FOUND_AFTER_ALL_ATTEMPTS","extra":null}
{"ts":"2026-02-04T13:21:25.988Z","stage":"QID","conaonicalName":"Allomys harkseni","qid":null,"message":"NO_QID_FOUND_AFTER_ALL_ATTEMPTS","extra":null}
{"ts":"2026-02-04T13:21:25.988Z","stage":"QID","conaonicalName":"Sanctimus tiptoni","qid":null,"message":"NO_QID_FOUND_AFTER_ALL_ATTEMPTS","extra":null}
{"ts":"2026-02-04T13:21:25.989Z","stage":"QID","conaonicalName":"Eucricetodon wangae","qid":null,"message":"NO_QID_FOUND_AFTER_ALL_ATTEMPTS","extra":null}
{"ts":"2026-02-04T13:21:27.141Z","stage":"QID","conaonicalName":"Ailuravus stehlinschaubi","qid":null,"message":"NO_QID_FOUND_AFTER_ALL_ATTEMPTS","extra":null}
{"ts":"2026-02-04T13:21:27.149Z","stage":"QID","conaonicalName":"Cardiomys leufuensis","qid":null,"message":"NO_QID_FOUND_AFTER_ALL_ATTEMPTS","extra":null}
{"ts":"2026-02-04T13:21:27.218Z","stage":"QID","conaonicalName":"Palaeosciurus goti","qid":null,"message":"NO_QID_FOUND_AFTER_ALL_ATTEMPTS","extra":null}
{"ts":"2026-02-04T13:21:28.341Z","stage":"QID","conaonicalName":"Pseudoltinomys cosetanus","qid":null,"message":"NO_QID_FOUND_AFTER_ALL_ATTEMPTS","extra":null}
{"ts":"2026-02-04T13:21:28.342Z","stage":"QID","conaonicalName":"Wakkamys hartenbergeri","qid":null,"message":"NO_QID_FOUND_AFTER_ALL_ATTEMPTS","extra":null}
{"ts":"2026-02-04T13:21:28.342Z","stage":"QID","conaonicalName":"Geitonomys bouvites","qid":null,"message":"NO_QID_FOUND_AFTER_ALL_ATTEMPTS","extra":null}
{"ts":"2026-02-04T13:21:28.344Z","stage":"QID","conaonicalName":"Bensonomys meadensis","qid":null,"message":"NO_QID_FOUND_AFTER_ALL_ATTEMPTS","extra":null}
{"ts":"2026-02-04T13:21:28.348Z","stage":"QID","conaonicalName":"Cricetodon gregarius","qid":null,"message":"NO_QID_FOUND_AFTER_ALL_ATTEMPTS","extra":null}
{"ts":"2026-02-04T13:21:28.348Z","stage":"QID","conaonicalName":"Namatomys lacus","qid":null,"message":"NO_QID_FOUND_AFTER_ALL_ATTEMPTS","extra":null}
{"ts":"2026-02-04T13:21:28.352Z","stage":"QID","conaonicalName":"Reithroparamys pattersoni","qid":null,"message":"NO_QID_FOUND_AFTER_ALL_ATTEMPTS","extra":null}
{"ts":"2026-02-04T13:21:29.572Z","stage":"QID","conaonicalName":"Pappocricetodon siziwangqiensis","qid":null,"message":"NO_QID_FOUND_AFTER_ALL_ATTEMPTS","extra":null}
{"ts":"2026-02-04T13:21:29.573Z","stage":"QID","conaonicalName":"Paraphiomys orangeus","qid":null,"message":"NO_QID_FOUND_AFTER_ALL_ATTEMPTS","extra":null}
{"ts":"2026-02-04T13:21:29.578Z","stage":"QID","conaonicalName":"Banyuesminthus diconjugatus","qid":null,"message":"NO_QID_FOUND_AFTER_ALL_ATTEMPTS","extra":null}
{"ts":"2026-02-04T13:21:30.801Z","stage":"QID","conaonicalName":"Plesiosminthus bavaricus","qid":null,"message":"NO_QID_FOUND_AFTER_ALL_ATTEMPTS","extra":null}
{"ts":"2026-02-04T13:21:30.801Z","stage":"QID","conaonicalName":"Sciuravus inclinatus","qid":null,"message":"NO_QID_FOUND_AFTER_ALL_ATTEMPTS","extra":null}
{"ts":"2026-02-04T13:21:30.801Z","stage":"QID","conaonicalName":"Tataromys bohlini","qid":null,"message":"NO_QID_FOUND_AFTER_ALL_ATTEMPTS","extra":null}
{"ts":"2026-02-04T13:21:30.801Z","stage":"QID","conaonicalName":"Citellus rexroadensis","qid":null,"message":"NO_QID_FOUND_AFTER_ALL_ATTEMPTS","extra":null}
{"ts":"2026-02-04T13:21:30.801Z","stage":"QID","conaonicalName":"Ulkenulastomys abrotos","qid":null,"message":"NO_QID_FOUND_AFTER_ALL_ATTEMPTS","extra":null}
{"ts":"2026-02-04T13:21:30.801Z","stage":"QID","conaonicalName":"Epigaulus minor","qid":null,"message":"NO_QID_FOUND_AFTER_ALL_ATTEMPTS","extra":null}
{"ts":"2026-02-04T13:21:30.801Z","stage":"QID","conaonicalName":"Mogilia lautus","qid":null,"message":"NO_QID_FOUND_AFTER_ALL_ATTEMPTS","extra":null}
{"ts":"2026-02-04T13:21:31.952Z","stage":"QID","conaonicalName":"Marmota mexicana","qid":null,"message":"NO_QID_FOUND_AFTER_ALL_ATTEMPTS","extra":null}
{"ts":"2026-02-04T13:21:31.969Z","stage":"QID","conaonicalName":"Plesiosminthus admyarion","qid":null,"message":"NO_QID_FOUND_AFTER_ALL_ATTEMPTS","extra":null}
{"ts":"2026-02-04T13:21:33.155Z","stage":"QID","conaonicalName":"Blainvillimys blainvillei","qid":null,"message":"NO_QID_FOUND_AFTER_ALL_ATTEMPTS","extra":null}
{"ts":"2026-02-04T13:21:33.155Z","stage":"QID","conaonicalName":"Eucastor burgensis","qid":null,"message":"NO_QID_FOUND_AFTER_ALL_ATTEMPTS","extra":null}
{"ts":"2026-02-04T13:21:33.155Z","stage":"QID","conaonicalName":"Mogilia miloshi","qid":null,"message":"NO_QID_FOUND_AFTER_ALL_ATTEMPTS","extra":null}
{"ts":"2026-02-04T13:21:33.155Z","stage":"QID","conaonicalName":"Cyclomylus intermedius","qid":null,"message":"NO_QID_FOUND_AFTER_ALL_ATTEMPTS","extra":null}
{"ts":"2026-02-04T13:21:33.161Z","stage":"QID","conaonicalName":"Mubhammys atlanticus","qid":null,"message":"NO_QID_FOUND_AFTER_ALL_ATTEMPTS","extra":null}
{"ts":"2026-02-04T13:21:33.256Z","stage":"QID","conaonicalName":"Mylagaulus monodon","qid":null,"message":"NO_QID_FOUND_AFTER_ALL_ATTEMPTS","extra":null}
{"ts":"2026-02-04T13:21:37.776Z","stage":"QID","conaonicalName":"Raricricetodon zhongtiaensis","qid":null,"message":"NO_QID_FOUND_AFTER_ALL_ATTEMPTS","extra":null}
{"ts":"2026-02-04T13:21:38.985Z","stage":"QID","conaonicalName":"Paramys uintensis","qid":null,"message":"NO_QID_FOUND_AFTER_ALL_ATTEMPTS","extra":null}
{"ts":"2026-02-04T13:21:39.203Z","stage":"QID","conaonicalName":"Issiodoromys balmensis","qid":null,"message":"NO_QID_FOUND_AFTER_ALL_ATTEMPTS","extra":null}
{"ts":"2026-02-04T13:21:39.206Z","stage":"QID","conaonicalName":"Pseudoltinomys major","qid":null,"message":"NO_QID_FOUND_AFTER_ALL_ATTEMPTS","extra":null}
{"ts":"2026-02-04T13:21:39.210Z","stage":"QID","conaonicalName":"Entoptychus formosus","qid":null,"message":"NO_QID_FOUND_AFTER_ALL_ATTEMPTS","extra":null}
{"ts":"2026-02-04T13:21:39.217Z","stage":"QID","conaonicalName":"Citellus mcgheei","qid":null,"message":"NO_QID_FOUND_AFTER_ALL_ATTEMPTS","extra":null}
{"ts":"2026-02-04T13:21:39.297Z","stage":"QID","conaonicalName":"Chkhikvadzomys elpisma","qid":null,"message":"NO_QID_FOUND_AFTER_ALL_ATTEMPTS","extra":null}
{"ts":"2026-02-04T13:21:39.301Z","stage":"QID","conaonicalName":"Nonanomalurus parvus","qid":null,"message":"NO_QID_FOUND_AFTER_ALL_ATTEMPTS","extra":null}
{"ts":"2026-02-04T13:21:39.399Z","stage":"QID","conaonicalName":"Citellus gidleyi","qid":null,"message":"NO_QID_FOUND_AFTER_ALL_ATTEMPTS","extra":null}
{"ts":"2026-02-04T13:21:40.153Z","stage":"QID","conaonicalName":"Sparnacomys chandoni","qid":null,"message":"NO_QID_FOUND_AFTER_ALL_ATTEMPTS","extra":null}
{"ts":"2026-02-04T13:21:41.349Z","stage":"QID","conaonicalName":"Tachyoryctoides bayarmae","qid":null,"message":"NO_QID_FOUND_AFTER_ALL_ATTEMPTS","extra":null}
{"ts":"2026-02-04T13:21:41.349Z","stage":"QID","conaonicalName":"Toeniodus hexalophodus","qid":null,"message":"NO_QID_FOUND_AFTER_ALL_ATTEMPTS","extra":null}
{"ts":"2026-02-04T13:21:41.349Z","stage":"QID","conaonicalName":"Eutypomys tilliei","qid":null,"message":"NO_QID_FOUND_AFTER_ALL_ATTEMPTS","extra":null}
{"ts":"2026-02-04T13:21:41.349Z","stage":"QID","conaonicalName":"Pliopotamys meadensis","qid":null,"message":"NO_QID_FOUND_AFTER_ALL_ATTEMPTS","extra":null}
{"ts":"2026-02-04T13:21:41.349Z","stage":"QID","conaonicalName":"Heterosminthus gansus","qid":null,"message":"NO_QID_FOUND_AFTER_ALL_ATTEMPTS","extra":null}
{"ts":"2026-02-04T13:21:41.355Z","stage":"QID","conaonicalName":"Kowalskia polonica","qid":null,"message":"NO_QID_FOUND_AFTER_ALL_ATTEMPTS","extra":null}
{"ts":"2026-02-04T13:21:41.451Z","stage":"QID","conaonicalName":"Peromyscus eliasi","qid":null,"message":"NO_QID_FOUND_AFTER_ALL_ATTEMPTS","extra":null}
{"ts":"2026-02-04T13:21:41.451Z","stage":"QID","conaonicalName":"Eucricetodon moguntiacus","qid":null,"message":"NO_QID_FOUND_AFTER_ALL_ATTEMPTS","extra":null}
{"ts":"2026-02-04T13:21:42.576Z","stage":"QID","conaonicalName":"Zoyphiomys grandis","qid":null,"message":"NO_QID_FOUND_AFTER_ALL_ATTEMPTS","extra":null}
{"ts":"2026-02-04T13:21:43.737Z","stage":"QID","conaonicalName":"Argyromys cicigei","qid":null,"message":"NO_QID_FOUND_AFTER_ALL_ATTEMPTS","extra":null}
{"ts":"2026-02-04T13:21:43.806Z","stage":"QID","conaonicalName":"Mookomys bodei","qid":null,"message":"NO_QID_FOUND_AFTER_ALL_ATTEMPTS","extra":null}
{"ts":"2026-02-04T13:21:43.806Z","stage":"QID","conaonicalName":"Steiromys nectus","qid":null,"message":"NO_QID_FOUND_AFTER_ALL_ATTEMPTS","extra":null}
{"ts":"2026-02-04T13:21:43.806Z","stage":"QID","conaonicalName":"Leptotomus gigans","qid":null,"message":"NO_QID_FOUND_AFTER_ALL_ATTEMPTS","extra":null}
{"ts":"2026-02-04T13:21:43.806Z","stage":"QID","conaonicalName":"Lignimus hibbardi","qid":null,"message":"NO_QID_FOUND_AFTER_ALL_ATTEMPTS","extra":null}
{"ts":"2026-02-04T13:21:43.806Z","stage":"QID","conaonicalName":"Theridomys octogesensis","qid":null,"message":"NO_QID_FOUND_AFTER_ALL_ATTEMPTS","extra":null}
{"ts":"2026-02-04T13:21:43.806Z","stage":"QID","conaonicalName":"Tachyoryctoides tatalgolicus","qid":null,"message":"NO_QID_FOUND_AFTER_ALL_ATTEMPTS","extra":null}
{"ts":"2026-02-04T13:21:43.806Z","stage":"QID","conaonicalName":"Tataromys minor minor","qid":null,"message":"NO_QID_FOUND_AFTER_ALL_ATTEMPTS","extra":null}
{"ts":"2026-02-04T13:21:45.035Z","stage":"QID","conaonicalName":"Perognathoides cuyamensis","qid":null,"message":"NO_QID_FOUND_AFTER_ALL_ATTEMPTS","extra":null}
{"ts":"2026-02-04T13:21:45.035Z","stage":"QID","conaonicalName":"Protosciurus douglassi","qid":null,"message":"NO_QID_FOUND_AFTER_ALL_ATTEMPTS","extra":null}
{"ts":"2026-02-04T13:21:46.158Z","stage":"QID","conaonicalName":"Valerymys turoliensis","qid":null,"message":"NO_QID_FOUND_AFTER_ALL_ATTEMPTS","extra":null}
{"ts":"2026-02-04T13:21:46.160Z","stage":"QID","conaonicalName":"Mimomys monahani","qid":null,"message":"NO_QID_FOUND_AFTER_ALL_ATTEMPTS","extra":null}
{"ts":"2026-02-04T13:21:46.162Z","stage":"QID","conaonicalName":"Treposciurus preecei","qid":null,"message":"NO_QID_FOUND_AFTER_ALL_ATTEMPTS","extra":null}
{"ts":"2026-02-04T13:21:46.171Z","stage":"QID","conaonicalName":"Acarechimys pascuali","qid":null,"message":"NO_QID_FOUND_AFTER_ALL_ATTEMPTS","extra":null}
{"ts":"2026-02-04T13:21:46.172Z","stage":"QID","conaonicalName":"Waslamys attiai","qid":null,"message":"NO_QID_FOUND_AFTER_ALL_ATTEMPTS","extra":null}
{"ts":"2026-02-04T13:21:46.262Z","stage":"QID","conaonicalName":"Ulanomys mirificus","qid":null,"message":"NO_QID_FOUND_AFTER_ALL_ATTEMPTS","extra":null}
{"ts":"2026-02-04T13:21:47.389Z","stage":"QID","conaonicalName":"Cavia impar","qid":null,"message":"NO_QID_FOUND_AFTER_ALL_ATTEMPTS","extra":null}
{"ts":"2026-02-04T13:21:47.389Z","stage":"QID","conaonicalName":"Hitonkala martintau","qid":null,"message":"NO_QID_FOUND_AFTER_ALL_ATTEMPTS","extra":null}
{"ts":"2026-02-04T13:21:47.390Z","stage":"QID","conaonicalName":"Getuloxerus blacki","qid":null,"message":"NO_QID_FOUND_AFTER_ALL_ATTEMPTS","extra":null}
{"ts":"2026-02-04T13:21:48.549Z","stage":"QID","conaonicalName":"Eucricetodon quercyi","qid":null,"message":"NO_QID_FOUND_AFTER_ALL_ATTEMPTS","extra":null}
{"ts":"2026-02-04T13:21:48.619Z","stage":"QID","conaonicalName":"Citellus matachicensis","qid":null,"message":"NO_QID_FOUND_AFTER_ALL_ATTEMPTS","extra":null}
{"ts":"2026-02-04T13:21:48.619Z","stage":"QID","conaonicalName":"Palaeocavia mawka","qid":null,"message":"NO_QID_FOUND_AFTER_ALL_ATTEMPTS","extra":null}
{"ts":"2026-02-04T13:21:48.619Z","stage":"QID","conaonicalName":"Hydentomys crybelophus","qid":null,"message":"NO_QID_FOUND_AFTER_ALL_ATTEMPTS","extra":null}
{"ts":"2026-02-04T13:21:48.619Z","stage":"QID","conaonicalName":"Protadelomys alsaticus","qid":null,"message":"NO_QID_FOUND_AFTER_ALL_ATTEMPTS","extra":null}
{"ts":"2026-02-04T13:21:48.619Z","stage":"QID","conaonicalName":"Tardenomys chartreuvensis","qid":null,"message":"NO_QID_FOUND_AFTER_ALL_ATTEMPTS","extra":null}
{"ts":"2026-02-04T13:21:48.619Z","stage":"QID","conaonicalName":"Alagomys inopinatus","qid":null,"message":"NO_QID_FOUND_AFTER_ALL_ATTEMPTS","extra":null}
{"ts":"2026-02-04T13:21:49.777Z","stage":"QID","conaonicalName":"Cerodon priscus","qid":null,"message":"NO_QID_FOUND_AFTER_ALL_ATTEMPTS","extra":null}
{"ts":"2026-02-04T13:21:49.777Z","stage":"QID","conaonicalName":"Parapodemus similis","qid":null,"message":"NO_QID_FOUND_AFTER_ALL_ATTEMPTS","extra":null}
{"ts":"2026-02-04T13:21:49.846Z","stage":"QID","conaonicalName":"Plesispermophilus atavus","qid":null,"message":"NO_QID_FOUND_AFTER_ALL_ATTEMPTS","extra":null}
{"ts":"2026-02-04T13:21:50.971Z","stage":"QID","conaonicalName":"Citellus pattersoni","qid":null,"message":"NO_QID_FOUND_AFTER_ALL_ATTEMPTS","extra":null}
{"ts":"2026-02-04T13:21:50.971Z","stage":"QID","conaonicalName":"Oxymycterus impexus","qid":null,"message":"NO_QID_FOUND_AFTER_ALL_ATTEMPTS","extra":null}
{"ts":"2026-02-04T13:21:50.971Z","stage":"QID","conaonicalName":"Plesiosminthus barsboldi","qid":null,"message":"NO_QID_FOUND_AFTER_ALL_ATTEMPTS","extra":null}
{"ts":"2026-02-04T13:21:50.971Z","stage":"QID","conaonicalName":"Otospermophilus argonautus","qid":null,"message":"NO_QID_FOUND_AFTER_ALL_ATTEMPTS","extra":null}
{"ts":"2026-02-04T13:21:50.980Z","stage":"QID","conaonicalName":"Eomys antiquus","qid":null,"message":"NO_QID_FOUND_AFTER_ALL_ATTEMPTS","extra":null}
{"ts":"2026-02-04T13:21:50.984Z","stage":"QID","conaonicalName":"Theridomys crusafonti","qid":null,"message":"NO_QID_FOUND_AFTER_ALL_ATTEMPTS","extra":null}
{"ts":"2026-02-04T13:21:50.989Z","stage":"QID","conaonicalName":"Lagostomus cavifrons","qid":null,"message":"NO_QID_FOUND_AFTER_ALL_ATTEMPTS","extra":null}
{"ts":"2026-02-04T13:21:52.200Z","stage":"QID","conaonicalName":"Aplodontia alexandrae","qid":null,"message":"NO_QID_FOUND_AFTER_ALL_ATTEMPTS","extra":null}
{"ts":"2026-02-04T13:21:56.581Z","stage":"QID","conaonicalName":"Paramys huerfanensis","qid":null,"message":"NO_QID_FOUND_AFTER_ALL_ATTEMPTS","extra":null}
{"ts":"2026-02-04T13:21:57.781Z","stage":"QID","conaonicalName":"Prohydrochoerus sirasakae","qid":null,"message":"NO_QID_FOUND_AFTER_ALL_ATTEMPTS","extra":null}
{"ts":"2026-02-04T13:21:58.045Z","stage":"QID","conaonicalName":"Paradelomys ruetimeyeri","qid":null,"message":"NO_QID_FOUND_AFTER_ALL_ATTEMPTS","extra":null}
{"ts":"2026-02-04T13:21:58.046Z","stage":"QID","conaonicalName":"Pseudocricetodon montalbanensis","qid":null,"message":"NO_QID_FOUND_AFTER_ALL_ATTEMPTS","extra":null}
{"ts":"2026-02-04T13:21:58.141Z","stage":"QID","conaonicalName":"Adjidaumo quartzi","qid":null,"message":"NO_QID_FOUND_AFTER_ALL_ATTEMPTS","extra":null}
{"ts":"2026-02-04T13:21:58.142Z","stage":"QID","conaonicalName":"Eumys exiguus","qid":null,"message":"NO_QID_FOUND_AFTER_ALL_ATTEMPTS","extra":null}
{"ts":"2026-02-04T13:21:58.142Z","stage":"QID","conaonicalName":"Diprionomys magnus","qid":null,"message":"NO_QID_FOUND_AFTER_ALL_ATTEMPTS","extra":null}
{"ts":"2026-02-04T13:21:58.142Z","stage":"QID","conaonicalName":"Microparamys wyomingensis","qid":null,"message":"NO_QID_FOUND_AFTER_ALL_ATTEMPTS","extra":null}
{"ts":"2026-02-04T13:21:58.445Z","stage":"QID","conaonicalName":"Paranomalurus riodeoroensis","qid":null,"message":"NO_QID_FOUND_AFTER_ALL_ATTEMPTS","extra":null}
{"ts":"2026-02-04T13:21:59.062Z","stage":"QID","conaonicalName":"Mirabella intermedia","qid":null,"message":"NO_QID_FOUND_AFTER_ALL_ATTEMPTS","extra":null}
{"ts":"2026-02-04T13:22:00.174Z","stage":"QID","conaonicalName":"Briaromys trouessartianus","qid":null,"message":"NO_QID_FOUND_AFTER_ALL_ATTEMPTS","extra":null}
{"ts":"2026-02-04T13:22:00.174Z","stage":"QID","conaonicalName":"Karstocricetus skofleki","qid":null,"message":"NO_QID_FOUND_AFTER_ALL_ATTEMPTS","extra":null}
{"ts":"2026-02-04T13:22:00.191Z","stage":"QID","conaonicalName":"Petrokozlovia notos","qid":null,"message":"NO_QID_FOUND_AFTER_ALL_ATTEMPTS","extra":null}
{"ts":"2026-02-04T13:22:00.203Z","stage":"QID","conaonicalName":"Eumyarion margueritae","qid":null,"message":"NO_QID_FOUND_AFTER_ALL_ATTEMPTS","extra":null}
{"ts":"2026-02-04T13:22:00.289Z","stage":"QID","conaonicalName":"Pantrogna marandati","qid":null,"message":"NO_QID_FOUND_AFTER_ALL_ATTEMPTS","extra":null}
{"ts":"2026-02-04T13:22:01.417Z","stage":"QID","conaonicalName":"Castillomys magnus","qid":null,"message":"NO_QID_FOUND_AFTER_ALL_ATTEMPTS","extra":null}
{"ts":"2026-02-04T13:22:01.417Z","stage":"QID","conaonicalName":"Eumyarion lukasi","qid":null,"message":"NO_QID_FOUND_AFTER_ALL_ATTEMPTS","extra":null}
{"ts":"2026-02-04T13:22:01.418Z","stage":"QID","conaonicalName":"Priusaulax wilsoni","qid":null,"message":"NO_QID_FOUND_AFTER_ALL_ATTEMPTS","extra":null}
{"ts":"2026-02-04T13:22:02.648Z","stage":"QID","conaonicalName":"Saykanomys ijlsti","qid":null,"message":"NO_QID_FOUND_AFTER_ALL_ATTEMPTS","extra":null}
{"ts":"2026-02-04T13:22:02.648Z","stage":"QID","conaonicalName":"Hipudaeus brecciensis","qid":null,"message":"NO_QID_FOUND_AFTER_ALL_ATTEMPTS","extra":null}
{"ts":"2026-02-04T13:22:02.648Z","stage":"QID","conaonicalName":"Mysops kalicola","qid":null,"message":"NO_QID_FOUND_AFTER_ALL_ATTEMPTS","extra":null}
{"ts":"2026-02-04T13:22:02.649Z","stage":"QID","conaonicalName":"Argouburus minutus","qid":null,"message":"NO_QID_FOUND_AFTER_ALL_ATTEMPTS","extra":null}
{"ts":"2026-02-04T13:22:03.776Z","stage":"QID","conaonicalName":"Prosciurus shantungensis","qid":null,"message":"NO_QID_FOUND_AFTER_ALL_ATTEMPTS","extra":null}
{"ts":"2026-02-04T13:22:03.788Z","stage":"QID","conaonicalName":"Paramys francesi","qid":null,"message":"NO_QID_FOUND_AFTER_ALL_ATTEMPTS","extra":null}
{"ts":"2026-02-04T13:22:03.876Z","stage":"QID","conaonicalName":"Protarsomys lavocati","qid":null,"message":"NO_QID_FOUND_AFTER_ALL_ATTEMPTS","extra":null}
{"ts":"2026-02-04T13:22:03.876Z","stage":"QID","conaonicalName":"Microtus diluvianus","qid":null,"message":"NO_QID_FOUND_AFTER_ALL_ATTEMPTS","extra":null}
{"ts":"2026-02-04T13:22:03.876Z","stage":"QID","conaonicalName":"Marmota sawrockensis","qid":null,"message":"NO_QID_FOUND_AFTER_ALL_ATTEMPTS","extra":null}
{"ts":"2026-02-04T13:22:05.000Z","stage":"QID","conaonicalName":"Lagostomus minimus","qid":null,"message":"NO_QID_FOUND_AFTER_ALL_ATTEMPTS","extra":null}
{"ts":"2026-02-04T13:22:05.001Z","stage":"QID","conaonicalName":"Cricetodon atavus","qid":null,"message":"NO_QID_FOUND_AFTER_ALL_ATTEMPTS","extra":null}
{"ts":"2026-02-04T13:22:05.001Z","stage":"QID","conaonicalName":"Citellus tuitus","qid":null,"message":"NO_QID_FOUND_AFTER_ALL_ATTEMPTS","extra":null}
{"ts":"2026-02-04T13:22:05.013Z","stage":"QID","conaonicalName":"Plesiosciurus sinensis","qid":null,"message":"NO_QID_FOUND_AFTER_ALL_ATTEMPTS","extra":null}
{"ts":"2026-02-04T13:22:05.064Z","stage":"QID","conaonicalName":"Plesiarctomys hartenbergeri","qid":null,"message":"NO_QID_FOUND_AFTER_ALL_ATTEMPTS","extra":null}
{"ts":"2026-02-04T13:22:06.231Z","stage":"QID","conaonicalName":"Promylagaulus montanensis","qid":null,"message":"NO_QID_FOUND_AFTER_ALL_ATTEMPTS","extra":null}
{"ts":"2026-02-04T13:22:06.231Z","stage":"QID","conaonicalName":"Namatomys fugitivus","qid":null,"message":"NO_QID_FOUND_AFTER_ALL_ATTEMPTS","extra":null}
{"ts":"2026-02-04T13:22:06.231Z","stage":"QID","conaonicalName":"Lophocricetus abbreviatus","qid":null,"message":"NO_QID_FOUND_AFTER_ALL_ATTEMPTS","extra":null}
{"ts":"2026-02-04T13:22:06.231Z","stage":"QID","conaonicalName":"Sphiggomys zonatus","qid":null,"message":"NO_QID_FOUND_AFTER_ALL_ATTEMPTS","extra":null}
{"ts":"2026-02-04T13:22:06.330Z","stage":"QID","conaonicalName":"Protadelomys nievesae","qid":null,"message":"NO_QID_FOUND_AFTER_ALL_ATTEMPTS","extra":null}
{"ts":"2026-02-04T13:22:07.392Z","stage":"QID","conaonicalName":"Eucricetodon nanoides","qid":null,"message":"NO_QID_FOUND_AFTER_ALL_ATTEMPTS","extra":null}
{"ts":"2026-02-04T13:22:07.461Z","stage":"QID","conaonicalName":"Citellus mckayensis","qid":null,"message":"NO_QID_FOUND_AFTER_ALL_ATTEMPTS","extra":null}
{"ts":"2026-02-04T13:22:07.461Z","stage":"QID","conaonicalName":"Citellus finlayensis","qid":null,"message":"NO_QID_FOUND_AFTER_ALL_ATTEMPTS","extra":null}
{"ts":"2026-02-04T13:22:07.461Z","stage":"QID","conaonicalName":"Capatanka schokensis","qid":null,"message":"NO_QID_FOUND_AFTER_ALL_ATTEMPTS","extra":null}
{"ts":"2026-02-04T13:22:08.598Z","stage":"QID","conaonicalName":"Cricetulus lavocati","qid":null,"message":"NO_QID_FOUND_AFTER_ALL_ATTEMPTS","extra":null}
{"ts":"2026-02-04T13:22:08.689Z","stage":"QID","conaonicalName":"Ischyrotomus eugenei","qid":null,"message":"NO_QID_FOUND_AFTER_ALL_ATTEMPTS","extra":null}
{"ts":"2026-02-04T13:22:08.689Z","stage":"QID","conaonicalName":"Kharomys mirandus","qid":null,"message":"NO_QID_FOUND_AFTER_ALL_ATTEMPTS","extra":null}
{"ts":"2026-02-04T13:22:08.689Z","stage":"QID","conaonicalName":"Parapodemus vireti","qid":null,"message":"NO_QID_FOUND_AFTER_ALL_ATTEMPTS","extra":null}
{"ts":"2026-02-04T13:22:08.689Z","stage":"QID","conaonicalName":"Parageomys tobinensis","qid":null,"message":"NO_QID_FOUND_AFTER_ALL_ATTEMPTS","extra":null}
{"ts":"2026-02-04T13:22:08.942Z","stage":"QID","conaonicalName":"Irtyshogaulus minor","qid":null,"message":"NO_QID_FOUND_AFTER_ALL_ATTEMPTS","extra":null}
{"ts":"2026-02-04T13:22:09.853Z","stage":"QID","conaonicalName":"Pleurolicus leptophrys","qid":null,"message":"NO_QID_FOUND_AFTER_ALL_ATTEMPTS","extra":null}
{"ts":"2026-02-04T13:22:09.853Z","stage":"QID","conaonicalName":"Dipus tridactylus","qid":null,"message":"NO_QID_FOUND_AFTER_ALL_ATTEMPTS","extra":null}
{"ts":"2026-02-04T13:22:09.853Z","stage":"QID","conaonicalName":"Glibia namibiensis","qid":null,"message":"NO_QID_FOUND_AFTER_ALL_ATTEMPTS","extra":null}
{"ts":"2026-02-04T13:22:09.915Z","stage":"QID","conaonicalName":"Perognathoides halli","qid":null,"message":"NO_QID_FOUND_AFTER_ALL_ATTEMPTS","extra":null}
{"ts":"2026-02-04T13:22:14.431Z","stage":"QID","conaonicalName":"Cricetodon montisrotundi","qid":null,"message":"NO_QID_FOUND_AFTER_ALL_ATTEMPTS","extra":null}
{"ts":"2026-02-04T13:22:15.649Z","stage":"QID","conaonicalName":"Plesispermophilus macrodon","qid":null,"message":"NO_QID_FOUND_AFTER_ALL_ATTEMPTS","extra":null}
{"ts":"2026-02-04T13:22:15.752Z","stage":"QID","conaonicalName":"Abrosomys agasma","qid":null,"message":"NO_QID_FOUND_AFTER_ALL_ATTEMPTS","extra":null}
{"ts":"2026-02-04T13:22:15.956Z","stage":"QID","conaonicalName":"Plesispermophilus angustidens","qid":null,"message":"NO_QID_FOUND_AFTER_ALL_ATTEMPTS","extra":null}
{"ts":"2026-02-04T13:22:15.956Z","stage":"QID","conaonicalName":"Eucricetodon meridionalis","qid":null,"message":"NO_QID_FOUND_AFTER_ALL_ATTEMPTS","extra":null}
{"ts":"2026-02-04T13:22:16.059Z","stage":"QID","conaonicalName":"Heosminthus chimidae","qid":null,"message":"NO_QID_FOUND_AFTER_ALL_ATTEMPTS","extra":null}
{"ts":"2026-02-04T13:22:16.163Z","stage":"QID","conaonicalName":"Hydrochoerus pinckneyi","qid":null,"message":"NO_QID_FOUND_AFTER_ALL_ATTEMPTS","extra":null}
{"ts":"2026-02-04T13:22:16.784Z","stage":"QID","conaonicalName":"Mus myospalax","qid":null,"message":"NO_QID_FOUND_AFTER_ALL_ATTEMPTS","extra":null}
{"ts":"2026-02-04T13:22:16.883Z","stage":"QID","conaonicalName":"Paramys obailensis","qid":null,"message":"NO_QID_FOUND_AFTER_ALL_ATTEMPTS","extra":null}
{"ts":"2026-02-04T13:22:17.996Z","stage":"QID","conaonicalName":"Irtyshogaulus major","qid":null,"message":"NO_QID_FOUND_AFTER_ALL_ATTEMPTS","extra":null}
{"ts":"2026-02-04T13:22:17.999Z","stage":"QID","conaonicalName":"Eucricetodon huberi","qid":null,"message":"NO_QID_FOUND_AFTER_ALL_ATTEMPTS","extra":null}
{"ts":"2026-02-04T13:22:18.002Z","stage":"QID","conaonicalName":"Eutamias malloryi","qid":null,"message":"NO_QID_FOUND_AFTER_ALL_ATTEMPTS","extra":null}
{"ts":"2026-02-04T13:22:18.018Z","stage":"QID","conaonicalName":"Palaeocavia minuta","qid":null,"message":"NO_QID_FOUND_AFTER_ALL_ATTEMPTS","extra":null}
{"ts":"2026-02-04T13:22:19.236Z","stage":"QID","conaonicalName":"Castillomys debruijni","qid":null,"message":"NO_QID_FOUND_AFTER_ALL_ATTEMPTS","extra":null}
{"ts":"2026-02-04T13:22:19.236Z","stage":"QID","conaonicalName":"Paramys tricus","qid":null,"message":"NO_QID_FOUND_AFTER_ALL_ATTEMPTS","extra":null}
{"ts":"2026-02-04T13:22:19.236Z","stage":"QID","conaonicalName":"Holochilus multannus","qid":null,"message":"NO_QID_FOUND_AFTER_ALL_ATTEMPTS","extra":null}
{"ts":"2026-02-04T13:22:19.236Z","stage":"QID","conaonicalName":"Remys major","qid":null,"message":"NO_QID_FOUND_AFTER_ALL_ATTEMPTS","extra":null}
{"ts":"2026-02-04T13:22:19.236Z","stage":"QID","conaonicalName":"Ailuravus michauxi","qid":null,"message":"NO_QID_FOUND_AFTER_ALL_ATTEMPTS","extra":null}
{"ts":"2026-02-04T13:22:20.398Z","stage":"QID","conaonicalName":"Ruscinomys thaleri","qid":null,"message":"NO_QID_FOUND_AFTER_ALL_ATTEMPTS","extra":null}
{"ts":"2026-02-04T13:22:20.399Z","stage":"QID","conaonicalName":"Peromyscus valensis","qid":null,"message":"NO_QID_FOUND_AFTER_ALL_ATTEMPTS","extra":null}
{"ts":"2026-02-04T13:22:20.406Z","stage":"QID","conaonicalName":"Deperetomys hagni hungaricus","qid":null,"message":"NO_QID_FOUND_AFTER_ALL_ATTEMPTS","extra":null}
{"ts":"2026-02-04T13:22:20.414Z","stage":"QID","conaonicalName":"Pseudotomus coloradensis","qid":null,"message":"NO_QID_FOUND_AFTER_ALL_ATTEMPTS","extra":null}
{"ts":"2026-02-04T13:22:21.693Z","stage":"QID","conaonicalName":"Paracricetodon stojanovici","qid":null,"message":"NO_QID_FOUND_AFTER_ALL_ATTEMPTS","extra":null}
{"ts":"2026-02-04T13:22:21.693Z","stage":"QID","conaonicalName":"Protechimys lebratierensis","qid":null,"message":"NO_QID_FOUND_AFTER_ALL_ATTEMPTS","extra":null}
{"ts":"2026-02-04T13:22:21.693Z","stage":"QID","conaonicalName":"Trakymys saratji","qid":null,"message":"NO_QID_FOUND_AFTER_ALL_ATTEMPTS","extra":null}
{"ts":"2026-02-04T13:22:21.693Z","stage":"QID","conaonicalName":"Plesiarctomys huerzeleri","qid":null,"message":"NO_QID_FOUND_AFTER_ALL_ATTEMPTS","extra":null}
{"ts":"2026-02-04T13:22:21.693Z","stage":"QID","conaonicalName":"Sigmogomphius lecontei","qid":null,"message":"NO_QID_FOUND_AFTER_ALL_ATTEMPTS","extra":null}
{"ts":"2026-02-04T13:22:22.818Z","stage":"QID","conaonicalName":"Loncheres flavidus","qid":null,"message":"NO_QID_FOUND_AFTER_ALL_ATTEMPTS","extra":null}
{"ts":"2026-02-04T13:22:22.818Z","stage":"QID","conaonicalName":"Extrarius orhuni","qid":null,"message":"NO_QID_FOUND_AFTER_ALL_ATTEMPTS","extra":null}
{"ts":"2026-02-04T13:22:22.818Z","stage":"QID","conaonicalName":"Peromyscus russelli","qid":null,"message":"NO_QID_FOUND_AFTER_ALL_ATTEMPTS","extra":null}
{"ts":"2026-02-04T13:22:22.818Z","stage":"QID","conaonicalName":"Plesiosminthus winistoerferi","qid":null,"message":"NO_QID_FOUND_AFTER_ALL_ATTEMPTS","extra":null}
{"ts":"2026-02-04T13:22:22.820Z","stage":"QID","conaonicalName":"Cotimus alicae","qid":null,"message":"NO_QID_FOUND_AFTER_ALL_ATTEMPTS","extra":null}
{"ts":"2026-02-04T13:22:24.049Z","stage":"QID","conaonicalName":"Geomys persimilis","qid":null,"message":"NO_QID_FOUND_AFTER_ALL_ATTEMPTS","extra":null}
{"ts":"2026-02-04T13:22:24.049Z","stage":"QID","conaonicalName":"Eucricetodon leptaleos","qid":null,"message":"NO_QID_FOUND_AFTER_ALL_ATTEMPTS","extra":null}
{"ts":"2026-02-04T13:22:24.049Z","stage":"QID","conaonicalName":"Geomys propinetis","qid":null,"message":"NO_QID_FOUND_AFTER_ALL_ATTEMPTS","extra":null}
{"ts":"2026-02-04T13:22:24.049Z","stage":"QID","conaonicalName":"Heliscomys schlaikjeri","qid":null,"message":"NO_QID_FOUND_AFTER_ALL_ATTEMPTS","extra":null}
{"ts":"2026-02-04T13:22:25.280Z","stage":"QID","conaonicalName":"Pozomys ucayaliensis","qid":null,"message":"NO_QID_FOUND_AFTER_ALL_ATTEMPTS","extra":null}
{"ts":"2026-02-04T13:22:25.280Z","stage":"QID","conaonicalName":"Citellus cragini","qid":null,"message":"NO_QID_FOUND_AFTER_ALL_ATTEMPTS","extra":null}
{"ts":"2026-02-04T13:22:25.281Z","stage":"QID","conaonicalName":"Eumys asiaticus","qid":null,"message":"NO_QID_FOUND_AFTER_ALL_ATTEMPTS","extra":null}
{"ts":"2026-02-04T13:22:25.281Z","stage":"QID","conaonicalName":"Orcemys giberti","qid":null,"message":"NO_QID_FOUND_AFTER_ALL_ATTEMPTS","extra":null}
{"ts":"2026-02-04T13:22:26.414Z","stage":"QID","conaonicalName":"Alactaga wimani","qid":null,"message":"NO_QID_FOUND_AFTER_ALL_ATTEMPTS","extra":null}
{"ts":"2026-02-04T13:22:26.416Z","stage":"QID","conaonicalName":"Proheteromys magnus","qid":null,"message":"NO_QID_FOUND_AFTER_ALL_ATTEMPTS","extra":null}
{"ts":"2026-02-04T13:22:26.503Z","stage":"QID","conaonicalName":"Karnimata inflata","qid":null,"message":"NO_QID_FOUND_AFTER_ALL_ATTEMPTS","extra":null}
{"ts":"2026-02-04T13:22:27.635Z","stage":"QID","conaonicalName":"Perognathus magnus","qid":null,"message":"NO_QID_FOUND_AFTER_ALL_ATTEMPTS","extra":null}
{"ts":"2026-02-04T13:22:27.635Z","stage":"QID","conaonicalName":"Hispanomys romeroi","qid":null,"message":"NO_QID_FOUND_AFTER_ALL_ATTEMPTS","extra":null}
{"ts":"2026-02-04T13:22:27.635Z","stage":"QID","conaonicalName":"Cricetodon dubius","qid":null,"message":"NO_QID_FOUND_AFTER_ALL_ATTEMPTS","extra":null}
{"ts":"2026-02-04T13:22:27.637Z","stage":"QID","conaonicalName":"Dolomys minor","qid":null,"message":"NO_QID_FOUND_AFTER_ALL_ATTEMPTS","extra":null}
{"ts":"2026-02-04T13:22:27.834Z","stage":"QID","conaonicalName":"Hulgana eoertinia","qid":null,"message":"NO_QID_FOUND_AFTER_ALL_ATTEMPTS","extra":null}
{"ts":"2026-02-04T13:22:32.750Z","stage":"QID","conaonicalName":"Anonymus baroni","qid":null,"message":"NO_QID_FOUND_AFTER_ALL_ATTEMPTS","extra":null}
{"ts":"2026-02-04T13:22:33.877Z","stage":"QID","conaonicalName":"Paradelomys crusafonti","qid":null,"message":"NO_QID_FOUND_AFTER_ALL_ATTEMPTS","extra":null}
{"ts":"2026-02-04T13:22:34.073Z","stage":"QID","conaonicalName":"Neoepiblema contorta","qid":null,"message":"NO_QID_FOUND_AFTER_ALL_ATTEMPTS","extra":null}
{"ts":"2026-02-04T13:22:34.074Z","stage":"QID","conaonicalName":"Steneofiber peninsulatus","qid":null,"message":"NO_QID_FOUND_AFTER_ALL_ATTEMPTS","extra":null}
{"ts":"2026-02-04T13:22:34.219Z","stage":"QID","conaonicalName":"Raricricetodon minor","qid":null,"message":"NO_QID_FOUND_AFTER_ALL_ATTEMPTS","extra":null}
{"ts":"2026-02-04T13:22:34.219Z","stage":"QID","conaonicalName":"Paradoxomys patagonicus","qid":null,"message":"NO_QID_FOUND_AFTER_ALL_ATTEMPTS","extra":null}
{"ts":"2026-02-04T13:22:34.285Z","stage":"QID","conaonicalName":"Cupressimus storeri","qid":null,"message":"NO_QID_FOUND_AFTER_ALL_ATTEMPTS","extra":null}
{"ts":"2026-02-04T13:22:34.605Z","stage":"QID","conaonicalName":"Geomys smithi","qid":null,"message":"NO_QID_FOUND_AFTER_ALL_ATTEMPTS","extra":null}
{"ts":"2026-02-04T13:22:35.075Z","stage":"QID","conaonicalName":"Steiromys axiculus","qid":null,"message":"NO_QID_FOUND_AFTER_ALL_ATTEMPTS","extra":null}
{"ts":"2026-02-04T13:22:35.075Z","stage":"QID","conaonicalName":"Theridomys brachydens","qid":null,"message":"NO_QID_FOUND_AFTER_ALL_ATTEMPTS","extra":null}
{"ts":"2026-02-04T13:22:35.105Z","stage":"QID","conaonicalName":"Eomys fahlbuschi","qid":null,"message":"NO_QID_FOUND_AFTER_ALL_ATTEMPTS","extra":null}
{"ts":"2026-02-04T13:22:36.242Z","stage":"QID","conaonicalName":"Asianeomys fahlbuschi","qid":null,"message":"NO_QID_FOUND_AFTER_ALL_ATTEMPTS","extra":null}
{"ts":"2026-02-04T13:22:36.243Z","stage":"QID","conaonicalName":"Sciuroides russelli","qid":null,"message":"NO_QID_FOUND_AFTER_ALL_ATTEMPTS","extra":null}
{"ts":"2026-02-04T13:22:36.245Z","stage":"QID","conaonicalName":"Sphiggomys puellus","qid":null,"message":"NO_QID_FOUND_AFTER_ALL_ATTEMPTS","extra":null}
{"ts":"2026-02-04T13:22:36.336Z","stage":"QID","conaonicalName":"Boromys grandis","qid":null,"message":"NO_QID_FOUND_AFTER_ALL_ATTEMPTS","extra":null}
{"ts":"2026-02-04T13:22:36.336Z","stage":"QID","conaonicalName":"Manitsha johanniculi","qid":null,"message":"NO_QID_FOUND_AFTER_ALL_ATTEMPTS","extra":null}
{"ts":"2026-02-04T13:22:36.337Z","stage":"QID","conaonicalName":"Plesiosminthus olzi","qid":null,"message":"NO_QID_FOUND_AFTER_ALL_ATTEMPTS","extra":null}
{"ts":"2026-02-04T13:22:37.468Z","stage":"QID","conaonicalName":"Cavia rigens","qid":null,"message":"NO_QID_FOUND_AFTER_ALL_ATTEMPTS","extra":null}
{"ts":"2026-02-04T13:22:37.468Z","stage":"QID","conaonicalName":"Grangerimus harkseni","qid":null,"message":"NO_QID_FOUND_AFTER_ALL_ATTEMPTS","extra":null}
{"ts":"2026-02-04T13:22:37.564Z","stage":"QID","conaonicalName":"Vetusspalax progressus","qid":null,"message":"NO_QID_FOUND_AFTER_ALL_ATTEMPTS","extra":null}
{"ts":"2026-02-04T13:22:37.967Z","stage":"QID","conaonicalName":"Cerodon turgeo","qid":null,"message":"NO_QID_FOUND_AFTER_ALL_ATTEMPTS","extra":null}
{"ts":"2026-02-04T13:22:38.689Z","stage":"QID","conaonicalName":"Discolomys cuneus","qid":null,"message":"NO_QID_FOUND_AFTER_ALL_ATTEMPTS","extra":null}
{"ts":"2026-02-04T13:22:38.690Z","stage":"QID","conaonicalName":"Ullumys intermedius","qid":null,"message":"NO_QID_FOUND_AFTER_ALL_ATTEMPTS","extra":null}
{"ts":"2026-02-04T13:22:38.690Z","stage":"QID","conaonicalName":"Estellomys cansouni","qid":null,"message":"NO_QID_FOUND_AFTER_ALL_ATTEMPTS","extra":null}
{"ts":"2026-02-04T13:22:38.690Z","stage":"QID","conaonicalName":"Citellus matthewi","qid":null,"message":"NO_QID_FOUND_AFTER_ALL_ATTEMPTS","extra":null}
{"ts":"2026-02-04T13:22:38.791Z","stage":"QID","conaonicalName":"Sciurus bredai","qid":null,"message":"NO_QID_FOUND_AFTER_ALL_ATTEMPTS","extra":null}
{"ts":"2026-02-04T13:22:39.098Z","stage":"QID","conaonicalName":"Prosciurus robustus","qid":null,"message":"NO_QID_FOUND_AFTER_ALL_ATTEMPTS","extra":null}
{"ts":"2026-02-04T13:22:39.923Z","stage":"QID","conaonicalName":"Pithanotomys cordubensis","qid":null,"message":"NO_QID_FOUND_AFTER_ALL_ATTEMPTS","extra":null}
{"ts":"2026-02-04T13:22:39.923Z","stage":"QID","conaonicalName":"Dolichotis lacunosa","qid":null,"message":"NO_QID_FOUND_AFTER_ALL_ATTEMPTS","extra":null}
{"ts":"2026-02-04T13:22:39.923Z","stage":"QID","conaonicalName":"Peromyscus martinii","qid":null,"message":"NO_QID_FOUND_AFTER_ALL_ATTEMPTS","extra":null}
{"ts":"2026-02-04T13:22:39.923Z","stage":"QID","conaonicalName":"Prospalax macoveii","qid":null,"message":"NO_QID_FOUND_AFTER_ALL_ATTEMPTS","extra":null}
{"ts":"2026-02-04T13:22:41.053Z","stage":"QID","conaonicalName":"Ninamys kazimierzi","qid":null,"message":"NO_QID_FOUND_AFTER_ALL_ATTEMPTS","extra":null}
{"ts":"2026-02-04T13:22:41.067Z","stage":"QID","conaonicalName":"Viriosomys jingweni","qid":null,"message":"NO_QID_FOUND_AFTER_ALL_ATTEMPTS","extra":null}
{"ts":"2026-02-04T13:22:41.147Z","stage":"QID","conaonicalName":"Mus sungorus","qid":null,"message":"NO_QID_FOUND_AFTER_ALL_ATTEMPTS","extra":null}
{"ts":"2026-02-04T13:22:41.149Z","stage":"QID","conaonicalName":"Sphiggomys pueraster","qid":null,"message":"NO_QID_FOUND_AFTER_ALL_ATTEMPTS","extra":null}
{"ts":"2026-02-04T13:22:42.273Z","stage":"QID","conaonicalName":"Peromyscus longidens","qid":null,"message":"NO_QID_FOUND_AFTER_ALL_ATTEMPTS","extra":null}
{"ts":"2026-02-04T13:22:42.273Z","stage":"QID","conaonicalName":"Parahodomys quadriplicatus","qid":null,"message":"NO_QID_FOUND_AFTER_ALL_ATTEMPTS","extra":null}
{"ts":"2026-02-04T13:22:42.274Z","stage":"QID","conaonicalName":"Cricetodon huberi","qid":null,"message":"NO_QID_FOUND_AFTER_ALL_ATTEMPTS","extra":null}
{"ts":"2026-02-04T13:22:42.284Z","stage":"QID","conaonicalName":"Mimomys mcknighti","qid":null,"message":"NO_QID_FOUND_AFTER_ALL_ATTEMPTS","extra":null}
{"ts":"2026-02-04T13:22:42.376Z","stage":"QID","conaonicalName":"Theridomys bumbachensis","qid":null,"message":"NO_QID_FOUND_AFTER_ALL_ATTEMPTS","extra":null}
{"ts":"2026-02-04T13:22:43.504Z","stage":"QID","conaonicalName":"Tachyoryctoides radnai","qid":null,"message":"NO_QID_FOUND_AFTER_ALL_ATTEMPTS","extra":null}
{"ts":"2026-02-04T13:22:43.504Z","stage":"QID","conaonicalName":"Raricricetodon trapezius","qid":null,"message":"NO_QID_FOUND_AFTER_ALL_ATTEMPTS","extra":null}
{"ts":"2026-02-04T13:22:43.504Z","stage":"QID","conaonicalName":"Meniscomys yeariani","qid":null,"message":"NO_QID_FOUND_AFTER_ALL_ATTEMPTS","extra":null}
{"ts":"2026-02-04T13:22:43.504Z","stage":"QID","conaonicalName":"Eumys gloveri","qid":null,"message":"NO_QID_FOUND_AFTER_ALL_ATTEMPTS","extra":null}
{"ts":"2026-02-04T13:22:43.603Z","stage":"QID","conaonicalName":"Toeniodus ernii","qid":null,"message":"NO_QID_FOUND_AFTER_ALL_ATTEMPTS","extra":null}
{"ts":"2026-02-04T13:22:44.735Z","stage":"QID","conaonicalName":"Reithroparamys ctenodactylops","qid":null,"message":"NO_QID_FOUND_AFTER_ALL_ATTEMPTS","extra":null}
{"ts":"2026-02-04T13:22:44.735Z","stage":"QID","conaonicalName":"Diprionomys quartus","qid":null,"message":"NO_QID_FOUND_AFTER_ALL_ATTEMPTS","extra":null}
{"ts":"2026-02-04T13:22:44.735Z","stage":"QID","conaonicalName":"Loncheres paleacea","qid":null,"message":"NO_QID_FOUND_AFTER_ALL_ATTEMPTS","extra":null}
{"ts":"2026-02-04T13:22:44.736Z","stage":"QID","conaonicalName":"Nannasfiber osmagnus","qid":null,"message":"NO_QID_FOUND_AFTER_ALL_ATTEMPTS","extra":null}
{"ts":"2026-02-04T13:22:44.736Z","stage":"QID","conaonicalName":"Plesiosminthus margaritae","qid":null,"message":"NO_QID_FOUND_AFTER_ALL_ATTEMPTS","extra":null}
{"ts":"2026-02-04T13:22:45.871Z","stage":"QID","conaonicalName":"Plesiarctomys buccatus","qid":null,"message":"NO_QID_FOUND_AFTER_ALL_ATTEMPTS","extra":null}
{"ts":"2026-02-04T13:22:45.961Z","stage":"QID","conaonicalName":"Advenimus bohlini","qid":null,"message":"NO_QID_FOUND_AFTER_ALL_ATTEMPTS","extra":null}
{"ts":"2026-02-04T13:22:45.961Z","stage":"QID","conaonicalName":"Eumysops simplex","qid":null,"message":"NO_QID_FOUND_AFTER_ALL_ATTEMPTS","extra":null}
{"ts":"2026-02-04T13:22:45.961Z","stage":"QID","conaonicalName":"Valerymys juniensis","qid":null,"message":"NO_QID_FOUND_AFTER_ALL_ATTEMPTS","extra":null}
{"ts":"2026-02-04T13:22:45.961Z","stage":"QID","conaonicalName":"Perognathus sargenti","qid":null,"message":"NO_QID_FOUND_AFTER_ALL_ATTEMPTS","extra":null}
{"ts":"2026-02-04T13:22:54.668Z","stage":"QID","conaonicalName":"Heterosminthus mongoliensis","qid":null,"message":"NO_QID_FOUND_AFTER_ALL_ATTEMPTS","extra":null}
{"ts":"2026-02-04T13:22:55.585Z","stage":"QID","conaonicalName":"Meniscomys liolophus","qid":null,"message":"NO_QID_FOUND_AFTER_ALL_ATTEMPTS","extra":null}
{"ts":"2026-02-04T13:22:55.792Z","stage":"QID","conaonicalName":"Bolosomys brachybamon","qid":null,"message":"NO_QID_FOUND_AFTER_ALL_ATTEMPTS","extra":null}
{"ts":"2026-02-04T13:22:55.893Z","stage":"QID","conaonicalName":"Dakotamys lillegraveni","qid":null,"message":"NO_QID_FOUND_AFTER_ALL_ATTEMPTS","extra":null}
{"ts":"2026-02-04T13:22:55.893Z","stage":"QID","conaonicalName":"Acritoparamys naomugengensis","qid":null,"message":"NO_QID_FOUND_AFTER_ALL_ATTEMPTS","extra":null}
{"ts":"2026-02-04T13:22:55.893Z","stage":"QID","conaonicalName":"Sparnacomys georgei","qid":null,"message":"NO_QID_FOUND_AFTER_ALL_ATTEMPTS","extra":null}
{"ts":"2026-02-04T13:22:55.893Z","stage":"QID","conaonicalName":"Pseudoltinomys crebrum","qid":null,"message":"NO_QID_FOUND_AFTER_ALL_ATTEMPTS","extra":null}
{"ts":"2026-02-04T13:22:55.994Z","stage":"QID","conaonicalName":"Phiomys paraphiomyoides","qid":null,"message":"NO_QID_FOUND_AFTER_ALL_ATTEMPTS","extra":null}
{"ts":"2026-02-04T13:22:55.995Z","stage":"QID","conaonicalName":"Banyuesminthus uniconjugatus","qid":null,"message":"NO_QID_FOUND_AFTER_ALL_ATTEMPTS","extra":null}
{"ts":"2026-02-04T13:23:03.982Z","stage":"QID","conaonicalName":"Proischyromys perditus","qid":null,"message":"NO_QID_FOUND_AFTER_ALL_ATTEMPTS","extra":null}
{"ts":"2026-02-04T13:23:04.793Z","stage":"QID","conaonicalName":"Etadonomys tiheni","qid":null,"message":"NO_QID_FOUND_AFTER_ALL_ATTEMPTS","extra":null}
{"ts":"2026-02-04T13:23:05.017Z","stage":"QID","conaonicalName":"Peromyscus oklahomensis","qid":null,"message":"NO_QID_FOUND_AFTER_ALL_ATTEMPTS","extra":null}
{"ts":"2026-02-04T13:23:05.086Z","stage":"QID","conaonicalName":"Pseudallomys nexodens","qid":null,"message":"NO_QID_FOUND_AFTER_ALL_ATTEMPTS","extra":null}
{"ts":"2026-02-04T13:23:05.102Z","stage":"QID","conaonicalName":"Heterogeomys onerosus","qid":null,"message":"NO_QID_FOUND_AFTER_ALL_ATTEMPTS","extra":null}
{"ts":"2026-02-04T13:23:05.108Z","stage":"QID","conaonicalName":"Geomys anzensis","qid":null,"message":"NO_QID_FOUND_AFTER_ALL_ATTEMPTS","extra":null}
{"ts":"2026-02-04T13:23:05.108Z","stage":"QID","conaonicalName":"Eucricetodon nanus","qid":null,"message":"NO_QID_FOUND_AFTER_ALL_ATTEMPTS","extra":null}
{"ts":"2026-02-04T13:23:05.111Z","stage":"QID","conaonicalName":"Plesiosminthus meridionalis","qid":null,"message":"NO_QID_FOUND_AFTER_ALL_ATTEMPTS","extra":null}
{"ts":"2026-02-04T13:23:05.114Z","stage":"QID","conaonicalName":"Blainvillimys gemellus","qid":null,"message":"NO_QID_FOUND_AFTER_ALL_ATTEMPTS","extra":null}
{"ts":"2026-02-04T13:23:05.122Z","stage":"QID","conaonicalName":"Mus gaudryi","qid":null,"message":"NO_QID_FOUND_AFTER_ALL_ATTEMPTS","extra":null}
{"ts":"2026-02-04T13:23:12.430Z","stage":"QID","conaonicalName":"Ardynomys glambus","qid":null,"message":"NO_QID_FOUND_AFTER_ALL_ATTEMPTS","extra":null}
{"ts":"2026-02-04T13:23:13.095Z","stage":"QID","conaonicalName":"Pararchaeomys avus","qid":null,"message":"NO_QID_FOUND_AFTER_ALL_ATTEMPTS","extra":null}
{"ts":"2026-02-04T13:23:13.365Z","stage":"QID","conaonicalName":"Liomys centralis","qid":null,"message":"NO_QID_FOUND_AFTER_ALL_ATTEMPTS","extra":null}
{"ts":"2026-02-04T13:23:13.368Z","stage":"QID","conaonicalName":"Cyclomylus biforatus","qid":null,"message":"NO_QID_FOUND_AFTER_ALL_ATTEMPTS","extra":null}
{"ts":"2026-02-04T13:23:13.432Z","stage":"QID","conaonicalName":"Frontanyamys russelli","qid":null,"message":"NO_QID_FOUND_AFTER_ALL_ATTEMPTS","extra":null}
{"ts":"2026-02-04T13:23:13.520Z","stage":"QID","conaonicalName":"Pliosaccomys wilsoni","qid":null,"message":"NO_QID_FOUND_AFTER_ALL_ATTEMPTS","extra":null}
{"ts":"2026-02-04T13:23:13.710Z","stage":"QID","conaonicalName":"Eumys planidens","qid":null,"message":"NO_QID_FOUND_AFTER_ALL_ATTEMPTS","extra":null}
{"ts":"2026-02-04T13:23:13.710Z","stage":"QID","conaonicalName":"Corbarimys hottingeri","qid":null,"message":"NO_QID_FOUND_AFTER_ALL_ATTEMPTS","extra":null}
{"ts":"2026-02-04T13:23:14.327Z","stage":"QID","conaonicalName":"Xenohydrochoerus ballesterensis","qid":null,"message":"NO_QID_FOUND_AFTER_ALL_ATTEMPTS","extra":null}
{"ts":"2026-02-04T13:23:14.712Z","stage":"QID","conaonicalName":"Sciuravus metalinguas","qid":null,"message":"NO_QID_FOUND_AFTER_ALL_ATTEMPTS","extra":null}
{"ts":"2026-02-04T13:23:21.902Z","stage":"QID","conaonicalName":"Paraphiomys pigotti","qid":null,"message":"NO_QID_FOUND_AFTER_ALL_ATTEMPTS","extra":null}
{"ts":"2026-02-04T13:23:22.721Z","stage":"QID","conaonicalName":"Ephemeromys hospes","qid":null,"message":"NO_QID_FOUND_AFTER_ALL_ATTEMPTS","extra":null}
{"ts":"2026-02-04T13:23:22.940Z","stage":"QID","conaonicalName":"Pseudoltinomys mamertensis","qid":null,"message":"NO_QID_FOUND_AFTER_ALL_ATTEMPTS","extra":null}
{"ts":"2026-02-04T13:23:22.959Z","stage":"QID","conaonicalName":"Citellus primitivus","qid":null,"message":"NO_QID_FOUND_AFTER_ALL_ATTEMPTS","extra":null}
{"ts":"2026-02-04T13:23:22.960Z","stage":"QID","conaonicalName":"Issiodoromys minor","qid":null,"message":"NO_QID_FOUND_AFTER_ALL_ATTEMPTS","extra":null}
{"ts":"2026-02-04T13:23:23.031Z","stage":"QID","conaonicalName":"Pitymys meadensis","qid":null,"message":"NO_QID_FOUND_AFTER_ALL_ATTEMPTS","extra":null}
{"ts":"2026-02-04T13:23:23.116Z","stage":"QID","conaonicalName":"Entoptychus curtus","qid":null,"message":"NO_QID_FOUND_AFTER_ALL_ATTEMPTS","extra":null}
{"ts":"2026-02-04T13:23:23.116Z","stage":"QID","conaonicalName":"Democricetodon khani","qid":null,"message":"NO_QID_FOUND_AFTER_ALL_ATTEMPTS","extra":null}
{"ts":"2026-02-04T13:23:23.219Z","stage":"QID","conaonicalName":"Dolichotis platycephala","qid":null,"message":"NO_QID_FOUND_AFTER_ALL_ATTEMPTS","extra":null}
{"ts":"2026-02-04T13:23:23.219Z","stage":"QID","conaonicalName":"Eobranisamys javierpradoi","qid":null,"message":"NO_QID_FOUND_AFTER_ALL_ATTEMPTS","extra":null}
{"ts":"2026-02-04T13:23:30.209Z","stage":"QID","conaonicalName":"Ailuravus subita","qid":null,"message":"NO_QID_FOUND_AFTER_ALL_ATTEMPTS","extra":null}
{"ts":"2026-02-04T13:23:31.220Z","stage":"QID","conaonicalName":"Sciuravus dubius","qid":null,"message":"NO_QID_FOUND_AFTER_ALL_ATTEMPTS","extra":null}
{"ts":"2026-02-04T13:23:31.321Z","stage":"QID","conaonicalName":"Eucricetodon atavoides","qid":null,"message":"NO_QID_FOUND_AFTER_ALL_ATTEMPTS","extra":null}
{"ts":"2026-02-04T13:23:31.528Z","stage":"QID","conaonicalName":"Diprionomys oregonensis","qid":null,"message":"NO_QID_FOUND_AFTER_ALL_ATTEMPTS","extra":null}
{"ts":"2026-02-04T13:23:31.528Z","stage":"QID","conaonicalName":"Prosciurus arboraptus","qid":null,"message":"NO_QID_FOUND_AFTER_ALL_ATTEMPTS","extra":null}
{"ts":"2026-02-04T13:23:31.528Z","stage":"QID","conaonicalName":"Kowalskia fahlbuschi","qid":null,"message":"NO_QID_FOUND_AFTER_ALL_ATTEMPTS","extra":null}
{"ts":"2026-02-04T13:23:31.528Z","stage":"QID","conaonicalName":"Sharomys parvus","qid":null,"message":"NO_QID_FOUND_AFTER_ALL_ATTEMPTS","extra":null}
{"ts":"2026-02-04T13:23:31.559Z","stage":"QID","conaonicalName":"Potwarmus mahmoodi","qid":null,"message":"NO_QID_FOUND_AFTER_ALL_ATTEMPTS","extra":null}
{"ts":"2026-02-04T13:23:39.720Z","stage":"QID","conaonicalName":"Nelomys armatus","qid":null,"message":"NO_QID_FOUND_AFTER_ALL_ATTEMPTS","extra":null}
{"ts":"2026-02-04T13:23:40.538Z","stage":"QID","conaonicalName":"Gregorymys montanensis","qid":null,"message":"NO_QID_FOUND_AFTER_ALL_ATTEMPTS","extra":null}
{"ts":"2026-02-04T13:23:40.739Z","stage":"QID","conaonicalName":"Pseudotomus sundelli","qid":null,"message":"NO_QID_FOUND_AFTER_ALL_ATTEMPTS","extra":null}
{"ts":"2026-02-04T13:23:40.747Z","stage":"QID","conaonicalName":"Leptotomus costilloi","qid":null,"message":"NO_QID_FOUND_AFTER_ALL_ATTEMPTS","extra":null}
{"ts":"2026-02-04T13:23:40.757Z","stage":"QID","conaonicalName":"Heosminthus borrae","qid":null,"message":"NO_QID_FOUND_AFTER_ALL_ATTEMPTS","extra":null}
{"ts":"2026-02-04T13:23:40.757Z","stage":"QID","conaonicalName":"Heosminthus minutus","qid":null,"message":"NO_QID_FOUND_AFTER_ALL_ATTEMPTS","extra":null}
{"ts":"2026-02-04T13:23:40.759Z","stage":"QID","conaonicalName":"Primus microps","qid":null,"message":"NO_QID_FOUND_AFTER_ALL_ATTEMPTS","extra":null}
{"ts":"2026-02-04T13:23:40.767Z","stage":"QID","conaonicalName":"Zodiomys longmenensis","qid":null,"message":"NO_QID_FOUND_AFTER_ALL_ATTEMPTS","extra":null}
{"ts":"2026-02-04T13:23:40.771Z","stage":"QID","conaonicalName":"Plesispermophilus argoviensis","qid":null,"message":"NO_QID_FOUND_AFTER_ALL_ATTEMPTS","extra":null}
{"ts":"2026-02-04T13:23:40.845Z","stage":"QID","conaonicalName":"Mylagaulus novellus","qid":null,"message":"NO_QID_FOUND_AFTER_ALL_ATTEMPTS","extra":null}
{"ts":"2026-02-04T13:23:47.914Z","stage":"QID","conaonicalName":"Oromys aesopi","qid":null,"message":"NO_QID_FOUND_AFTER_ALL_ATTEMPTS","extra":null}
{"ts":"2026-02-04T13:23:48.832Z","stage":"QID","conaonicalName":"Synaptomys rinkeri","qid":null,"message":"NO_QID_FOUND_AFTER_ALL_ATTEMPTS","extra":null}
{"ts":"2026-02-04T13:23:48.941Z","stage":"QID","conaonicalName":"Theridomys helmeri","qid":null,"message":"NO_QID_FOUND_AFTER_ALL_ATTEMPTS","extra":null}
{"ts":"2026-02-04T13:23:49.045Z","stage":"QID","conaonicalName":"Orientocylindrodon liguanqiaoensis","qid":null,"message":"NO_QID_FOUND_AFTER_ALL_ATTEMPTS","extra":null}
{"ts":"2026-02-04T13:23:49.140Z","stage":"QID","conaonicalName":"Loncheres castaneus","qid":null,"message":"NO_QID_FOUND_AFTER_ALL_ATTEMPTS","extra":null}
{"ts":"2026-02-04T13:23:49.141Z","stage":"QID","conaonicalName":"Primisminthus shanghenus","qid":null,"message":"NO_QID_FOUND_AFTER_ALL_ATTEMPTS","extra":null}
{"ts":"2026-02-04T13:23:49.141Z","stage":"QID","conaonicalName":"Necromys conifer","qid":null,"message":"NO_QID_FOUND_AFTER_ALL_ATTEMPTS","extra":null}
{"ts":"2026-02-04T13:23:49.141Z","stage":"QID","conaonicalName":"Tachyoryctoides obrutschewi","qid":null,"message":"NO_QID_FOUND_AFTER_ALL_ATTEMPTS","extra":null}
{"ts":"2026-02-04T13:23:49.244Z","stage":"QID","conaonicalName":"Pappogeomys sansimonensis","qid":null,"message":"NO_QID_FOUND_AFTER_ALL_ATTEMPTS","extra":null}
{"ts":"2026-02-04T13:23:57.034Z","stage":"QID","conaonicalName":"Valerymys oreopitheci","qid":null,"message":"NO_QID_FOUND_AFTER_ALL_ATTEMPTS","extra":null}
{"ts":"2026-02-04T13:23:57.956Z","stage":"QID","conaonicalName":"Neocricetodon plinii","qid":null,"message":"NO_QID_FOUND_AFTER_ALL_ATTEMPTS","extra":null}
{"ts":"2026-02-04T13:23:58.261Z","stage":"QID","conaonicalName":"Citellus howelli","qid":null,"message":"NO_QID_FOUND_AFTER_ALL_ATTEMPTS","extra":null}
{"ts":"2026-02-04T13:23:58.266Z","stage":"QID","conaonicalName":"Tsagamys subitus","qid":null,"message":"NO_QID_FOUND_AFTER_ALL_ATTEMPTS","extra":null}
{"ts":"2026-02-04T13:23:58.266Z","stage":"QID","conaonicalName":"Citellus dotti","qid":null,"message":"NO_QID_FOUND_AFTER_ALL_ATTEMPTS","extra":null}
{"ts":"2026-02-04T13:23:58.267Z","stage":"QID","conaonicalName":"Palaeocavia pampaea","qid":null,"message":"NO_QID_FOUND_AFTER_ALL_ATTEMPTS","extra":null}
{"ts":"2026-02-04T13:23:58.365Z","stage":"QID","conaonicalName":"Parapodemus adroveri","qid":null,"message":"NO_QID_FOUND_AFTER_ALL_ATTEMPTS","extra":null}
{"ts":"2026-02-04T13:23:58.365Z","stage":"QID","conaonicalName":"Prosayimys flynni","qid":null,"message":"NO_QID_FOUND_AFTER_ALL_ATTEMPTS","extra":null}
{"ts":"2026-02-04T13:23:58.368Z","stage":"QID","conaonicalName":"Paulacoutomys paulista","qid":null,"message":"NO_QID_FOUND_AFTER_ALL_ATTEMPTS","extra":null}
{"ts":"2026-02-04T13:23:58.446Z","stage":"QID","conaonicalName":"Elfomys tobieni","qid":null,"message":"NO_QID_FOUND_AFTER_ALL_ATTEMPTS","extra":null}
{"ts":"2026-02-04T13:24:05.628Z","stage":"QID","conaonicalName":"Protadelomys lugdunensis","qid":null,"message":"NO_QID_FOUND_AFTER_ALL_ATTEMPTS","extra":null}
{"ts":"2026-02-04T13:24:06.445Z","stage":"QID","conaonicalName":"Cricetodon collatum","qid":null,"message":"NO_QID_FOUND_AFTER_ALL_ATTEMPTS","extra":null}
{"ts":"2026-02-04T13:24:06.666Z","stage":"QID","conaonicalName":"Promylagaulus ovatus","qid":null,"message":"NO_QID_FOUND_AFTER_ALL_ATTEMPTS","extra":null}
{"ts":"2026-02-04T13:24:06.753Z","stage":"QID","conaonicalName":"Meniscomys milleri","qid":null,"message":"NO_QID_FOUND_AFTER_ALL_ATTEMPTS","extra":null}
{"ts":"2026-02-04T13:24:06.753Z","stage":"QID","conaonicalName":"Sciuroides romani","qid":null,"message":"NO_QID_FOUND_AFTER_ALL_ATTEMPTS","extra":null}
{"ts":"2026-02-04T13:24:06.753Z","stage":"QID","conaonicalName":"Orthomyctera vaga","qid":null,"message":"NO_QID_FOUND_AFTER_ALL_ATTEMPTS","extra":null}
{"ts":"2026-02-04T13:24:14.946Z","stage":"QID","conaonicalName":"Paramys petersoni","qid":null,"message":"NO_QID_FOUND_AFTER_ALL_ATTEMPTS","extra":null}
{"ts":"2026-02-04T13:55:18.284Z","stage":"QID","conaonicalName":"TEST_MAMMAL","qid":null,"message":"Testing if logger works","extra":null}
{"ts":"2026-02-04T13:57:12.873Z","stage":"QID","conaonicalName":"Nelomys armatus","qid":null,"message":"NO_QID_FOUND_AFTER_ALL_ATTEMPTS","extra":null}
{"ts":"2026-02-04T13:57:13.795Z","stage":"QID","conaonicalName":"Zodiomys longmenensis","qid":null,"message":"NO_QID_FOUND_AFTER_ALL_ATTEMPTS","extra":null}
{"ts":"2026-02-04T13:57:14.015Z","stage":"QID","conaonicalName":"Primus microps","qid":null,"message":"NO_QID_FOUND_AFTER_ALL_ATTEMPTS","extra":null}
{"ts":"2026-02-04T13:57:14.306Z","stage":"QID","conaonicalName":"Gregorymys montanensis","qid":null,"message":"NO_QID_FOUND_AFTER_ALL_ATTEMPTS","extra":null}
{"ts":"2026-02-04T13:57:15.027Z","stage":"QID","conaonicalName":"Plesispermophilus argoviensis","qid":null,"message":"NO_QID_FOUND_AFTER_ALL_ATTEMPTS","extra":null}
{"ts":"2026-02-04T13:57:16.154Z","stage":"QID","conaonicalName":"Leptotomus costilloi","qid":null,"message":"NO_QID_FOUND_AFTER_ALL_ATTEMPTS","extra":null}
{"ts":"2026-02-04T13:57:16.252Z","stage":"QID","conaonicalName":"Mylagaulus novellus","qid":null,"message":"NO_QID_FOUND_AFTER_ALL_ATTEMPTS","extra":null}
{"ts":"2026-02-04T13:57:16.661Z","stage":"QID","conaonicalName":"Pseudotomus sundelli","qid":null,"message":"NO_QID_FOUND_AFTER_ALL_ATTEMPTS","extra":null}
{"ts":"2026-02-04T13:57:17.379Z","stage":"QID","conaonicalName":"Heosminthus minutus","qid":null,"message":"NO_QID_FOUND_AFTER_ALL_ATTEMPTS","extra":null}
{"ts":"2026-02-04T13:57:18.608Z","stage":"QID","conaonicalName":"Synaptomys rinkeri","qid":null,"message":"NO_QID_FOUND_AFTER_ALL_ATTEMPTS","extra":null}
{"ts":"2026-02-04T13:57:18.608Z","stage":"QID","conaonicalName":"Heosminthus borrae","qid":null,"message":"NO_QID_FOUND_AFTER_ALL_ATTEMPTS","extra":null}
{"ts":"2026-02-04T13:57:18.608Z","stage":"QID","conaonicalName":"Oromys aesopi","qid":null,"message":"NO_QID_FOUND_AFTER_ALL_ATTEMPTS","extra":null}
{"ts":"2026-02-04T13:57:19.838Z","stage":"QID","conaonicalName":"Necromys conifer","qid":null,"message":"NO_QID_FOUND_AFTER_ALL_ATTEMPTS","extra":null}
{"ts":"2026-02-04T13:57:20.962Z","stage":"QID","conaonicalName":"Tachyoryctoides obrutschewi","qid":null,"message":"NO_QID_FOUND_AFTER_ALL_ATTEMPTS","extra":null}
{"ts":"2026-02-04T13:57:20.966Z","stage":"QID","conaonicalName":"Theridomys helmeri","qid":null,"message":"NO_QID_FOUND_AFTER_ALL_ATTEMPTS","extra":null}
{"ts":"2026-02-04T13:57:21.065Z","stage":"QID","conaonicalName":"Orientocylindrodon liguanqiaoensis","qid":null,"message":"NO_QID_FOUND_AFTER_ALL_ATTEMPTS","extra":null}
{"ts":"2026-02-04T13:57:23.406Z","stage":"QID","conaonicalName":"Loncheres castaneus","qid":null,"message":"NO_QID_FOUND_AFTER_ALL_ATTEMPTS","extra":null}
{"ts":"2026-02-04T13:57:23.407Z","stage":"QID","conaonicalName":"Pappogeomys sansimonensis","qid":null,"message":"NO_QID_FOUND_AFTER_ALL_ATTEMPTS","extra":null}
{"ts":"2026-02-04T13:57:23.419Z","stage":"QID","conaonicalName":"Primisminthus shanghenus","qid":null,"message":"NO_QID_FOUND_AFTER_ALL_ATTEMPTS","extra":null}
{"ts":"2026-02-04T13:57:23.532Z","stage":"QID","conaonicalName":"Valerymys oreopitheci","qid":null,"message":"NO_QID_FOUND_AFTER_ALL_ATTEMPTS","extra":null}
{"ts":"2026-02-04T13:57:25.777Z","stage":"QID","conaonicalName":"Neocricetodon plinii","qid":null,"message":"NO_QID_FOUND_AFTER_ALL_ATTEMPTS","extra":null}
{"ts":"2026-02-04T13:57:25.777Z","stage":"QID","conaonicalName":"Tsagamys subitus","qid":null,"message":"NO_QID_FOUND_AFTER_ALL_ATTEMPTS","extra":null}
{"ts":"2026-02-04T13:57:25.782Z","stage":"QID","conaonicalName":"Palaeocavia pampaea","qid":null,"message":"NO_QID_FOUND_AFTER_ALL_ATTEMPTS","extra":null}
{"ts":"2026-02-04T13:57:25.876Z","stage":"QID","conaonicalName":"Prosayimys flynni","qid":null,"message":"NO_QID_FOUND_AFTER_ALL_ATTEMPTS","extra":null}
{"ts":"2026-02-04T13:57:28.173Z","stage":"QID","conaonicalName":"Elfomys tobieni","qid":null,"message":"NO_QID_FOUND_AFTER_ALL_ATTEMPTS","extra":null}
{"ts":"2026-02-04T13:57:28.173Z","stage":"QID","conaonicalName":"Parapodemus adroveri","qid":null,"message":"NO_QID_FOUND_AFTER_ALL_ATTEMPTS","extra":null}
{"ts":"2026-02-04T13:57:28.173Z","stage":"QID","conaonicalName":"Paulacoutomys paulista","qid":null,"message":"NO_QID_FOUND_AFTER_ALL_ATTEMPTS","extra":null}
{"ts":"2026-02-04T13:57:28.233Z","stage":"QID","conaonicalName":"Citellus howelli","qid":null,"message":"NO_QID_FOUND_AFTER_ALL_ATTEMPTS","extra":null}
{"ts":"2026-02-04T13:57:30.588Z","stage":"QID","conaonicalName":"Protadelomys lugdunensis","qid":null,"message":"NO_QID_FOUND_AFTER_ALL_ATTEMPTS","extra":null}
{"ts":"2026-02-04T13:57:30.589Z","stage":"QID","conaonicalName":"Citellus dotti","qid":null,"message":"NO_QID_FOUND_AFTER_ALL_ATTEMPTS","extra":null}
{"ts":"2026-02-04T13:57:30.690Z","stage":"QID","conaonicalName":"Cricetodon collatum","qid":null,"message":"NO_QID_FOUND_AFTER_ALL_ATTEMPTS","extra":null}
{"ts":"2026-02-04T13:57:31.820Z","stage":"QID","conaonicalName":"Orthomyctera vaga","qid":null,"message":"NO_QID_FOUND_AFTER_ALL_ATTEMPTS","extra":null}
{"ts":"2026-02-04T13:57:33.047Z","stage":"QID","conaonicalName":"Promylagaulus ovatus","qid":null,"message":"NO_QID_FOUND_AFTER_ALL_ATTEMPTS","extra":null}
{"ts":"2026-02-04T13:57:34.276Z","stage":"QID","conaonicalName":"Meniscomys milleri","qid":null,"message":"NO_QID_FOUND_AFTER_ALL_ATTEMPTS","extra":null}
{"ts":"2026-02-04T13:57:35.400Z","stage":"QID","conaonicalName":"Sciuroides romani","qid":null,"message":"NO_QID_FOUND_AFTER_ALL_ATTEMPTS","extra":null}
{"ts":"2026-02-04T13:57:35.400Z","stage":"QID","conaonicalName":"Tataromys minor longidens","qid":null,"message":"NO_QID_FOUND_AFTER_ALL_ATTEMPTS","extra":null}
{"ts":"2026-02-04T13:57:35.504Z","stage":"QID","conaonicalName":"Paramys petersoni","qid":null,"message":"NO_QID_FOUND_AFTER_ALL_ATTEMPTS","extra":null}
{"ts":"2026-02-04T13:57:36.632Z","stage":"QID","conaonicalName":"Blentosomys dasikerkos","qid":null,"message":"NO_QID_FOUND_AFTER_ALL_ATTEMPTS","extra":null}
{"ts":"2026-02-04T13:57:37.789Z","stage":"QID","conaonicalName":"Steneofiber pansus","qid":null,"message":"NO_QID_FOUND_AFTER_ALL_ATTEMPTS","extra":null}
{"ts":"2026-02-04T13:57:37.793Z","stage":"QID","conaonicalName":"Marmota oregonensis","qid":null,"message":"NO_QID_FOUND_AFTER_ALL_ATTEMPTS","extra":null}
{"ts":"2026-02-04T13:57:37.858Z","stage":"QID","conaonicalName":"Spermophilus orientalis","qid":null,"message":"NO_QID_FOUND_AFTER_ALL_ATTEMPTS","extra":null}
{"ts":"2026-02-04T13:57:39.089Z","stage":"QID","conaonicalName":"Boromys marydawsonae","qid":null,"message":"NO_QID_FOUND_AFTER_ALL_ATTEMPTS","extra":null}
{"ts":"2026-02-04T13:57:40.215Z","stage":"QID","conaonicalName":"Paramys medius","qid":null,"message":"NO_QID_FOUND_AFTER_ALL_ATTEMPTS","extra":null}
{"ts":"2026-02-04T13:57:40.215Z","stage":"QID","conaonicalName":"Amblycastor fluminis","qid":null,"message":"NO_QID_FOUND_AFTER_ALL_ATTEMPTS","extra":null}
{"ts":"2026-02-04T13:57:40.233Z","stage":"QID","conaonicalName":"Diprionomys arcarius","qid":null,"message":"NO_QID_FOUND_AFTER_ALL_ATTEMPTS","extra":null}
{"ts":"2026-02-04T13:57:41.443Z","stage":"QID","conaonicalName":"Prosciurus dawsonae","qid":null,"message":"NO_QID_FOUND_AFTER_ALL_ATTEMPTS","extra":null}
{"ts":"2026-02-04T13:57:42.598Z","stage":"QID","conaonicalName":"Calomys coffeyi","qid":null,"message":"NO_QID_FOUND_AFTER_ALL_ATTEMPTS","extra":null}
{"ts":"2026-02-04T13:57:42.671Z","stage":"QID","conaonicalName":"Yoderimys burkei","qid":null,"message":"NO_QID_FOUND_AFTER_ALL_ATTEMPTS","extra":null}
{"ts":"2026-02-04T13:57:42.671Z","stage":"QID","conaonicalName":"Adjidaumo douglassi","qid":null,"message":"NO_QID_FOUND_AFTER_ALL_ATTEMPTS","extra":null}
{"ts":"2026-02-04T13:57:43.833Z","stage":"QID","conaonicalName":"Oromys zenkerellinopsis","qid":null,"message":"NO_QID_FOUND_AFTER_ALL_ATTEMPTS","extra":null}
{"ts":"2026-02-04T13:57:45.040Z","stage":"QID","conaonicalName":"Microparamys russelli","qid":null,"message":"NO_QID_FOUND_AFTER_ALL_ATTEMPTS","extra":null}
{"ts":"2026-02-04T13:57:49.659Z","stage":"QID","conaonicalName":"Heliscomys tenuiceps","qid":null,"message":"NO_QID_FOUND_AFTER_ALL_ATTEMPTS","extra":null}
{"ts":"2026-02-04T13:57:50.865Z","stage":"QID","conaonicalName":"Paradipoides stovalli","qid":null,"message":"NO_QID_FOUND_AFTER_ALL_ATTEMPTS","extra":null}
{"ts":"2026-02-04T13:57:51.071Z","stage":"QID","conaonicalName":"Chuankueimys xichuanensis","qid":null,"message":"NO_QID_FOUND_AFTER_ALL_ATTEMPTS","extra":null}
{"ts":"2026-02-04T13:57:52.073Z","stage":"QID","conaonicalName":"Chasichimys bonaerense","qid":null,"message":"NO_QID_FOUND_AFTER_ALL_ATTEMPTS","extra":null}
{"ts":"2026-02-04T13:57:53.231Z","stage":"QID","conaonicalName":"Democricetodon gregarius","qid":null,"message":"NO_QID_FOUND_AFTER_ALL_ATTEMPTS","extra":null}
{"ts":"2026-02-04T13:57:53.321Z","stage":"QID","conaonicalName":"Baiomys rexroadensis","qid":null,"message":"NO_QID_FOUND_AFTER_ALL_ATTEMPTS","extra":null}
{"ts":"2026-02-04T13:57:53.321Z","stage":"QID","conaonicalName":"Pseudopotamarchus villanuevai","qid":null,"message":"NO_QID_FOUND_AFTER_ALL_ATTEMPTS","extra":null}
{"ts":"2026-02-04T13:57:53.530Z","stage":"QID","conaonicalName":"Deperetomys hagni hagni","qid":null,"message":"NO_QID_FOUND_AFTER_ALL_ATTEMPTS","extra":null}
{"ts":"2026-02-04T13:57:54.446Z","stage":"QID","conaonicalName":"Brachygaulus leistneri","qid":null,"message":"NO_QID_FOUND_AFTER_ALL_ATTEMPTS","extra":null}
{"ts":"2026-02-04T13:57:55.676Z","stage":"QID","conaonicalName":"Eumegamys scalabrinianus","qid":null,"message":"NO_QID_FOUND_AFTER_ALL_ATTEMPTS","extra":null}
{"ts":"2026-02-04T13:57:55.677Z","stage":"QID","conaonicalName":"Neophanomys recens","qid":null,"message":"NO_QID_FOUND_AFTER_ALL_ATTEMPTS","extra":null}
{"ts":"2026-02-04T13:57:55.678Z","stage":"QID","conaonicalName":"Cavia galileoi","qid":null,"message":"NO_QID_FOUND_AFTER_ALL_ATTEMPTS","extra":null}
{"ts":"2026-02-04T13:57:56.904Z","stage":"QID","conaonicalName":"Brachygaulus nicholsi","qid":null,"message":"NO_QID_FOUND_AFTER_ALL_ATTEMPTS","extra":null}
{"ts":"2026-02-04T13:57:58.133Z","stage":"QID","conaonicalName":"Eucelophorus chapalmalensis","qid":null,"message":"NO_QID_FOUND_AFTER_ALL_ATTEMPTS","extra":null}
{"ts":"2026-02-04T13:57:59.362Z","stage":"QID","conaonicalName":"Pattersomys scagliai","qid":null,"message":"NO_QID_FOUND_AFTER_ALL_ATTEMPTS","extra":null}
{"ts":"2026-02-04T13:58:00.490Z","stage":"QID","conaonicalName":"Brachygaulus xerobothrus","qid":null,"message":"NO_QID_FOUND_AFTER_ALL_ATTEMPTS","extra":null}
{"ts":"2026-02-04T13:58:00.491Z","stage":"QID","conaonicalName":"Abalosia castellanosi","qid":null,"message":"NO_QID_FOUND_AFTER_ALL_ATTEMPTS","extra":null}
{"ts":"2026-02-04T13:58:01.718Z","stage":"QID","conaonicalName":"Eumegamys paranensis","qid":null,"message":"NO_QID_FOUND_AFTER_ALL_ATTEMPTS","extra":null}
{"ts":"2026-02-04T13:58:02.946Z","stage":"QID","conaonicalName":"Neophanomys pristinus","qid":null,"message":"NO_QID_FOUND_AFTER_ALL_ATTEMPTS","extra":null}
{"ts":"2026-02-04T13:58:02.947Z","stage":"QID","conaonicalName":"Castor spec","qid":null,"message":"NO_QID_FOUND_AFTER_ALL_ATTEMPTS","extra":null}
{"ts":"2026-02-04T13:58:04.083Z","stage":"QID","conaonicalName":"Oryzomys murelae","qid":null,"message":"NO_QID_FOUND_AFTER_ALL_ATTEMPTS","extra":null}
{"ts":"2026-02-04T13:58:05.302Z","stage":"QID","conaonicalName":"Eumyarion gordesensis","qid":null,"message":"NO_QID_FOUND_AFTER_ALL_ATTEMPTS","extra":null}
{"ts":"2026-02-04T13:58:05.302Z","stage":"QID","conaonicalName":"Witenia europea","qid":null,"message":"NO_QID_FOUND_AFTER_ALL_ATTEMPTS","extra":null}
{"ts":"2026-02-04T13:58:05.607Z","stage":"QID","conaonicalName":"Leggadina irvini","qid":null,"message":"NO_QID_FOUND_AFTER_ALL_ATTEMPTS","extra":null}
{"ts":"2026-02-04T13:58:06.533Z","stage":"QID","conaonicalName":"Hansdebruijnia erksinae","qid":null,"message":"NO_QID_FOUND_AFTER_ALL_ATTEMPTS","extra":null}
{"ts":"2026-02-04T13:58:10.068Z","stage":"QID","conaonicalName":"Bustrania dissimile","qid":null,"message":"NO_QID_FOUND_AFTER_ALL_ATTEMPTS","extra":null}
{"ts":"2026-02-04T13:58:10.115Z","stage":"QID","conaonicalName":"Leggadina webbi","qid":null,"message":"NO_QID_FOUND_AFTER_ALL_ATTEMPTS","extra":null}
{"ts":"2026-02-04T13:58:18.205Z","stage":"QID","conaonicalName":"Peromyscus lepturus","qid":null,"message":"NO_QID_FOUND_AFTER_ALL_ATTEMPTS","extra":null}
{"ts":"2026-02-04T13:58:18.407Z","stage":"QID","conaonicalName":"Karydomys strati","qid":null,"message":"NO_QID_FOUND_AFTER_ALL_ATTEMPTS","extra":null}
{"ts":"2026-02-04T13:58:18.510Z","stage":"QID","conaonicalName":"Taterillus zammaranoi","qid":null,"message":"NO_QID_FOUND_AFTER_ALL_ATTEMPTS","extra":null}
{"ts":"2026-02-04T13:58:19.432Z","stage":"QID","conaonicalName":"Microtus stonei","qid":null,"message":"NO_QID_FOUND_AFTER_ALL_ATTEMPTS","extra":null}
{"ts":"2026-02-04T13:58:21.787Z","stage":"QID","conaonicalName":"Proechimys kermiti","qid":null,"message":"NO_QID_FOUND_AFTER_ALL_ATTEMPTS","extra":null}
{"ts":"2026-02-04T13:58:24.179Z","stage":"QID","conaonicalName":"Microtus jinyangensis","qid":null,"message":"NO_QID_FOUND_AFTER_ALL_ATTEMPTS","extra":null}
{"ts":"2026-02-04T13:58:24.179Z","stage":"QID","conaonicalName":"Castor hubbardi","qid":null,"message":"NO_QID_FOUND_AFTER_ALL_ATTEMPTS","extra":null}
{"ts":"2026-02-04T13:58:26.600Z","stage":"QID","conaonicalName":"Maquiamys praecursor","qid":null,"message":"NO_QID_FOUND_AFTER_ALL_ATTEMPTS","extra":null}
{"ts":"2026-02-04T13:58:26.804Z","stage":"QID","conaonicalName":"Cachiyacuy spec","qid":null,"message":"NO_QID_FOUND_AFTER_ALL_ATTEMPTS","extra":null}
{"ts":"2026-02-04T13:58:31.413Z","stage":"QID","conaonicalName":"Microtus luojishanensis","qid":null,"message":"NO_QID_FOUND_AFTER_ALL_ATTEMPTS","extra":null}
{"ts":"2026-02-04T13:58:31.413Z","stage":"QID","conaonicalName":"Microtus meiguensis","qid":null,"message":"NO_QID_FOUND_AFTER_ALL_ATTEMPTS","extra":null}
{"ts":"2026-02-04T13:58:32.642Z","stage":"QID","conaonicalName":"Helgenema keablei","qid":null,"message":"NO_QID_FOUND_AFTER_ALL_ATTEMPTS","extra":null}
{"ts":"2026-02-04T13:58:33.871Z","stage":"QID","conaonicalName":"Cardiatherium calingastaense","qid":null,"message":"NO_QID_FOUND_AFTER_ALL_ATTEMPTS","extra":null}
{"ts":"2026-02-04T13:58:44.621Z","stage":"QID","conaonicalName":"Urocitellus nancyae","qid":null,"message":"NO_QID_FOUND_AFTER_ALL_ATTEMPTS","extra":null}
{"ts":"2026-02-04T13:58:46.775Z","stage":"QID","conaonicalName":"Microtus shimianensis","qid":null,"message":"NO_QID_FOUND_AFTER_ALL_ATTEMPTS","extra":null}
{"ts":"2026-02-04T13:58:48.001Z","stage":"QID","conaonicalName":"Paramelomystrongylus dessetae","qid":null,"message":"NO_QID_FOUND_AFTER_ALL_ATTEMPTS","extra":null}
{"ts":"2026-02-04T13:58:48.213Z","stage":"QID","conaonicalName":"Geomys cinerea","qid":null,"message":"NO_QID_FOUND_AFTER_ALL_ATTEMPTS","extra":null}
{"ts":"2026-02-04T13:58:49.138Z","stage":"QID","conaonicalName":"Transandinomys talamacae","qid":null,"message":"NO_QID_FOUND_AFTER_ALL_ATTEMPTS","extra":null}
{"ts":"2026-02-04T13:58:50.360Z","stage":"QID","conaonicalName":"Propediolagus marplatensis","qid":null,"message":"NO_QID_FOUND_AFTER_ALL_ATTEMPTS","extra":null}
{"ts":"2026-02-04T13:58:51.585Z","stage":"QID","conaonicalName":"Prosigmodon tecolotum","qid":null,"message":"NO_QID_FOUND_AFTER_ALL_ATTEMPTS","extra":null}
{"ts":"2026-02-04T13:58:51.585Z","stage":"QID","conaonicalName":"Eoincamys valverdei","qid":null,"message":"NO_QID_FOUND_AFTER_ALL_ATTEMPTS","extra":null}
{"ts":"2026-02-04T13:58:51.893Z","stage":"QID","conaonicalName":"Niviventer nigrus","qid":null,"message":"NO_QID_FOUND_AFTER_ALL_ATTEMPTS","extra":null}
{"ts":"2026-02-04T13:58:52.817Z","stage":"QID","conaonicalName":"Tramyocastor majus","qid":null,"message":"NO_QID_FOUND_AFTER_ALL_ATTEMPTS","extra":null}
{"ts":"2026-02-04T13:58:52.818Z","stage":"QID","conaonicalName":"Massoiamys obliquus","qid":null,"message":"NO_QID_FOUND_AFTER_ALL_ATTEMPTS","extra":null}
{"ts":"2026-02-04T13:58:53.940Z","stage":"QID","conaonicalName":"Cavia vates","qid":null,"message":"NO_QID_FOUND_AFTER_ALL_ATTEMPTS","extra":null}
{"ts":"2026-02-04T13:58:53.951Z","stage":"QID","conaonicalName":"Mus guyannensis","qid":null,"message":"NO_QID_FOUND_AFTER_ALL_ATTEMPTS","extra":null}
{"ts":"2026-02-04T13:58:54.042Z","stage":"QID","conaonicalName":"Cardiomys huemulensis","qid":null,"message":"NO_QID_FOUND_AFTER_ALL_ATTEMPTS","extra":null}
{"ts":"2026-02-04T13:58:55.170Z","stage":"QID","conaonicalName":"Schistomys erro","qid":null,"message":"NO_QID_FOUND_AFTER_ALL_ATTEMPTS","extra":null}
{"ts":"2026-02-04T13:58:55.170Z","stage":"QID","conaonicalName":"Migraveramus lavocati","qid":null,"message":"NO_QID_FOUND_AFTER_ALL_ATTEMPTS","extra":null}
{"ts":"2026-02-04T13:58:56.330Z","stage":"QID","conaonicalName":"Pseudomys pesrosea","qid":null,"message":"NO_QID_FOUND_AFTER_ALL_ATTEMPTS","extra":null}
{"ts":"2026-02-04T13:58:56.398Z","stage":"QID","conaonicalName":"Tetrastylus angustidens","qid":null,"message":"NO_QID_FOUND_AFTER_ALL_ATTEMPTS","extra":null}
{"ts":"2026-02-04T13:58:56.399Z","stage":"QID","conaonicalName":"Suevosciurus ehingensis","qid":null,"message":"NO_QID_FOUND_AFTER_ALL_ATTEMPTS","extra":null}
{"ts":"2026-02-04T13:58:57.628Z","stage":"QID","conaonicalName":"Procardiatherium chasicoense","qid":null,"message":"NO_QID_FOUND_AFTER_ALL_ATTEMPTS","extra":null}
{"ts":"2026-02-04T13:58:58.752Z","stage":"QID","conaonicalName":"Chachapoyamys kathetos","qid":null,"message":"NO_QID_FOUND_AFTER_ALL_ATTEMPTS","extra":null}
{"ts":"2026-02-04T13:58:58.767Z","stage":"QID","conaonicalName":"Metacaremys primitiva","qid":null,"message":"NO_QID_FOUND_AFTER_ALL_ATTEMPTS","extra":null}
{"ts":"2026-02-04T13:58:58.859Z","stage":"QID","conaonicalName":"Oxymycterus cosmodus","qid":null,"message":"NO_QID_FOUND_AFTER_ALL_ATTEMPTS","extra":null}
{"ts":"2026-02-04T13:58:58.958Z","stage":"QID","conaonicalName":"Orthomyctera chapalmalense","qid":null,"message":"NO_QID_FOUND_AFTER_ALL_ATTEMPTS","extra":null}
{"ts":"2026-02-04T13:58:59.983Z","stage":"QID","conaonicalName":"Metadjidaumo woodi","qid":null,"message":"NO_QID_FOUND_AFTER_ALL_ATTEMPTS","extra":null}
{"ts":"2026-02-04T13:59:01.167Z","stage":"QID","conaonicalName":"Gregorymys mixtecorum","qid":null,"message":"NO_QID_FOUND_AFTER_ALL_ATTEMPTS","extra":null}
{"ts":"2026-02-04T13:59:01.167Z","stage":"QID","conaonicalName":"Eucardiodon affinis","qid":null,"message":"NO_QID_FOUND_AFTER_ALL_ATTEMPTS","extra":null}
{"ts":"2026-02-04T13:59:08.081Z","stage":"QID","conaonicalName":"Stereodectes tortus","qid":null,"message":"NO_QID_FOUND_AFTER_ALL_ATTEMPTS","extra":null}
{"ts":"2026-02-04T13:59:09.095Z","stage":"QID","conaonicalName":"Protozetamys mixtecus","qid":null,"message":"NO_QID_FOUND_AFTER_ALL_ATTEMPTS","extra":null}
{"ts":"2026-02-04T13:59:09.302Z","stage":"QID","conaonicalName":"Sciurus warthae","qid":null,"message":"NO_QID_FOUND_AFTER_ALL_ATTEMPTS","extra":null}
{"ts":"2026-02-04T13:59:09.302Z","stage":"QID","conaonicalName":"Alezichnos trogodont","qid":null,"message":"NO_QID_FOUND_AFTER_ALL_ATTEMPTS","extra":null}
{"ts":"2026-02-04T13:59:09.302Z","stage":"QID","conaonicalName":"Rhagapodemus vandeweerdi","qid":null,"message":"NO_QID_FOUND_AFTER_ALL_ATTEMPTS","extra":null}
{"ts":"2026-02-04T13:59:10.344Z","stage":"QID","conaonicalName":"Heteromys vulcani","qid":null,"message":"NO_QID_FOUND_AFTER_ALL_ATTEMPTS","extra":null}
{"ts":"2026-02-04T13:59:11.453Z","stage":"QID","conaonicalName":"Prosciurus clausulus","qid":null,"message":"NO_QID_FOUND_AFTER_ALL_ATTEMPTS","extra":null}
{"ts":"2026-02-04T13:59:11.466Z","stage":"QID","conaonicalName":"Caviodon australis","qid":null,"message":"NO_QID_FOUND_AFTER_ALL_ATTEMPTS","extra":null}
{"ts":"2026-02-04T13:59:11.554Z","stage":"QID","conaonicalName":"Eocardia robusta","qid":null,"message":"NO_QID_FOUND_AFTER_ALL_ATTEMPTS","extra":null}
{"ts":"2026-02-04T13:59:12.680Z","stage":"QID","conaonicalName":"Sciurus pemangilensis","qid":null,"message":"NO_QID_FOUND_AFTER_ALL_ATTEMPTS","extra":null}
{"ts":"2026-02-04T13:59:12.681Z","stage":"QID","conaonicalName":"Akodon johannis","qid":null,"message":"NO_QID_FOUND_AFTER_ALL_ATTEMPTS","extra":null}
{"ts":"2026-02-04T13:59:13.910Z","stage":"QID","conaonicalName":"Myoxus glirulus","qid":null,"message":"NO_QID_FOUND_AFTER_ALL_ATTEMPTS","extra":null}
{"ts":"2026-02-04T13:59:13.910Z","stage":"QID","conaonicalName":"Cardiatherium dubium","qid":null,"message":"NO_QID_FOUND_AFTER_ALL_ATTEMPTS","extra":null}
{"ts":"2026-02-04T13:59:15.076Z","stage":"QID","conaonicalName":"Myopotamus diligens","qid":null,"message":"NO_QID_FOUND_AFTER_ALL_ATTEMPTS","extra":null}
{"ts":"2026-02-04T13:59:16.274Z","stage":"QID","conaonicalName":"Xenodontomys elongatus","qid":null,"message":"NO_QID_FOUND_AFTER_ALL_ATTEMPTS","extra":null}
{"ts":"2026-02-04T13:59:16.274Z","stage":"QID","conaonicalName":"Sallamys woodi","qid":null,"message":"NO_QID_FOUND_AFTER_ALL_ATTEMPTS","extra":null}
{"ts":"2026-02-04T13:59:16.280Z","stage":"QID","conaonicalName":"Douglassciurus oaxacaensis","qid":null,"message":"NO_QID_FOUND_AFTER_ALL_ATTEMPTS","extra":null}
{"ts":"2026-02-04T13:59:17.493Z","stage":"QID","conaonicalName":"Ratufa masae","qid":null,"message":"NO_QID_FOUND_AFTER_ALL_ATTEMPTS","extra":null}
{"ts":"2026-02-04T13:59:17.493Z","stage":"QID","conaonicalName":"Dabbenea minima","qid":null,"message":"NO_QID_FOUND_AFTER_ALL_ATTEMPTS","extra":null}
{"ts":"2026-02-04T13:59:18.722Z","stage":"QID","conaonicalName":"Matiamys elegans","qid":null,"message":"NO_QID_FOUND_AFTER_ALL_ATTEMPTS","extra":null}
{"ts":"2026-02-04T13:59:18.722Z","stage":"QID","conaonicalName":"Rattus kiridus","qid":null,"message":"NO_QID_FOUND_AFTER_ALL_ATTEMPTS","extra":null}
{"ts":"2026-02-04T13:59:19.865Z","stage":"QID","conaonicalName":"Abrothrix magnus","qid":null,"message":"NO_QID_FOUND_AFTER_ALL_ATTEMPTS","extra":null}
{"ts":"2026-02-04T13:59:19.951Z","stage":"QID","conaonicalName":"Cardiatherium rothi","qid":null,"message":"NO_QID_FOUND_AFTER_ALL_ATTEMPTS","extra":null}
{"ts":"2026-02-04T13:59:21.077Z","stage":"QID","conaonicalName":"Cardiomys mesopotamicus","qid":null,"message":"NO_QID_FOUND_AFTER_ALL_ATTEMPTS","extra":null}
{"ts":"2026-02-04T13:59:21.095Z","stage":"QID","conaonicalName":"Sciurus lancavensis","qid":null,"message":"NO_QID_FOUND_AFTER_ALL_ATTEMPTS","extra":null}
{"ts":"2026-02-04T13:59:22.305Z","stage":"QID","conaonicalName":"Palaeocavia brocherense","qid":null,"message":"NO_QID_FOUND_AFTER_ALL_ATTEMPTS","extra":null}
{"ts":"2026-02-04T13:59:22.305Z","stage":"QID","conaonicalName":"Auliscomys osvaldoreigi","qid":null,"message":"NO_QID_FOUND_AFTER_ALL_ATTEMPTS","extra":null}
{"ts":"2026-02-04T13:59:22.516Z","stage":"QID","conaonicalName":"Lagostomus compressidens","qid":null,"message":"NO_QID_FOUND_AFTER_ALL_ATTEMPTS","extra":null}
{"ts":"2026-02-04T13:59:23.533Z","stage":"QID","conaonicalName":"Sciurus panolius","qid":null,"message":"NO_QID_FOUND_AFTER_ALL_ATTEMPTS","extra":null}
{"ts":"2026-02-04T13:59:24.676Z","stage":"QID","conaonicalName":"Namaphiomys scopulus","qid":null,"message":"NO_QID_FOUND_AFTER_ALL_ATTEMPTS","extra":null}
{"ts":"2026-02-04T13:59:24.763Z","stage":"QID","conaonicalName":"Plesiarctomys curranti","qid":null,"message":"NO_QID_FOUND_AFTER_ALL_ATTEMPTS","extra":null}
{"ts":"2026-02-04T13:59:24.763Z","stage":"QID","conaonicalName":"Pliopetaurista kollmanni","qid":null,"message":"NO_QID_FOUND_AFTER_ALL_ATTEMPTS","extra":null}
{"ts":"2026-02-04T13:59:25.888Z","stage":"QID","conaonicalName":"Anchimysops dubius","qid":null,"message":"NO_QID_FOUND_AFTER_ALL_ATTEMPTS","extra":null}
{"ts":"2026-02-04T13:59:25.895Z","stage":"QID","conaonicalName":"Proclinodontomys dondasi","qid":null,"message":"NO_QID_FOUND_AFTER_ALL_ATTEMPTS","extra":null}
{"ts":"2026-02-04T13:59:27.119Z","stage":"QID","conaonicalName":"Wilsoneumys focarius","qid":null,"message":"NO_QID_FOUND_AFTER_ALL_ATTEMPTS","extra":null}
{"ts":"2026-02-04T13:59:27.119Z","stage":"QID","conaonicalName":"Sciurus bentincanus","qid":null,"message":"NO_QID_FOUND_AFTER_ALL_ATTEMPTS","extra":null}
{"ts":"2026-02-04T13:59:28.348Z","stage":"QID","conaonicalName":"Paractenomys chapadmalensis","qid":null,"message":"NO_QID_FOUND_AFTER_ALL_ATTEMPTS","extra":null}
{"ts":"2026-02-04T13:59:28.348Z","stage":"QID","conaonicalName":"Telodontomys compressidens","qid":null,"message":"NO_QID_FOUND_AFTER_ALL_ATTEMPTS","extra":null}
{"ts":"2026-02-04T13:59:28.348Z","stage":"QID","conaonicalName":"Dabbenea insolita","qid":null,"message":"NO_QID_FOUND_AFTER_ALL_ATTEMPTS","extra":null}
{"ts":"2026-02-04T13:59:30.701Z","stage":"QID","conaonicalName":"Gobiocylindrodon ulausuensis","qid":null,"message":"NO_QID_FOUND_AFTER_ALL_ATTEMPTS","extra":null}
{"ts":"2026-02-04T13:59:30.702Z","stage":"QID","conaonicalName":"Neocricetodon magnus","qid":null,"message":"NO_QID_FOUND_AFTER_ALL_ATTEMPTS","extra":null}
{"ts":"2026-02-04T13:59:30.702Z","stage":"QID","conaonicalName":"Gyriabrus latidens","qid":null,"message":"NO_QID_FOUND_AFTER_ALL_ATTEMPTS","extra":null}
{"ts":"2026-02-04T13:59:31.008Z","stage":"QID","conaonicalName":"Sciuroides rissonei","qid":null,"message":"NO_QID_FOUND_AFTER_ALL_ATTEMPTS","extra":null}
{"ts":"2026-02-04T13:59:33.097Z","stage":"QID","conaonicalName":"Eocardia robertoi","qid":null,"message":"NO_QID_FOUND_AFTER_ALL_ATTEMPTS","extra":null}
{"ts":"2026-02-04T13:59:33.097Z","stage":"QID","conaonicalName":"Microcavia isolinense","qid":null,"message":"NO_QID_FOUND_AFTER_ALL_ATTEMPTS","extra":null}
{"ts":"2026-02-04T13:59:33.114Z","stage":"QID","conaonicalName":"Eucricetodon margaritae","qid":null,"message":"NO_QID_FOUND_AFTER_ALL_ATTEMPTS","extra":null}
{"ts":"2026-02-04T13:59:38.279Z","stage":"QID","conaonicalName":"Sciurus balae","qid":null,"message":"NO_QID_FOUND_AFTER_ALL_ATTEMPTS","extra":null}
{"ts":"2026-02-04T13:59:39.407Z","stage":"QID","conaonicalName":"Cardiatherium magnum","qid":null,"message":"NO_QID_FOUND_AFTER_ALL_ATTEMPTS","extra":null}
{"ts":"2026-02-04T13:59:39.649Z","stage":"QID","conaonicalName":"Shapajamys labocensis","qid":null,"message":"NO_QID_FOUND_AFTER_ALL_ATTEMPTS","extra":null}
{"ts":"2026-02-04T13:59:39.663Z","stage":"QID","conaonicalName":"Neocavia lozanoi","qid":null,"message":"NO_QID_FOUND_AFTER_ALL_ATTEMPTS","extra":null}
{"ts":"2026-02-04T13:59:40.019Z","stage":"QID","conaonicalName":"Xenohydrochoerus gracilis","qid":null,"message":"NO_QID_FOUND_AFTER_ALL_ATTEMPTS","extra":null}
{"ts":"2026-02-04T13:59:40.636Z","stage":"QID","conaonicalName":"Mus catreus","qid":null,"message":"NO_QID_FOUND_AFTER_ALL_ATTEMPTS","extra":null}
{"ts":"2026-02-04T13:59:41.774Z","stage":"QID","conaonicalName":"Pseudomys luxauris","qid":null,"message":"NO_QID_FOUND_AFTER_ALL_ATTEMPTS","extra":null}
{"ts":"2026-02-04T13:59:41.865Z","stage":"QID","conaonicalName":"Ratufa conspicua","qid":null,"message":"NO_QID_FOUND_AFTER_ALL_ATTEMPTS","extra":null}
{"ts":"2026-02-04T13:59:41.866Z","stage":"QID","conaonicalName":"Asteromys puelche","qid":null,"message":"NO_QID_FOUND_AFTER_ALL_ATTEMPTS","extra":null}
{"ts":"2026-02-04T13:59:41.866Z","stage":"QID","conaonicalName":"Procardiatherium septemlaminatus","qid":null,"message":"NO_QID_FOUND_AFTER_ALL_ATTEMPTS","extra":null}
{"ts":"2026-02-04T13:59:44.322Z","stage":"QID","conaonicalName":"Heterocricetodon serbicus","qid":null,"message":"NO_QID_FOUND_AFTER_ALL_ATTEMPTS","extra":null}
{"ts":"2026-02-04T13:59:44.322Z","stage":"QID","conaonicalName":"Borisomys borisovi","qid":null,"message":"NO_QID_FOUND_AFTER_ALL_ATTEMPTS","extra":null}
{"ts":"2026-02-04T13:59:44.322Z","stage":"QID","conaonicalName":"Simpligaulus yangi","qid":null,"message":"NO_QID_FOUND_AFTER_ALL_ATTEMPTS","extra":null}
{"ts":"2026-02-04T13:59:44.323Z","stage":"QID","conaonicalName":"Sciurus peninsularis","qid":null,"message":"NO_QID_FOUND_AFTER_ALL_ATTEMPTS","extra":null}
{"ts":"2026-02-04T13:59:44.338Z","stage":"QID","conaonicalName":"Petaurista batuana","qid":null,"message":"NO_QID_FOUND_AFTER_ALL_ATTEMPTS","extra":null}
{"ts":"2026-02-04T13:59:46.596Z","stage":"QID","conaonicalName":"Ctenomys bonariensis","qid":null,"message":"NO_QID_FOUND_AFTER_ALL_ATTEMPTS","extra":null}
{"ts":"2026-02-04T13:59:46.597Z","stage":"QID","conaonicalName":"Centimanomys gigantus","qid":null,"message":"NO_QID_FOUND_AFTER_ALL_ATTEMPTS","extra":null}
{"ts":"2026-02-04T13:59:46.676Z","stage":"QID","conaonicalName":"Acaremys scagliai","qid":null,"message":"NO_QID_FOUND_AFTER_ALL_ATTEMPTS","extra":null}
{"ts":"2026-02-04T13:59:48.416Z","stage":"QID","conaonicalName":"Neodon neplaensis","qid":null,"message":"NO_QID_FOUND_AFTER_ALL_ATTEMPTS","extra":null}
{"ts":"2026-02-04T13:59:48.652Z","stage":"QID","conaonicalName":"Tarapotomys subandinus","qid":null,"message":"NO_QID_FOUND_AFTER_ALL_ATTEMPTS","extra":null}
{"ts":"2026-02-04T13:59:49.234Z","stage":"QID","conaonicalName":"Paracricetodon gracilis","qid":null,"message":"NO_QID_FOUND_AFTER_ALL_ATTEMPTS","extra":null}
{"ts":"2026-02-04T13:59:59.171Z","stage":"QID","conaonicalName":"Tarapotomys mayoensis","qid":null,"message":"NO_QID_FOUND_AFTER_ALL_ATTEMPTS","extra":null}
{"ts":"2026-02-04T13:59:59.577Z","stage":"QID","conaonicalName":"Kiyutherium rosendoi","qid":null,"message":"NO_QID_FOUND_AFTER_ALL_ATTEMPTS","extra":null}
{"ts":"2026-02-04T14:00:00.720Z","stage":"QID","conaonicalName":"Tufamys woodi","qid":null,"message":"NO_QID_FOUND_AFTER_ALL_ATTEMPTS","extra":null}
{"ts":"2026-02-04T14:00:01.113Z","stage":"QID","conaonicalName":"Pogonomys sharonhoserae","qid":null,"message":"NO_QID_FOUND_AFTER_ALL_ATTEMPTS","extra":null}
{"ts":"2026-02-04T14:00:01.935Z","stage":"QID","conaonicalName":"Orthomyctera brocherense","qid":null,"message":"NO_QID_FOUND_AFTER_ALL_ATTEMPTS","extra":null}
{"ts":"2026-02-04T14:00:01.935Z","stage":"QID","conaonicalName":"Sciurus pannovianus","qid":null,"message":"NO_QID_FOUND_AFTER_ALL_ATTEMPTS","extra":null}
{"ts":"2026-02-04T14:00:03.094Z","stage":"QID","conaonicalName":"Procardiatherium denticulatum","qid":null,"message":"NO_QID_FOUND_AFTER_ALL_ATTEMPTS","extra":null}
{"ts":"2026-02-04T14:00:03.095Z","stage":"QID","conaonicalName":"Dolichotis minuscula","qid":null,"message":"NO_QID_FOUND_AFTER_ALL_ATTEMPTS","extra":null}
{"ts":"2026-02-04T14:00:03.163Z","stage":"QID","conaonicalName":"Pseudomys pellicauda","qid":null,"message":"NO_QID_FOUND_AFTER_ALL_ATTEMPTS","extra":null}
{"ts":"2026-02-04T14:00:03.366Z","stage":"QID","conaonicalName":"Eumysops parvulus","qid":null,"message":"NO_QID_FOUND_AFTER_ALL_ATTEMPTS","extra":null}
{"ts":"2026-02-04T14:00:04.394Z","stage":"QID","conaonicalName":"Pliolagostomus friasensis","qid":null,"message":"NO_QID_FOUND_AFTER_ALL_ATTEMPTS","extra":null}
{"ts":"2026-02-04T14:00:04.394Z","stage":"QID","conaonicalName":"Tetrastylus gigantissimus","qid":null,"message":"NO_QID_FOUND_AFTER_ALL_ATTEMPTS","extra":null}
{"ts":"2026-02-04T14:00:05.517Z","stage":"QID","conaonicalName":"Debruijnia kostakii","qid":null,"message":"NO_QID_FOUND_AFTER_ALL_ATTEMPTS","extra":null}
{"ts":"2026-02-04T14:00:05.518Z","stage":"QID","conaonicalName":"Procardiomys martinoi","qid":null,"message":"NO_QID_FOUND_AFTER_ALL_ATTEMPTS","extra":null}
{"ts":"2026-02-04T14:00:05.518Z","stage":"QID","conaonicalName":"Ectropomys exiguus","qid":null,"message":"NO_QID_FOUND_AFTER_ALL_ATTEMPTS","extra":null}
{"ts":"2026-02-04T14:00:05.619Z","stage":"QID","conaonicalName":"Chasicomys cangapoli","qid":null,"message":"NO_QID_FOUND_AFTER_ALL_ATTEMPTS","extra":null}
{"ts":"2026-02-04T14:00:06.748Z","stage":"QID","conaonicalName":"Protabrocoma antiqua","qid":null,"message":"NO_QID_FOUND_AFTER_ALL_ATTEMPTS","extra":null}
{"ts":"2026-02-04T14:00:06.748Z","stage":"QID","conaonicalName":"Abrocoma antiqua","qid":null,"message":"NO_QID_FOUND_AFTER_ALL_ATTEMPTS","extra":null}
{"ts":"2026-02-04T14:00:07.906Z","stage":"QID","conaonicalName":"Trogontherium minus","qid":null,"message":"NO_QID_FOUND_AFTER_ALL_ATTEMPTS","extra":null}
{"ts":"2026-02-04T14:00:07.910Z","stage":"QID","conaonicalName":"Daimonelix circumaxilis","qid":null,"message":"NO_QID_FOUND_AFTER_ALL_ATTEMPTS","extra":null}
{"ts":"2026-02-04T14:00:09.107Z","stage":"QID","conaonicalName":"Lagostomus antiquus","qid":null,"message":"NO_QID_FOUND_AFTER_ALL_ATTEMPTS","extra":null}
{"ts":"2026-02-04T14:00:09.119Z","stage":"QID","conaonicalName":"Viscaccia pretrichodactyla","qid":null,"message":"NO_QID_FOUND_AFTER_ALL_ATTEMPTS","extra":null}
{"ts":"2026-02-04T14:00:09.526Z","stage":"QID","conaonicalName":"Prolagostomus oblicuidens","qid":null,"message":"NO_QID_FOUND_AFTER_ALL_ATTEMPTS","extra":null}
{"ts":"2026-02-04T14:00:10.336Z","stage":"QID","conaonicalName":"Lagostomus laminosus","qid":null,"message":"NO_QID_FOUND_AFTER_ALL_ATTEMPTS","extra":null}
{"ts":"2026-02-04T14:00:10.336Z","stage":"QID","conaonicalName":"Prolagostomus rosendoi","qid":null,"message":"NO_QID_FOUND_AFTER_ALL_ATTEMPTS","extra":null}
{"ts":"2026-02-04T14:00:10.336Z","stage":"QID","conaonicalName":"Lagostomus euplasius","qid":null,"message":"NO_QID_FOUND_AFTER_ALL_ATTEMPTS","extra":null}
{"ts":"2026-02-04T14:00:11.558Z","stage":"QID","conaonicalName":"Miochinchilla surirense","qid":null,"message":"NO_QID_FOUND_AFTER_ALL_ATTEMPTS","extra":null}
{"ts":"2026-02-04T14:00:11.558Z","stage":"QID","conaonicalName":"Miochinchilla plurinacionalis","qid":null,"message":"NO_QID_FOUND_AFTER_ALL_ATTEMPTS","extra":null}
{"ts":"2026-02-04T14:00:16.571Z","stage":"QID","conaonicalName":"Prodistylomys wangae","qid":null,"message":"NO_QID_FOUND_AFTER_ALL_ATTEMPTS","extra":null}
{"ts":"2026-02-04T14:00:17.805Z","stage":"QID","conaonicalName":"Prodistylomys lii","qid":null,"message":"NO_QID_FOUND_AFTER_ALL_ATTEMPTS","extra":null}
{"ts":"2026-02-04T14:00:18.009Z","stage":"QID","conaonicalName":"Distylomys burqinensis","qid":null,"message":"NO_QID_FOUND_AFTER_ALL_ATTEMPTS","extra":null}
{"ts":"2026-02-04T14:00:18.009Z","stage":"QID","conaonicalName":"Tetrastylus intermedius","qid":null,"message":"NO_QID_FOUND_AFTER_ALL_ATTEMPTS","extra":null}
{"ts":"2026-02-04T14:00:18.027Z","stage":"QID","conaonicalName":"Eumegamysops praependens","qid":null,"message":"NO_QID_FOUND_AFTER_ALL_ATTEMPTS","extra":null}
{"ts":"2026-02-04T14:00:18.111Z","stage":"QID","conaonicalName":"Gyriabrus quadratus","qid":null,"message":"NO_QID_FOUND_AFTER_ALL_ATTEMPTS","extra":null}
{"ts":"2026-02-04T14:00:18.945Z","stage":"QID","conaonicalName":"Dabbenea lozanoi","qid":null,"message":"NO_QID_FOUND_AFTER_ALL_ATTEMPTS","extra":null}
{"ts":"2026-02-04T14:00:20.160Z","stage":"QID","conaonicalName":"Protosteiromys pattersoni","qid":null,"message":"NO_QID_FOUND_AFTER_ALL_ATTEMPTS","extra":null}
{"ts":"2026-02-04T14:00:20.161Z","stage":"QID","conaonicalName":"Cholamys tetralophodonta","qid":null,"message":"NO_QID_FOUND_AFTER_ALL_ATTEMPTS","extra":null}
{"ts":"2026-02-04T14:00:20.180Z","stage":"QID","conaonicalName":"Dinomys branicku","qid":null,"message":"NO_QID_FOUND_AFTER_ALL_ATTEMPTS","extra":null}
{"ts":"2026-02-04T14:00:20.180Z","stage":"QID","conaonicalName":"Neosteiromys pattoni","qid":null,"message":"NO_QID_FOUND_AFTER_ALL_ATTEMPTS","extra":null}
{"ts":"2026-02-04T14:00:20.186Z","stage":"QID","conaonicalName":"Megamys burmeisteri","qid":null,"message":"NO_QID_FOUND_AFTER_ALL_ATTEMPTS","extra":null}
{"ts":"2026-02-04T14:00:21.388Z","stage":"QID","conaonicalName":"Neosteiromys bombifrons","qid":null,"message":"NO_QID_FOUND_AFTER_ALL_ATTEMPTS","extra":null}
{"ts":"2026-02-04T14:00:22.619Z","stage":"QID","conaonicalName":"Coendow ichillus","qid":null,"message":"NO_QID_FOUND_AFTER_ALL_ATTEMPTS","extra":null}
{"ts":"2026-02-04T14:00:22.619Z","stage":"QID","conaonicalName":"Coendou magnus","qid":null,"message":"NO_QID_FOUND_AFTER_ALL_ATTEMPTS","extra":null}
{"ts":"2026-02-04T14:00:22.619Z","stage":"QID","conaonicalName":"Heteromys fuscatus","qid":null,"message":"NO_QID_FOUND_AFTER_ALL_ATTEMPTS","extra":null}
{"ts":"2026-02-04T14:00:23.782Z","stage":"QID","conaonicalName":"Penognathus longimembris","qid":null,"message":"NO_QID_FOUND_AFTER_ALL_ATTEMPTS","extra":null}
{"ts":"2026-02-04T14:00:23.802Z","stage":"QID","conaonicalName":"Dipodomys conipactus","qid":null,"message":"NO_QID_FOUND_AFTER_ALL_ATTEMPTS","extra":null}
{"ts":"2026-02-04T14:00:24.976Z","stage":"QID","conaonicalName":"Dipodomys compactas","qid":null,"message":"NO_QID_FOUND_AFTER_ALL_ATTEMPTS","extra":null}
{"ts":"2026-02-04T14:00:24.976Z","stage":"QID","conaonicalName":"Chaetodipus californiens","qid":null,"message":"NO_QID_FOUND_AFTER_ALL_ATTEMPTS","extra":null}
{"ts":"2026-02-04T14:00:24.979Z","stage":"QID","conaonicalName":"Heteromys temporalis","qid":null,"message":"NO_QID_FOUND_AFTER_ALL_ATTEMPTS","extra":null}
{"ts":"2026-02-04T14:00:25.395Z","stage":"QID","conaonicalName":"Perognathus atnplus","qid":null,"message":"NO_QID_FOUND_AFTER_ALL_ATTEMPTS","extra":null}
{"ts":"2026-02-04T14:00:26.203Z","stage":"QID","conaonicalName":"Dipodomys insalaris","qid":null,"message":"NO_QID_FOUND_AFTER_ALL_ATTEMPTS","extra":null}
{"ts":"2026-02-04T14:00:27.431Z","stage":"QID","conaonicalName":"Paraethomys meini","qid":null,"message":"NO_QID_FOUND_AFTER_ALL_ATTEMPTS","extra":null}
{"ts":"2026-02-04T14:00:27.431Z","stage":"QID","conaonicalName":"Arvicanthis broekhuisi","qid":null,"message":"NO_QID_FOUND_AFTER_ALL_ATTEMPTS","extra":null}
{"ts":"2026-02-04T14:00:27.431Z","stage":"QID","conaonicalName":"Mus alliarius","qid":null,"message":"NO_QID_FOUND_AFTER_ALL_ATTEMPTS","extra":null}
{"ts":"2026-02-04T14:00:27.431Z","stage":"QID","conaonicalName":"Deperetomys calefactus","qid":null,"message":"NO_QID_FOUND_AFTER_ALL_ATTEMPTS","extra":null}
{"ts":"2026-02-04T14:00:28.595Z","stage":"QID","conaonicalName":"Megacricetodon hellenicus","qid":null,"message":"NO_QID_FOUND_AFTER_ALL_ATTEMPTS","extra":null}
{"ts":"2026-02-04T14:00:29.786Z","stage":"QID","conaonicalName":"Dankomys simpsoni","qid":null,"message":"NO_QID_FOUND_AFTER_ALL_ATTEMPTS","extra":null}
{"ts":"2026-02-04T14:00:29.786Z","stage":"QID","conaonicalName":"Dankomys vorohuensis","qid":null,"message":"NO_QID_FOUND_AFTER_ALL_ATTEMPTS","extra":null}
{"ts":"2026-02-04T14:00:29.786Z","stage":"QID","conaonicalName":"Paraethomys baeticus","qid":null,"message":"NO_QID_FOUND_AFTER_ALL_ATTEMPTS","extra":null}
{"ts":"2026-02-04T14:00:32.170Z","stage":"QID","conaonicalName":"Pseudomys griseorursus","qid":null,"message":"NO_QID_FOUND_AFTER_ALL_ATTEMPTS","extra":null}
{"ts":"2026-02-04T14:00:32.183Z","stage":"QID","conaonicalName":"Brachymelis garagassi","qid":null,"message":"NO_QID_FOUND_AFTER_ALL_ATTEMPTS","extra":null}
{"ts":"2026-02-04T14:00:32.190Z","stage":"QID","conaonicalName":"Uromys aplini","qid":null,"message":"NO_QID_FOUND_AFTER_ALL_ATTEMPTS","extra":null}
{"ts":"2026-02-04T14:00:32.194Z","stage":"QID","conaonicalName":"Deperetomys saltensis","qid":null,"message":"NO_QID_FOUND_AFTER_ALL_ATTEMPTS","extra":null}
{"ts":"2026-02-04T14:00:32.363Z","stage":"QID","conaonicalName":"Cholomys pearsoni","qid":null,"message":"NO_QID_FOUND_AFTER_ALL_ATTEMPTS","extra":null}
{"ts":"2026-02-04T14:00:34.602Z","stage":"QID","conaonicalName":"Pseudomeriones pythagorasi","qid":null,"message":"NO_QID_FOUND_AFTER_ALL_ATTEMPTS","extra":null}
{"ts":"2026-02-04T14:00:34.602Z","stage":"QID","conaonicalName":"Eumys euryodus","qid":null,"message":"NO_QID_FOUND_AFTER_ALL_ATTEMPTS","extra":null}
{"ts":"2026-02-04T14:00:34.603Z","stage":"QID","conaonicalName":"Pseudocricetodon heissigi","qid":null,"message":"NO_QID_FOUND_AFTER_ALL_ATTEMPTS","extra":null}
{"ts":"2026-02-04T14:00:34.603Z","stage":"QID","conaonicalName":"Pseudomys albapes","qid":null,"message":"NO_QID_FOUND_AFTER_ALL_ATTEMPTS","extra":null}
{"ts":"2026-02-04T14:00:34.603Z","stage":"QID","conaonicalName":"Pseudomys occultatum","qid":null,"message":"NO_QID_FOUND_AFTER_ALL_ATTEMPTS","extra":null}
{"ts":"2026-02-04T14:00:34.603Z","stage":"QID","conaonicalName":"Mus saxatilis","qid":null,"message":"NO_QID_FOUND_AFTER_ALL_ATTEMPTS","extra":null}
{"ts":"2026-02-04T14:00:37.059Z","stage":"QID","conaonicalName":"Postcopemys chapalensis","qid":null,"message":"NO_QID_FOUND_AFTER_ALL_ATTEMPTS","extra":null}
{"ts":"2026-02-04T14:00:37.059Z","stage":"QID","conaonicalName":"Democricetodon cretensis","qid":null,"message":"NO_QID_FOUND_AFTER_ALL_ATTEMPTS","extra":null}
{"ts":"2026-02-04T14:00:37.059Z","stage":"QID","conaonicalName":"Myocricetodon sivalensis","qid":null,"message":"NO_QID_FOUND_AFTER_ALL_ATTEMPTS","extra":null}
{"ts":"2026-02-04T14:00:37.059Z","stage":"QID","conaonicalName":"Spanocricetodon sinuosus","qid":null,"message":"NO_QID_FOUND_AFTER_ALL_ATTEMPTS","extra":null}
{"ts":"2026-02-04T14:00:37.059Z","stage":"QID","conaonicalName":"Mus musculoides-minutoides","qid":null,"message":"NO_QID_FOUND_AFTER_ALL_ATTEMPTS","extra":null}
{"ts":"2026-02-04T14:00:44.638Z","stage":"QID","conaonicalName":"Paraethomys geraadsi","qid":null,"message":"NO_QID_FOUND_AFTER_ALL_ATTEMPTS","extra":null}
{"ts":"2026-02-04T14:00:45.761Z","stage":"QID","conaonicalName":"Pogonomelomys bruni","qid":null,"message":"NO_QID_FOUND_AFTER_ALL_ATTEMPTS","extra":null}
{"ts":"2026-02-04T14:00:45.761Z","stage":"QID","conaonicalName":"Potwarmus primitivus","qid":null,"message":"NO_QID_FOUND_AFTER_ALL_ATTEMPTS","extra":null}
{"ts":"2026-02-04T14:00:46.717Z","stage":"QID","conaonicalName":"Taterillus emina","qid":null,"message":"NO_QID_FOUND_AFTER_ALL_ATTEMPTS","extra":null}
{"ts":"2026-02-04T14:00:47.924Z","stage":"QID","conaonicalName":"Byzantinia spec","qid":null,"message":"NO_QID_FOUND_AFTER_ALL_ATTEMPTS","extra":null}
{"ts":"2026-02-04T14:00:47.933Z","stage":"QID","conaonicalName":"Mastomys shortridgeri","qid":null,"message":"NO_QID_FOUND_AFTER_ALL_ATTEMPTS","extra":null}
{"ts":"2026-02-04T14:00:49.141Z","stage":"QID","conaonicalName":"Mus baouleri","qid":null,"message":"NO_QID_FOUND_AFTER_ALL_ATTEMPTS","extra":null}
{"ts":"2026-02-04T14:00:51.516Z","stage":"QID","conaonicalName":"Primoprismus fejfari","qid":null,"message":"NO_QID_FOUND_AFTER_ALL_ATTEMPTS","extra":null}
{"ts":"2026-02-04T14:00:51.529Z","stage":"QID","conaonicalName":"Pliospalax spec","qid":null,"message":"NO_QID_FOUND_AFTER_ALL_ATTEMPTS","extra":null}
{"ts":"2026-02-04T14:00:51.599Z","stage":"QID","conaonicalName":"Praomys pomeli","qid":null,"message":"NO_QID_FOUND_AFTER_ALL_ATTEMPTS","extra":null}
{"ts":"2026-02-04T14:00:53.954Z","stage":"QID","conaonicalName":"Pseudomeriones spec","qid":null,"message":"NO_QID_FOUND_AFTER_ALL_ATTEMPTS","extra":null}
{"ts":"2026-02-04T14:00:53.970Z","stage":"QID","conaonicalName":"Gerbillus grandis","qid":null,"message":"NO_QID_FOUND_AFTER_ALL_ATTEMPTS","extra":null}
{"ts":"2026-02-04T14:00:55.186Z","stage":"QID","conaonicalName":"Rhabdomys pumalio","qid":null,"message":"NO_QID_FOUND_AFTER_ALL_ATTEMPTS","extra":null}
{"ts":"2026-02-04T14:00:56.333Z","stage":"QID","conaonicalName":"Gerbillus burloni","qid":null,"message":"NO_QID_FOUND_AFTER_ALL_ATTEMPTS","extra":null}
{"ts":"2026-02-04T14:00:56.335Z","stage":"QID","conaonicalName":"Mus musavora","qid":null,"message":"NO_QID_FOUND_AFTER_ALL_ATTEMPTS","extra":null}
{"ts":"2026-02-04T14:00:57.538Z","stage":"QID","conaonicalName":"Rattus norvegiens","qid":null,"message":"NO_QID_FOUND_AFTER_ALL_ATTEMPTS","extra":null}
{"ts":"2026-02-04T14:00:57.552Z","stage":"QID","conaonicalName":"Meriones zaruanyi","qid":null,"message":"NO_QID_FOUND_AFTER_ALL_ATTEMPTS","extra":null}
{"ts":"2026-02-04T14:00:57.556Z","stage":"QID","conaonicalName":"Deomys ferruginous","qid":null,"message":"NO_QID_FOUND_AFTER_ALL_ATTEMPTS","extra":null}
{"ts":"2026-02-04T14:00:58.768Z","stage":"QID","conaonicalName":"Rattus gestri","qid":null,"message":"NO_QID_FOUND_AFTER_ALL_ATTEMPTS","extra":null}
{"ts":"2026-02-04T14:00:59.176Z","stage":"QID","conaonicalName":"Rattus ringens ringens","qid":null,"message":"NO_QID_FOUND_AFTER_ALL_ATTEMPTS","extra":null}
{"ts":"2026-02-04T14:00:59.998Z","stage":"QID","conaonicalName":"Rattus elephinus","qid":null,"message":"NO_QID_FOUND_AFTER_ALL_ATTEMPTS","extra":null}
{"ts":"2026-02-04T14:00:59.998Z","stage":"QID","conaonicalName":"Melomys hageni","qid":null,"message":"NO_QID_FOUND_AFTER_ALL_ATTEMPTS","extra":null}
{"ts":"2026-02-04T14:01:01.228Z","stage":"QID","conaonicalName":"Rattus browni aitape","qid":null,"message":"NO_QID_FOUND_AFTER_ALL_ATTEMPTS","extra":null}
{"ts":"2026-02-04T14:01:02.359Z","stage":"QID","conaonicalName":"Melomys muscalis muscalis","qid":null,"message":"NO_QID_FOUND_AFTER_ALL_ATTEMPTS","extra":null}
{"ts":"2026-02-04T14:01:03.582Z","stage":"QID","conaonicalName":"Chiruromys votes","qid":null,"message":"NO_QID_FOUND_AFTER_ALL_ATTEMPTS","extra":null}
{"ts":"2026-02-04T14:01:03.583Z","stage":"QID","conaonicalName":"Dacnomys miliardi","qid":null,"message":"NO_QID_FOUND_AFTER_ALL_ATTEMPTS","extra":null}
{"ts":"2026-02-04T14:01:04.811Z","stage":"QID","conaonicalName":"Mus calleivaerti","qid":null,"message":"NO_QID_FOUND_AFTER_ALL_ATTEMPTS","extra":null}
{"ts":"2026-02-04T14:01:05.955Z","stage":"QID","conaonicalName":"Pseudomys botami","qid":null,"message":"NO_QID_FOUND_AFTER_ALL_ATTEMPTS","extra":null}
{"ts":"2026-02-04T14:01:13.106Z","stage":"QID","conaonicalName":"Aethomys granfi","qid":null,"message":"NO_QID_FOUND_AFTER_ALL_ATTEMPTS","extra":null}
{"ts":"2026-02-04T14:01:13.107Z","stage":"QID","conaonicalName":"Rattus nativitatus","qid":null,"message":"NO_QID_FOUND_AFTER_ALL_ATTEMPTS","extra":null}
{"ts":"2026-02-04T14:01:15.155Z","stage":"QID","conaonicalName":"Meriones chertgi","qid":null,"message":"NO_QID_FOUND_AFTER_ALL_ATTEMPTS","extra":null}
{"ts":"2026-02-04T14:01:15.160Z","stage":"QID","conaonicalName":"Grammomys rutilons","qid":null,"message":"NO_QID_FOUND_AFTER_ALL_ATTEMPTS","extra":null}
{"ts":"2026-02-04T14:01:15.181Z","stage":"QID","conaonicalName":"Lemniscomys olga","qid":null,"message":"NO_QID_FOUND_AFTER_ALL_ATTEMPTS","extra":null}
{"ts":"2026-02-04T14:01:16.383Z","stage":"QID","conaonicalName":"Rattus rennelli","qid":null,"message":"NO_QID_FOUND_AFTER_ALL_ATTEMPTS","extra":null}
{"ts":"2026-02-04T14:01:16.383Z","stage":"QID","conaonicalName":"Mus procondon","qid":null,"message":"NO_QID_FOUND_AFTER_ALL_ATTEMPTS","extra":null}
{"ts":"2026-02-04T14:01:17.612Z","stage":"QID","conaonicalName":"Meriones vinograaovi","qid":null,"message":"NO_QID_FOUND_AFTER_ALL_ATTEMPTS","extra":null}
{"ts":"2026-02-04T14:01:17.613Z","stage":"QID","conaonicalName":"Chiruromys vales","qid":null,"message":"NO_QID_FOUND_AFTER_ALL_ATTEMPTS","extra":null}
{"ts":"2026-02-04T14:01:17.613Z","stage":"QID","conaonicalName":"Mus tasmaniensis","qid":null,"message":"NO_QID_FOUND_AFTER_ALL_ATTEMPTS","extra":null}
{"ts":"2026-02-04T14:01:19.966Z","stage":"QID","conaonicalName":"Mus macedoniens","qid":null,"message":"NO_QID_FOUND_AFTER_ALL_ATTEMPTS","extra":null}
{"ts":"2026-02-04T14:01:19.986Z","stage":"QID","conaonicalName":"Neocavia pampeana","qid":null,"message":"NO_QID_FOUND_AFTER_ALL_ATTEMPTS","extra":null}
{"ts":"2026-02-04T14:01:21.196Z","stage":"QID","conaonicalName":"Nothydrochoerus fontanai","qid":null,"message":"NO_QID_FOUND_AFTER_ALL_ATTEMPTS","extra":null}
{"ts":"2026-02-04T14:01:21.196Z","stage":"QID","conaonicalName":"Dolichotis prisca","qid":null,"message":"NO_QID_FOUND_AFTER_ALL_ATTEMPTS","extra":null}
{"ts":"2026-02-04T14:01:21.196Z","stage":"QID","conaonicalName":"Cardiatherium rosendoi","qid":null,"message":"NO_QID_FOUND_AFTER_ALL_ATTEMPTS","extra":null}
{"ts":"2026-02-04T14:01:22.426Z","stage":"QID","conaonicalName":"Procardiatherium rosendoi","qid":null,"message":"NO_QID_FOUND_AFTER_ALL_ATTEMPTS","extra":null}
{"ts":"2026-02-04T14:01:22.426Z","stage":"QID","conaonicalName":"Meriones buchneri","qid":null,"message":"NO_QID_FOUND_AFTER_ALL_ATTEMPTS","extra":null}
{"ts":"2026-02-04T14:01:22.426Z","stage":"QID","conaonicalName":"Anchimysops villalobosi","qid":null,"message":"NO_QID_FOUND_AFTER_ALL_ATTEMPTS","extra":null}
{"ts":"2026-02-04T14:01:23.565Z","stage":"QID","conaonicalName":"Kiyutherium orientalis","qid":null,"message":"NO_QID_FOUND_AFTER_ALL_ATTEMPTS","extra":null}
{"ts":"2026-02-04T14:01:23.656Z","stage":"QID","conaonicalName":"Cardiomys ameghinorum","qid":null,"message":"NO_QID_FOUND_AFTER_ALL_ATTEMPTS","extra":null}
{"ts":"2026-02-04T14:01:24.780Z","stage":"QID","conaonicalName":"Caviodon pozzii","qid":null,"message":"NO_QID_FOUND_AFTER_ALL_ATTEMPTS","extra":null}
{"ts":"2026-02-04T14:01:24.780Z","stage":"QID","conaonicalName":"Cavia cristata","qid":null,"message":"NO_QID_FOUND_AFTER_ALL_ATTEMPTS","extra":null}
{"ts":"2026-02-04T14:01:24.882Z","stage":"QID","conaonicalName":"Orthomyctera andina","qid":null,"message":"NO_QID_FOUND_AFTER_ALL_ATTEMPTS","extra":null}
{"ts":"2026-02-04T14:01:25.002Z","stage":"QID","conaonicalName":"Plexochoerus paranensis","qid":null,"message":"NO_QID_FOUND_AFTER_ALL_ATTEMPTS","extra":null}
{"ts":"2026-02-04T14:01:26.010Z","stage":"QID","conaonicalName":"Anchimysops radicei","qid":null,"message":"NO_QID_FOUND_AFTER_ALL_ATTEMPTS","extra":null}
{"ts":"2026-02-04T14:01:26.011Z","stage":"QID","conaonicalName":"Allocavia chasicoense","qid":null,"message":"NO_QID_FOUND_AFTER_ALL_ATTEMPTS","extra":null}
{"ts":"2026-02-04T14:01:27.240Z","stage":"QID","conaonicalName":"Cardiatherium talicei","qid":null,"message":"NO_QID_FOUND_AFTER_ALL_ATTEMPTS","extra":null}
{"ts":"2026-02-04T14:01:27.240Z","stage":"QID","conaonicalName":"Caviops chapadmalalensis","qid":null,"message":"NO_QID_FOUND_AFTER_ALL_ATTEMPTS","extra":null}
{"ts":"2026-02-04T14:01:28.469Z","stage":"QID","conaonicalName":"Procardiatherium octolaminatus","qid":null,"message":"NO_QID_FOUND_AFTER_ALL_ATTEMPTS","extra":null}
{"ts":"2026-02-04T14:01:28.470Z","stage":"QID","conaonicalName":"Cardiatherium isseli","qid":null,"message":"NO_QID_FOUND_AFTER_ALL_ATTEMPTS","extra":null}
{"ts":"2026-02-04T14:01:28.470Z","stage":"QID","conaonicalName":"Cavia lamingnae","qid":null,"message":"NO_QID_FOUND_AFTER_ALL_ATTEMPTS","extra":null}
{"ts":"2026-02-04T14:01:29.593Z","stage":"QID","conaonicalName":"Microcavia chapalmalensis","qid":null,"message":"NO_QID_FOUND_AFTER_ALL_ATTEMPTS","extra":null}
{"ts":"2026-02-04T14:01:29.593Z","stage":"QID","conaonicalName":"Plexochoerus puelchensis","qid":null,"message":"NO_QID_FOUND_AFTER_ALL_ATTEMPTS","extra":null}
{"ts":"2026-02-04T14:01:29.596Z","stage":"QID","conaonicalName":"Xenocardia diversidens","qid":null,"message":"NO_QID_FOUND_AFTER_ALL_ATTEMPTS","extra":null}
{"ts":"2026-02-04T14:01:31.982Z","stage":"QID","conaonicalName":"Fuchoreutes naso","qid":null,"message":"NO_QID_FOUND_AFTER_ALL_ATTEMPTS","extra":null}
{"ts":"2026-02-04T14:01:31.998Z","stage":"QID","conaonicalName":"Salpingotus heptnen","qid":null,"message":"NO_QID_FOUND_AFTER_ALL_ATTEMPTS","extra":null}
{"ts":"2026-02-04T14:01:37.171Z","stage":"QID","conaonicalName":"Sicista caucasico","qid":null,"message":"NO_QID_FOUND_AFTER_ALL_ATTEMPTS","extra":null}
{"ts":"2026-02-04T14:01:38.401Z","stage":"QID","conaonicalName":"Acarechimys minutus","qid":null,"message":"NO_QID_FOUND_AFTER_ALL_ATTEMPTS","extra":null}
{"ts":"2026-02-04T14:01:38.609Z","stage":"QID","conaonicalName":"Proaguti cavioides","qid":null,"message":"NO_QID_FOUND_AFTER_ALL_ATTEMPTS","extra":null}
{"ts":"2026-02-04T14:01:38.610Z","stage":"QID","conaonicalName":"Hoplomys truei","qid":null,"message":"NO_QID_FOUND_AFTER_ALL_ATTEMPTS","extra":null}
{"ts":"2026-02-04T14:01:38.708Z","stage":"QID","conaonicalName":"Eumysops ponderosus","qid":null,"message":"NO_QID_FOUND_AFTER_ALL_ATTEMPTS","extra":null}
{"ts":"2026-02-04T14:01:38.708Z","stage":"QID","conaonicalName":"Clyomys riograndensis","qid":null,"message":"NO_QID_FOUND_AFTER_ALL_ATTEMPTS","extra":null}
{"ts":"2026-02-04T14:01:38.708Z","stage":"QID","conaonicalName":"Euryzygomatomys mordax","qid":null,"message":"NO_QID_FOUND_AFTER_ALL_ATTEMPTS","extra":null}
{"ts":"2026-02-04T14:01:39.622Z","stage":"QID","conaonicalName":"Cercomys cunicularius","qid":null,"message":"NO_QID_FOUND_AFTER_ALL_ATTEMPTS","extra":null}
{"ts":"2026-02-04T14:01:40.755Z","stage":"QID","conaonicalName":"Eoespina spec","qid":null,"message":"NO_QID_FOUND_AFTER_ALL_ATTEMPTS","extra":null}
{"ts":"2026-02-04T14:01:40.759Z","stage":"QID","conaonicalName":"Proechimys quadruplicate","qid":null,"message":"NO_QID_FOUND_AFTER_ALL_ATTEMPTS","extra":null}
{"ts":"2026-02-04T14:01:40.766Z","stage":"QID","conaonicalName":"Heterogeomys cherrier","qid":null,"message":"NO_QID_FOUND_AFTER_ALL_ATTEMPTS","extra":null}
{"ts":"2026-02-04T14:01:40.858Z","stage":"QID","conaonicalName":"Paralonchothrix ponderosus","qid":null,"message":"NO_QID_FOUND_AFTER_ALL_ATTEMPTS","extra":null}
{"ts":"2026-02-04T14:01:40.859Z","stage":"QID","conaonicalName":"Cercomys primitiva","qid":null,"message":"NO_QID_FOUND_AFTER_ALL_ATTEMPTS","extra":null}
{"ts":"2026-02-04T14:01:41.985Z","stage":"QID","conaonicalName":"Thomomys bulbrvorus","qid":null,"message":"NO_QID_FOUND_AFTER_ALL_ATTEMPTS","extra":null}
{"ts":"2026-02-04T14:01:43.217Z","stage":"QID","conaonicalName":"Phtoramys hidalguense","qid":null,"message":"NO_QID_FOUND_AFTER_ALL_ATTEMPTS","extra":null}
{"ts":"2026-02-04T14:01:43.217Z","stage":"QID","conaonicalName":"Praectenomys rhombidens","qid":null,"message":"NO_QID_FOUND_AFTER_ALL_ATTEMPTS","extra":null}
{"ts":"2026-02-04T14:01:43.217Z","stage":"QID","conaonicalName":"Chasicomys octodontiforme","qid":null,"message":"NO_QID_FOUND_AFTER_ALL_ATTEMPTS","extra":null}
{"ts":"2026-02-04T14:01:43.217Z","stage":"QID","conaonicalName":"Xenodontomys ellipticus","qid":null,"message":"NO_QID_FOUND_AFTER_ALL_ATTEMPTS","extra":null}
{"ts":"2026-02-04T14:01:44.446Z","stage":"QID","conaonicalName":"Metacaremys dimi","qid":null,"message":"NO_QID_FOUND_AFTER_ALL_ATTEMPTS","extra":null}
{"ts":"2026-02-04T14:01:44.446Z","stage":"QID","conaonicalName":"Metacaremys calfucalel","qid":null,"message":"NO_QID_FOUND_AFTER_ALL_ATTEMPTS","extra":null}
{"ts":"2026-02-04T14:01:45.575Z","stage":"QID","conaonicalName":"Sciurus spectabilis","qid":null,"message":"NO_QID_FOUND_AFTER_ALL_ATTEMPTS","extra":null}
{"ts":"2026-02-04T14:01:45.672Z","stage":"QID","conaonicalName":"Ratufa insignis","qid":null,"message":"NO_QID_FOUND_AFTER_ALL_ATTEMPTS","extra":null}
{"ts":"2026-02-04T14:01:45.672Z","stage":"QID","conaonicalName":"Sciurus piniensis","qid":null,"message":"NO_QID_FOUND_AFTER_ALL_ATTEMPTS","extra":null}
{"ts":"2026-02-04T14:01:46.798Z","stage":"QID","conaonicalName":"Sciurus sullivanus","qid":null,"message":"NO_QID_FOUND_AFTER_ALL_ATTEMPTS","extra":null}
{"ts":"2026-02-04T14:01:46.798Z","stage":"QID","conaonicalName":"Sciurus matthaeus","qid":null,"message":"NO_QID_FOUND_AFTER_ALL_ATTEMPTS","extra":null}
{"ts":"2026-02-04T14:01:46.810Z","stage":"QID","conaonicalName":"Ratufa piniensis","qid":null,"message":"NO_QID_FOUND_AFTER_ALL_ATTEMPTS","extra":null}
{"ts":"2026-02-04T14:01:48.032Z","stage":"QID","conaonicalName":"Sciurus ictericus","qid":null,"message":"NO_QID_FOUND_AFTER_ALL_ATTEMPTS","extra":null}
{"ts":"2026-02-04T14:01:48.032Z","stage":"QID","conaonicalName":"Spermophilus cittelus karamanii","qid":null,"message":"NO_QID_FOUND_AFTER_ALL_ATTEMPTS","extra":null}
{"ts":"2026-02-04T14:01:48.032Z","stage":"QID","conaonicalName":"Sciurus lucas","qid":null,"message":"NO_QID_FOUND_AFTER_ALL_ATTEMPTS","extra":null}
{"ts":"2026-02-04T14:01:49.191Z","stage":"QID","conaonicalName":"Ratufa balae","qid":null,"message":"NO_QID_FOUND_AFTER_ALL_ATTEMPTS","extra":null}
{"ts":"2026-02-04T14:01:49.194Z","stage":"QID","conaonicalName":"Sciurus aoris","qid":null,"message":"NO_QID_FOUND_AFTER_ALL_ATTEMPTS","extra":null}
{"ts":"2026-02-04T14:01:49.196Z","stage":"QID","conaonicalName":"Pliopetaurista pliocaenica","qid":null,"message":"NO_QID_FOUND_AFTER_ALL_ATTEMPTS","extra":null}
{"ts":"2026-02-04T14:01:49.199Z","stage":"QID","conaonicalName":"Sciurus pumilus","qid":null,"message":"NO_QID_FOUND_AFTER_ALL_ATTEMPTS","extra":null}
{"ts":"2026-02-04T14:01:50.398Z","stage":"QID","conaonicalName":"Sciurus calycinus","qid":null,"message":"NO_QID_FOUND_AFTER_ALL_ATTEMPTS","extra":null}
{"ts":"2026-02-04T14:01:50.399Z","stage":"QID","conaonicalName":"Aeretes melanoplerus","qid":null,"message":"NO_QID_FOUND_AFTER_ALL_ATTEMPTS","extra":null}
{"ts":"2026-02-04T14:01:51.612Z","stage":"QID","conaonicalName":"Callosciurus baluenss","qid":null,"message":"NO_QID_FOUND_AFTER_ALL_ATTEMPTS","extra":null}
{"ts":"2026-02-04T14:01:51.614Z","stage":"QID","conaonicalName":"Marmota kastschenkot","qid":null,"message":"NO_QID_FOUND_AFTER_ALL_ATTEMPTS","extra":null}
{"ts":"2026-02-04T14:01:52.843Z","stage":"QID","conaonicalName":"Tamiops mcclellandun","qid":null,"message":"NO_QID_FOUND_AFTER_ALL_ATTEMPTS","extra":null}
{"ts":"2026-02-04T14:01:52.844Z","stage":"QID","conaonicalName":"Paraxerus flavouvittis","qid":null,"message":"NO_QID_FOUND_AFTER_ALL_ATTEMPTS","extra":null}
{"ts":"2026-02-04T14:01:52.844Z","stage":"QID","conaonicalName":"Myosciurus pumalio","qid":null,"message":"NO_QID_FOUND_AFTER_ALL_ATTEMPTS","extra":null}
{"ts":"2026-02-04T14:01:52.844Z","stage":"QID","conaonicalName":"Marmota camischatica","qid":null,"message":"NO_QID_FOUND_AFTER_ALL_ATTEMPTS","extra":null}
{"ts":"2026-02-04T14:01:54.072Z","stage":"QID","conaonicalName":"Sciurus flammafer","qid":null,"message":"NO_QID_FOUND_AFTER_ALL_ATTEMPTS","extra":null}
{"ts":"2026-02-04T14:01:54.072Z","stage":"QID","conaonicalName":"Funambulus trisiriatus","qid":null,"message":"NO_QID_FOUND_AFTER_ALL_ATTEMPTS","extra":null}
{"ts":"2026-02-04T14:01:55.204Z","stage":"QID","conaonicalName":"Sciurus colliaer","qid":null,"message":"NO_QID_FOUND_AFTER_ALL_ATTEMPTS","extra":null}
{"ts":"2026-02-04T14:02:02.062Z","stage":"QID","conaonicalName":"Tamiops swinhoer","qid":null,"message":"NO_QID_FOUND_AFTER_ALL_ATTEMPTS","extra":null}
{"ts":"2026-02-04T14:02:02.062Z","stage":"QID","conaonicalName":"Glyphotes canalvus","qid":null,"message":"NO_QID_FOUND_AFTER_ALL_ATTEMPTS","extra":null}
{"ts":"2026-02-04T14:02:02.160Z","stage":"QID","conaonicalName":"Urocitellus parryu","qid":null,"message":"NO_QID_FOUND_AFTER_ALL_ATTEMPTS","extra":null}
{"ts":"2026-02-04T14:02:02.160Z","stage":"QID","conaonicalName":"Sciurus occidentalis","qid":null,"message":"NO_QID_FOUND_AFTER_ALL_ATTEMPTS","extra":null}
{"ts":"2026-02-04T14:02:02.160Z","stage":"QID","conaonicalName":"Pteromyscus borneanus","qid":null,"message":"NO_QID_FOUND_AFTER_ALL_ATTEMPTS","extra":null}
{"ts":"2026-02-04T14:02:02.400Z","stage":"QID","conaonicalName":"Menetes berdmorer","qid":null,"message":"NO_QID_FOUND_AFTER_ALL_ATTEMPTS","extra":null}
{"ts":"2026-02-04T14:02:03.086Z","stage":"QID","conaonicalName":"Sciurus nyx","qid":null,"message":"NO_QID_FOUND_AFTER_ALL_ATTEMPTS","extra":null}
{"ts":"2026-02-04T14:02:04.316Z","stage":"QID","conaonicalName":"Exilisciurus luncefordi","qid":null,"message":"NO_QID_FOUND_AFTER_ALL_ATTEMPTS","extra":null}
{"ts":"2026-02-04T14:02:04.316Z","stage":"QID","conaonicalName":"Sciurus everetti","qid":null,"message":"NO_QID_FOUND_AFTER_ALL_ATTEMPTS","extra":null}
{"ts":"2026-02-04T14:02:04.316Z","stage":"QID","conaonicalName":"Tamias paimeri","qid":null,"message":"NO_QID_FOUND_AFTER_ALL_ATTEMPTS","extra":null}
{"ts":"2026-02-04T14:02:04.316Z","stage":"QID","conaonicalName":"Sciurus ferruginiventris","qid":null,"message":"NO_QID_FOUND_AFTER_ALL_ATTEMPTS","extra":null}
{"ts":"2026-02-04T14:02:05.439Z","stage":"QID","conaonicalName":"Drenwmys everetti","qid":null,"message":"NO_QID_FOUND_AFTER_ALL_ATTEMPTS","extra":null}
{"ts":"2026-02-04T14:02:05.487Z","stage":"QID","conaonicalName":"Petaurista magnifiais","qid":null,"message":"NO_QID_FOUND_AFTER_ALL_ATTEMPTS","extra":null}
{"ts":"2026-02-04T14:02:05.488Z","stage":"QID","conaonicalName":"Sciurus mustelinus","qid":null,"message":"NO_QID_FOUND_AFTER_ALL_ATTEMPTS","extra":null}
{"ts":"2026-02-04T14:02:06.670Z","stage":"QID","conaonicalName":"Sciurus molli-pilosus","qid":null,"message":"NO_QID_FOUND_AFTER_ALL_ATTEMPTS","extra":null}
{"ts":"2026-02-04T14:02:06.671Z","stage":"QID","conaonicalName":"Sundasciurus mollendorffi","qid":null,"message":"NO_QID_FOUND_AFTER_ALL_ATTEMPTS","extra":null}
{"ts":"2026-02-04T14:02:06.671Z","stage":"QID","conaonicalName":"Sciurus leporinus","qid":null,"message":"NO_QID_FOUND_AFTER_ALL_ATTEMPTS","extra":null}
{"ts":"2026-02-04T14:02:06.680Z","stage":"QID","conaonicalName":"Exilisciurus samaricus","qid":null,"message":"NO_QID_FOUND_AFTER_ALL_ATTEMPTS","extra":null}
{"ts":"2026-02-04T14:02:07.898Z","stage":"QID","conaonicalName":"Glaucomas volans","qid":null,"message":"NO_QID_FOUND_AFTER_ALL_ATTEMPTS","extra":null}
{"ts":"2026-02-04T14:02:07.898Z","stage":"QID","conaonicalName":"Tamias butteri","qid":null,"message":"NO_QID_FOUND_AFTER_ALL_ATTEMPTS","extra":null}
{"ts":"2026-02-04T14:02:07.898Z","stage":"QID","conaonicalName":"Exilisciurus surrutilus","qid":null,"message":"NO_QID_FOUND_AFTER_ALL_ATTEMPTS","extra":null}
{"ts":"2026-02-04T14:02:09.126Z","stage":"QID","conaonicalName":"Sciurus lanigerus","qid":null,"message":"NO_QID_FOUND_AFTER_ALL_ATTEMPTS","extra":null}
{"ts":"2026-02-04T14:02:09.126Z","stage":"QID","conaonicalName":"Pseudocylindrodon yihesubuensis","qid":null,"message":"NO_QID_FOUND_AFTER_ALL_ATTEMPTS","extra":null}
{"ts":"2026-02-04T14:02:10.256Z","stage":"QID","conaonicalName":"Tramyocastor andiai","qid":null,"message":"NO_QID_FOUND_AFTER_ALL_ATTEMPTS","extra":null}
{"ts":"2026-02-04T14:02:10.256Z","stage":"QID","conaonicalName":"Paraglirulus schultzi","qid":null,"message":"NO_QID_FOUND_AFTER_ALL_ATTEMPTS","extra":null}
{"ts":"2026-02-04T14:02:10.302Z","stage":"QID","conaonicalName":"Myomimus spec","qid":null,"message":"NO_QID_FOUND_AFTER_ALL_ATTEMPTS","extra":null}
{"ts":"2026-02-04T14:02:11.498Z","stage":"QID","conaonicalName":"Myocastor ipriscus","qid":null,"message":"NO_QID_FOUND_AFTER_ALL_ATTEMPTS","extra":null}
{"ts":"2026-02-04T14:02:12.709Z","stage":"QID","conaonicalName":"Macrotarsomys peter","qid":null,"message":"NO_QID_FOUND_AFTER_ALL_ATTEMPTS","extra":null}
{"ts":"2026-02-04T14:02:12.709Z","stage":"QID","conaonicalName":"Eoincamys parvus","qid":null,"message":"NO_QID_FOUND_AFTER_ALL_ATTEMPTS","extra":null}
{"ts":"2026-02-04T14:02:12.711Z","stage":"QID","conaonicalName":"Cuniculus rugiceps","qid":null,"message":"NO_QID_FOUND_AFTER_ALL_ATTEMPTS","extra":null}
{"ts":"2026-02-04T14:02:12.836Z","stage":"QID","conaonicalName":"Eoincamys spec","qid":null,"message":"NO_QID_FOUND_AFTER_ALL_ATTEMPTS","extra":null}
{"ts":"2026-02-04T14:02:13.871Z","stage":"QID","conaonicalName":"Suevosciurus authodon","qid":null,"message":"NO_QID_FOUND_AFTER_ALL_ATTEMPTS","extra":null}
{"ts":"2026-02-04T14:02:13.902Z","stage":"QID","conaonicalName":"Suevosciurus minimus","qid":null,"message":"NO_QID_FOUND_AFTER_ALL_ATTEMPTS","extra":null}
{"ts":"2026-02-04T14:02:15.065Z","stage":"QID","conaonicalName":"Archaeomys gervaisi","qid":null,"message":"NO_QID_FOUND_AFTER_ALL_ATTEMPTS","extra":null}
{"ts":"2026-02-04T14:02:15.065Z","stage":"QID","conaonicalName":"Masillamys cosensis","qid":null,"message":"NO_QID_FOUND_AFTER_ALL_ATTEMPTS","extra":null}
{"ts":"2026-02-04T14:02:15.166Z","stage":"QID","conaonicalName":"Sciuroides fraasi","qid":null,"message":"NO_QID_FOUND_AFTER_ALL_ATTEMPTS","extra":null}
{"ts":"2026-02-04T14:02:16.292Z","stage":"QID","conaonicalName":"Treposciurus mutabilis mutabilis","qid":null,"message":"NO_QID_FOUND_AFTER_ALL_ATTEMPTS","extra":null}
{"ts":"2026-02-04T14:02:16.293Z","stage":"QID","conaonicalName":"Luantus sompallwei","qid":null,"message":"NO_QID_FOUND_AFTER_ALL_ATTEMPTS","extra":null}
{"ts":"2026-02-04T14:02:16.300Z","stage":"QID","conaonicalName":"Schistomys ellipticus","qid":null,"message":"NO_QID_FOUND_AFTER_ALL_ATTEMPTS","extra":null}
{"ts":"2026-02-04T14:02:17.524Z","stage":"QID","conaonicalName":"Perimys ameghinoi","qid":null,"message":"NO_QID_FOUND_AFTER_ALL_ATTEMPTS","extra":null}
{"ts":"2026-02-04T14:02:17.524Z","stage":"QID","conaonicalName":"Eusigmomys friasensis","qid":null,"message":"NO_QID_FOUND_AFTER_ALL_ATTEMPTS","extra":null}
{"ts":"2026-02-04T14:02:17.524Z","stage":"QID","conaonicalName":"Treposciurus mutabilis helveticus","qid":null,"message":"NO_QID_FOUND_AFTER_ALL_ATTEMPTS","extra":null}
{"ts":"2026-02-04T14:02:18.684Z","stage":"QID","conaonicalName":"Dasyprocta guatnara","qid":null,"message":"NO_QID_FOUND_AFTER_ALL_ATTEMPTS","extra":null}
{"ts":"2026-02-04T14:02:18.749Z","stage":"QID","conaonicalName":"Dasyprocta pryntnolopha","qid":null,"message":"NO_QID_FOUND_AFTER_ALL_ATTEMPTS","extra":null}
{"ts":"2026-02-04T14:02:23.806Z","stage":"QID","conaonicalName":"Rhizomys troglodytes","qid":null,"message":"NO_QID_FOUND_AFTER_ALL_ATTEMPTS","extra":null}
{"ts":"2026-02-04T14:02:25.102Z","stage":"QID","conaonicalName":"Pannoniamys paragovensis","qid":null,"message":"NO_QID_FOUND_AFTER_ALL_ATTEMPTS","extra":null}
{"ts":"2026-02-04T14:02:25.303Z","stage":"QID","conaonicalName":"Yuomys robustus","qid":null,"message":"NO_QID_FOUND_AFTER_ALL_ATTEMPTS","extra":null}
{"ts":"2026-02-04T14:02:26.227Z","stage":"QID","conaonicalName":"Plesiarctomys gervaisii","qid":null,"message":"NO_QID_FOUND_AFTER_ALL_ATTEMPTS","extra":null}
{"ts":"2026-02-04T14:02:26.227Z","stage":"QID","conaonicalName":"Thisbemys intermedius","qid":null,"message":"NO_QID_FOUND_AFTER_ALL_ATTEMPTS","extra":null}
{"ts":"2026-02-04T14:02:26.437Z","stage":"QID","conaonicalName":"Microparamys solis","qid":null,"message":"NO_QID_FOUND_AFTER_ALL_ATTEMPTS","extra":null}
{"ts":"2026-02-04T14:02:26.443Z","stage":"QID","conaonicalName":"Paramys savagei","qid":null,"message":"NO_QID_FOUND_AFTER_ALL_ATTEMPTS","extra":null}
{"ts":"2026-02-04T14:02:27.383Z","stage":"QID","conaonicalName":"Auliscomys formosus","qid":null,"message":"NO_QID_FOUND_AFTER_ALL_ATTEMPTS","extra":null}
{"ts":"2026-02-04T14:02:27.387Z","stage":"QID","conaonicalName":"Willeumys korthi","qid":null,"message":"NO_QID_FOUND_AFTER_ALL_ATTEMPTS","extra":null}
{"ts":"2026-02-04T14:02:27.455Z","stage":"QID","conaonicalName":"Microtus eleniae","qid":null,"message":"NO_QID_FOUND_AFTER_ALL_ATTEMPTS","extra":null}
{"ts":"2026-02-04T14:02:28.581Z","stage":"QID","conaonicalName":"Akodon magnus","qid":null,"message":"NO_QID_FOUND_AFTER_ALL_ATTEMPTS","extra":null}
{"ts":"2026-02-04T14:02:28.581Z","stage":"QID","conaonicalName":"Akodon clivigenis","qid":null,"message":"NO_QID_FOUND_AFTER_ALL_ATTEMPTS","extra":null}
{"ts":"2026-02-04T14:02:28.684Z","stage":"QID","conaonicalName":"Oryzomys carrikeri","qid":null,"message":"NO_QID_FOUND_AFTER_ALL_ATTEMPTS","extra":null}
{"ts":"2026-02-04T14:02:29.810Z","stage":"QID","conaonicalName":"Graomys dorae","qid":null,"message":"NO_QID_FOUND_AFTER_ALL_ATTEMPTS","extra":null}
{"ts":"2026-02-04T14:02:29.914Z","stage":"QID","conaonicalName":"Willeumys argosorus","qid":null,"message":"NO_QID_FOUND_AFTER_ALL_ATTEMPTS","extra":null}
{"ts":"2026-02-04T14:02:31.043Z","stage":"QID","conaonicalName":"Akodon kermacki","qid":null,"message":"NO_QID_FOUND_AFTER_ALL_ATTEMPTS","extra":null}
{"ts":"2026-02-04T14:02:32.180Z","stage":"QID","conaonicalName":"Oecomys awyantepui","qid":null,"message":"NO_QID_FOUND_AFTER_ALL_ATTEMPTS","extra":null}
{"ts":"2026-02-04T14:02:32.270Z","stage":"QID","conaonicalName":"Necromys bonapartei","qid":null,"message":"NO_QID_FOUND_AFTER_ALL_ATTEMPTS","extra":null}
{"ts":"2026-02-04T14:02:32.271Z","stage":"QID","conaonicalName":"Auliscomys fuscus","qid":null,"message":"NO_QID_FOUND_AFTER_ALL_ATTEMPTS","extra":null}
{"ts":"2026-02-04T14:02:34.630Z","stage":"QID","conaonicalName":"Ellobius barbarus","qid":null,"message":"NO_QID_FOUND_AFTER_ALL_ATTEMPTS","extra":null}
{"ts":"2026-02-04T14:02:35.855Z","stage":"QID","conaonicalName":"Rhidomys venustus","qid":null,"message":"NO_QID_FOUND_AFTER_ALL_ATTEMPTS","extra":null}
{"ts":"2026-02-04T14:02:35.855Z","stage":"QID","conaonicalName":"Rhipidomys albujari","qid":null,"message":"NO_QID_FOUND_AFTER_ALL_ATTEMPTS","extra":null}
{"ts":"2026-02-04T14:02:35.856Z","stage":"QID","conaonicalName":"Oxymycterus dosytrichos","qid":null,"message":"NO_QID_FOUND_AFTER_ALL_ATTEMPTS","extra":null}
{"ts":"2026-02-04T14:02:37.004Z","stage":"QID","conaonicalName":"Thomasomys cinererventer","qid":null,"message":"NO_QID_FOUND_AFTER_ALL_ATTEMPTS","extra":null}
{"ts":"2026-02-04T14:02:37.084Z","stage":"QID","conaonicalName":"Mesocricetus brandii","qid":null,"message":"NO_QID_FOUND_AFTER_ALL_ATTEMPTS","extra":null}
{"ts":"2026-02-04T14:02:38.245Z","stage":"QID","conaonicalName":"Alticola strelzouvi","qid":null,"message":"NO_QID_FOUND_AFTER_ALL_ATTEMPTS","extra":null}
{"ts":"2026-02-04T14:02:45.070Z","stage":"QID","conaonicalName":"Peromyscus spec","qid":null,"message":"NO_QID_FOUND_AFTER_ALL_ATTEMPTS","extra":null}
{"ts":"2026-02-04T14:02:45.070Z","stage":"QID","conaonicalName":"Oligoryzomys macrotis","qid":null,"message":"NO_QID_FOUND_AFTER_ALL_ATTEMPTS","extra":null}
{"ts":"2026-02-04T14:02:45.376Z","stage":"QID","conaonicalName":"Dinaromys bogdanouvi","qid":null,"message":"NO_QID_FOUND_AFTER_ALL_ATTEMPTS","extra":null}
{"ts":"2026-02-04T14:02:45.377Z","stage":"QID","conaonicalName":"Mesocricetus radder","qid":null,"message":"NO_QID_FOUND_AFTER_ALL_ATTEMPTS","extra":null}
{"ts":"2026-02-04T14:02:45.995Z","stage":"QID","conaonicalName":"Myodes macrotis","qid":null,"message":"NO_QID_FOUND_AFTER_ALL_ATTEMPTS","extra":null}
{"ts":"2026-02-04T14:02:47.203Z","stage":"QID","conaonicalName":"Rhinocerodon spec","qid":null,"message":"NO_QID_FOUND_AFTER_ALL_ATTEMPTS","extra":null}
{"ts":"2026-02-04T14:02:48.451Z","stage":"QID","conaonicalName":"Anotomys trichotis","qid":null,"message":"NO_QID_FOUND_AFTER_ALL_ATTEMPTS","extra":null}
{"ts":"2026-02-04T14:02:49.579Z","stage":"QID","conaonicalName":"Neototna angustapalata","qid":null,"message":"NO_QID_FOUND_AFTER_ALL_ATTEMPTS","extra":null}
{"ts":"2026-02-04T14:02:49.678Z","stage":"QID","conaonicalName":"Oryzomys caudatus","qid":null,"message":"NO_QID_FOUND_AFTER_ALL_ATTEMPTS","extra":null}
{"ts":"2026-02-04T14:02:50.807Z","stage":"QID","conaonicalName":"Oryzomys chaparensis","qid":null,"message":"NO_QID_FOUND_AFTER_ALL_ATTEMPTS","extra":null}
{"ts":"2026-02-04T14:02:51.977Z","stage":"QID","conaonicalName":"Tobienia fejfari","qid":null,"message":"NO_QID_FOUND_AFTER_ALL_ATTEMPTS","extra":null}
{"ts":"2026-02-04T14:02:52.034Z","stage":"QID","conaonicalName":"Zygodontomys borreroi","qid":null,"message":"NO_QID_FOUND_AFTER_ALL_ATTEMPTS","extra":null}
{"ts":"2026-02-04T14:02:52.238Z","stage":"QID","conaonicalName":"Microtus californiens","qid":null,"message":"NO_QID_FOUND_AFTER_ALL_ATTEMPTS","extra":null}
{"ts":"2026-02-04T14:02:52.238Z","stage":"QID","conaonicalName":"Akodon markhanti","qid":null,"message":"NO_QID_FOUND_AFTER_ALL_ATTEMPTS","extra":null}
{"ts":"2026-02-04T14:02:53.175Z","stage":"QID","conaonicalName":"Oryzomys aurillus","qid":null,"message":"NO_QID_FOUND_AFTER_ALL_ATTEMPTS","extra":null}
{"ts":"2026-02-04T14:02:54.389Z","stage":"QID","conaonicalName":"Oryzomys melanostoma","qid":null,"message":"NO_QID_FOUND_AFTER_ALL_ATTEMPTS","extra":null}
{"ts":"2026-02-04T14:02:54.390Z","stage":"QID","conaonicalName":"Reithrodontomys mexicanas","qid":null,"message":"NO_QID_FOUND_AFTER_ALL_ATTEMPTS","extra":null}
{"ts":"2026-02-04T14:02:54.491Z","stage":"QID","conaonicalName":"Caecocricetodon yani","qid":null,"message":"NO_QID_FOUND_AFTER_ALL_ATTEMPTS","extra":null}
{"ts":"2026-02-04T14:02:55.619Z","stage":"QID","conaonicalName":"Phaenomys ferruginous","qid":null,"message":"NO_QID_FOUND_AFTER_ALL_ATTEMPTS","extra":null}
{"ts":"2026-02-04T14:02:56.766Z","stage":"QID","conaonicalName":"Oryzomys rivularis","qid":null,"message":"NO_QID_FOUND_AFTER_ALL_ATTEMPTS","extra":null}
{"ts":"2026-02-04T14:02:56.775Z","stage":"QID","conaonicalName":"Oryzomys munchiquensis","qid":null,"message":"NO_QID_FOUND_AFTER_ALL_ATTEMPTS","extra":null}
{"ts":"2026-02-04T14:02:56.849Z","stage":"QID","conaonicalName":"Neototna albigula","qid":null,"message":"NO_QID_FOUND_AFTER_ALL_ATTEMPTS","extra":null}
{"ts":"2026-02-04T14:02:57.974Z","stage":"QID","conaonicalName":"Neusticomys mussai","qid":null,"message":"NO_QID_FOUND_AFTER_ALL_ATTEMPTS","extra":null}
{"ts":"2026-02-04T14:02:58.075Z","stage":"QID","conaonicalName":"Lemmus schisticolor","qid":null,"message":"NO_QID_FOUND_AFTER_ALL_ATTEMPTS","extra":null}
{"ts":"2026-02-04T14:02:59.227Z","stage":"QID","conaonicalName":"Akodon llanoi","qid":null,"message":"NO_QID_FOUND_AFTER_ALL_ATTEMPTS","extra":null}
{"ts":"2026-02-04T14:03:05.244Z","stage":"QID","conaonicalName":"Rhipidomys sclateri","qid":null,"message":"NO_QID_FOUND_AFTER_ALL_ATTEMPTS","extra":null}
{"ts":"2026-02-04T14:03:06.065Z","stage":"QID","conaonicalName":"Oryzomys villosus","qid":null,"message":"NO_QID_FOUND_AFTER_ALL_ATTEMPTS","extra":null}
{"ts":"2026-02-04T14:03:06.371Z","stage":"QID","conaonicalName":"Nelsonia neototnodon","qid":null,"message":"NO_QID_FOUND_AFTER_ALL_ATTEMPTS","extra":null}
{"ts":"2026-02-04T14:03:06.677Z","stage":"QID","conaonicalName":"Neototna anthonyi","qid":null,"message":"NO_QID_FOUND_AFTER_ALL_ATTEMPTS","extra":null}
{"ts":"2026-02-04T14:03:07.275Z","stage":"QID","conaonicalName":"Lophiomys spec","qid":null,"message":"NO_QID_FOUND_AFTER_ALL_ATTEMPTS","extra":null}
{"ts":"2026-02-04T14:03:07.275Z","stage":"QID","conaonicalName":"Eucelophorus zaratei","qid":null,"message":"NO_QID_FOUND_AFTER_ALL_ATTEMPTS","extra":null}
{"ts":"2026-02-04T14:03:07.276Z","stage":"QID","conaonicalName":"Ctenomys priscus","qid":null,"message":"NO_QID_FOUND_AFTER_ALL_ATTEMPTS","extra":null}
{"ts":"2026-02-04T14:03:08.523Z","stage":"QID","conaonicalName":"Ctenomys rusconii","qid":null,"message":"NO_QID_FOUND_AFTER_ALL_ATTEMPTS","extra":null}
{"ts":"2026-02-04T14:03:09.649Z","stage":"QID","conaonicalName":"Lamugaulus olkhonensis","qid":null,"message":"NO_QID_FOUND_AFTER_ALL_ATTEMPTS","extra":null}
{"ts":"2026-02-04T14:03:09.698Z","stage":"QID","conaonicalName":"Ctenomys taiarum","qid":null,"message":"NO_QID_FOUND_AFTER_ALL_ATTEMPTS","extra":null}
{"ts":"2026-02-04T14:03:10.968Z","stage":"QID","conaonicalName":"Tschalimys ckhikvadzei","qid":null,"message":"NO_QID_FOUND_AFTER_ALL_ATTEMPTS","extra":null}
{"ts":"2026-02-04T14:03:10.968Z","stage":"QID","conaonicalName":"Ceratogaulus cornutasagma","qid":null,"message":"NO_QID_FOUND_AFTER_ALL_ATTEMPTS","extra":null}
{"ts":"2026-02-04T14:03:10.968Z","stage":"QID","conaonicalName":"Alezichnos chelecharatos","qid":null,"message":"NO_QID_FOUND_AFTER_ALL_ATTEMPTS","extra":null}
{"ts":"2026-02-04T14:03:10.969Z","stage":"QID","conaonicalName":"Keramidomys ermannorum","qid":null,"message":"NO_QID_FOUND_AFTER_ALL_ATTEMPTS","extra":null}
{"ts":"2026-02-04T14:03:11.306Z","stage":"QID","conaonicalName":"Tillomys spec","qid":null,"message":"NO_QID_FOUND_AFTER_ALL_ATTEMPTS","extra":null}
{"ts":"2026-02-04T14:03:12.053Z","stage":"QID","conaonicalName":"Symplokeomys zaysanicus","qid":null,"message":"NO_QID_FOUND_AFTER_ALL_ATTEMPTS","extra":null}
{"ts":"2026-02-04T14:03:12.105Z","stage":"QID","conaonicalName":"Qatranimys safroutus","qid":null,"message":"NO_QID_FOUND_AFTER_ALL_ATTEMPTS","extra":null}
{"ts":"2026-02-04T14:03:16.919Z","stage":"QID","conaonicalName":"Mesocnus torrei","qid":null,"message":"NO_QID_FOUND_AFTER_ALL_ATTEMPTS","extra":null}
{"ts":"2026-02-04T14:03:16.919Z","stage":"QID","conaonicalName":"Megalonyx mathisi","qid":null,"message":"NO_QID_FOUND_AFTER_ALL_ATTEMPTS","extra":null}
{"ts":"2026-02-04T14:03:17.034Z","stage":"QID","conaonicalName":"Megalonyx curvidens","qid":null,"message":"NO_QID_FOUND_AFTER_ALL_ATTEMPTS","extra":null}
{"ts":"2026-02-04T14:03:23.081Z","stage":"QID","conaonicalName":"Mesocnus browni","qid":null,"message":"NO_QID_FOUND_AFTER_ALL_ATTEMPTS","extra":null}
{"ts":"2026-02-04T14:03:23.986Z","stage":"QID","conaonicalName":"Microcnus gliriformis","qid":null,"message":"NO_QID_FOUND_AFTER_ALL_ATTEMPTS","extra":null}
{"ts":"2026-02-04T14:03:24.202Z","stage":"QID","conaonicalName":"Mecorhinus primus","qid":null,"message":"NO_QID_FOUND_AFTER_ALL_ATTEMPTS","extra":null}
{"ts":"2026-02-04T14:03:24.207Z","stage":"QID","conaonicalName":"Pliomorphus robustus","qid":null,"message":"NO_QID_FOUND_AFTER_ALL_ATTEMPTS","extra":null}
{"ts":"2026-02-04T14:03:24.216Z","stage":"QID","conaonicalName":"Paraplanops oblongus","qid":null,"message":"NO_QID_FOUND_AFTER_ALL_ATTEMPTS","extra":null}
{"ts":"2026-02-04T14:03:24.220Z","stage":"QID","conaonicalName":"Protomegalonyx chasicoensis","qid":null,"message":"NO_QID_FOUND_AFTER_ALL_ATTEMPTS","extra":null}
{"ts":"2026-02-04T14:03:25.218Z","stage":"QID","conaonicalName":"Megalonychops primigenius","qid":null,"message":"NO_QID_FOUND_AFTER_ALL_ATTEMPTS","extra":null}
{"ts":"2026-02-04T14:03:25.218Z","stage":"QID","conaonicalName":"Ortotherium laticurvatum","qid":null,"message":"NO_QID_FOUND_AFTER_ALL_ATTEMPTS","extra":null}
{"ts":"2026-02-04T14:03:26.366Z","stage":"QID","conaonicalName":"Torcellia paranense","qid":null,"message":"NO_QID_FOUND_AFTER_ALL_ATTEMPTS","extra":null}
{"ts":"2026-02-04T14:03:26.367Z","stage":"QID","conaonicalName":"Pliomorphus mutilatus","qid":null,"message":"NO_QID_FOUND_AFTER_ALL_ATTEMPTS","extra":null}
{"ts":"2026-02-04T14:03:26.370Z","stage":"QID","conaonicalName":"Eucholoeops fronto","qid":null,"message":"NO_QID_FOUND_AFTER_ALL_ATTEMPTS","extra":null}
{"ts":"2026-02-04T14:03:26.375Z","stage":"QID","conaonicalName":"Choloepus agustinus","qid":null,"message":"NO_QID_FOUND_AFTER_ALL_ATTEMPTS","extra":null}
{"ts":"2026-02-04T14:03:26.445Z","stage":"QID","conaonicalName":"Uranokyrtus bombifrons","qid":null,"message":"NO_QID_FOUND_AFTER_ALL_ATTEMPTS","extra":null}
{"ts":"2026-02-04T14:03:27.578Z","stage":"QID","conaonicalName":"Eucholaeops titan","qid":null,"message":"NO_QID_FOUND_AFTER_ALL_ATTEMPTS","extra":null}
{"ts":"2026-02-04T14:03:28.800Z","stage":"QID","conaonicalName":"Protomegalonyx praecursor","qid":null,"message":"NO_QID_FOUND_AFTER_ALL_ATTEMPTS","extra":null}
{"ts":"2026-02-04T14:03:28.800Z","stage":"QID","conaonicalName":"Protomegalonyx doellojuradoi","qid":null,"message":"NO_QID_FOUND_AFTER_ALL_ATTEMPTS","extra":null}
{"ts":"2026-02-04T14:03:28.800Z","stage":"QID","conaonicalName":"Megalonyx bucklandi","qid":null,"message":"NO_QID_FOUND_AFTER_ALL_ATTEMPTS","extra":null}
{"ts":"2026-02-04T14:03:28.800Z","stage":"QID","conaonicalName":"Trematherium nanum","qid":null,"message":"NO_QID_FOUND_AFTER_ALL_ATTEMPTS","extra":null}
{"ts":"2026-02-04T14:03:28.800Z","stage":"QID","conaonicalName":"Amphiocnus paranense","qid":null,"message":"NO_QID_FOUND_AFTER_ALL_ATTEMPTS","extra":null}
{"ts":"2026-02-04T14:03:28.800Z","stage":"QID","conaonicalName":"Eucholoeops ingens","qid":null,"message":"NO_QID_FOUND_AFTER_ALL_ATTEMPTS","extra":null}
{"ts":"2026-02-04T14:03:30.029Z","stage":"QID","conaonicalName":"Paulocnus petrifactus","qid":null,"message":"NO_QID_FOUND_AFTER_ALL_ATTEMPTS","extra":null}
{"ts":"2026-02-04T14:03:30.030Z","stage":"QID","conaonicalName":"Ortotherium robustum","qid":null,"message":"NO_QID_FOUND_AFTER_ALL_ATTEMPTS","extra":null}
{"ts":"2026-02-04T14:03:31.177Z","stage":"QID","conaonicalName":"Diodomus copei","qid":null,"message":"NO_QID_FOUND_AFTER_ALL_ATTEMPTS","extra":null}
{"ts":"2026-02-04T14:03:31.183Z","stage":"QID","conaonicalName":"Eucholoeops litoralis","qid":null,"message":"NO_QID_FOUND_AFTER_ALL_ATTEMPTS","extra":null}
{"ts":"2026-02-04T14:03:31.183Z","stage":"QID","conaonicalName":"Metopotherium splendens","qid":null,"message":"NO_QID_FOUND_AFTER_ALL_ATTEMPTS","extra":null}
{"ts":"2026-02-04T14:03:31.259Z","stage":"QID","conaonicalName":"Paranabradys vucetichae","qid":null,"message":"NO_QID_FOUND_AFTER_ALL_ATTEMPTS","extra":null}
{"ts":"2026-02-04T14:03:32.382Z","stage":"QID","conaonicalName":"Neocnus toupiti","qid":null,"message":"NO_QID_FOUND_AFTER_ALL_ATTEMPTS","extra":null}
{"ts":"2026-02-04T14:03:32.386Z","stage":"QID","conaonicalName":"Morotherium gigas","qid":null,"message":"NO_QID_FOUND_AFTER_ALL_ATTEMPTS","extra":null}
{"ts":"2026-02-04T14:03:32.387Z","stage":"QID","conaonicalName":"Acratocnus comes","qid":null,"message":"NO_QID_FOUND_AFTER_ALL_ATTEMPTS","extra":null}
{"ts":"2026-02-04T14:03:32.389Z","stage":"QID","conaonicalName":"Megalonychotherium atavus","qid":null,"message":"NO_QID_FOUND_AFTER_ALL_ATTEMPTS","extra":null}
{"ts":"2026-02-04T14:03:33.614Z","stage":"QID","conaonicalName":"Morotherium leptonyx","qid":null,"message":"NO_QID_FOUND_AFTER_ALL_ATTEMPTS","extra":null}
{"ts":"2026-02-04T14:03:34.842Z","stage":"QID","conaonicalName":"Megalonyx validus","qid":null,"message":"NO_QID_FOUND_AFTER_ALL_ATTEMPTS","extra":null}
{"ts":"2026-02-04T14:03:34.842Z","stage":"QID","conaonicalName":"Megatherium jeffersonii","qid":null,"message":"NO_QID_FOUND_AFTER_ALL_ATTEMPTS","extra":null}
{"ts":"2026-02-04T14:03:34.949Z","stage":"QID","conaonicalName":"Zacatzontli tecolotlanensis","qid":null,"message":"NO_QID_FOUND_AFTER_ALL_ATTEMPTS","extra":null}
{"ts":"2026-02-04T14:03:35.044Z","stage":"QID","conaonicalName":"Acratocnus odontrigonus","qid":null,"message":"NO_QID_FOUND_AFTER_ALL_ATTEMPTS","extra":null}
{"ts":"2026-02-04T14:03:35.981Z","stage":"QID","conaonicalName":"Neocnus major","qid":null,"message":"NO_QID_FOUND_AFTER_ALL_ATTEMPTS","extra":null}
{"ts":"2026-02-04T14:03:37.195Z","stage":"QID","conaonicalName":"Eucholoeops titans","qid":null,"message":"NO_QID_FOUND_AFTER_ALL_ATTEMPTS","extra":null}
{"ts":"2026-02-04T14:03:37.201Z","stage":"QID","conaonicalName":"Megalonyx cuvieri","qid":null,"message":"NO_QID_FOUND_AFTER_ALL_ATTEMPTS","extra":null}
{"ts":"2026-02-04T14:03:37.201Z","stage":"QID","conaonicalName":"Menilaus berroi","qid":null,"message":"NO_QID_FOUND_AFTER_ALL_ATTEMPTS","extra":null}
{"ts":"2026-02-04T14:03:38.425Z","stage":"QID","conaonicalName":"Deseadognathus riggsi","qid":null,"message":"NO_QID_FOUND_AFTER_ALL_ATTEMPTS","extra":null}
{"ts":"2026-02-04T14:03:38.425Z","stage":"QID","conaonicalName":"Zacatzontli cotobrusensis","qid":null,"message":"NO_QID_FOUND_AFTER_ALL_ATTEMPTS","extra":null}
{"ts":"2026-02-04T14:03:38.425Z","stage":"QID","conaonicalName":"Parocnus dominicanus","qid":null,"message":"NO_QID_FOUND_AFTER_ALL_ATTEMPTS","extra":null}
{"ts":"2026-02-04T14:03:48.767Z","stage":"QID","conaonicalName":"Neotamandua greslebini","qid":null,"message":"NO_QID_FOUND_AFTER_ALL_ATTEMPTS","extra":null}
{"ts":"2026-02-04T14:03:48.767Z","stage":"QID","conaonicalName":"Nunezia caroloameghinoi","qid":null,"message":"NO_QID_FOUND_AFTER_ALL_ATTEMPTS","extra":null}
{"ts":"2026-02-04T14:03:48.768Z","stage":"QID","conaonicalName":"Adiastaltus procerus","qid":null,"message":"NO_QID_FOUND_AFTER_ALL_ATTEMPTS","extra":null}
{"ts":"2026-02-04T14:03:48.768Z","stage":"QID","conaonicalName":"Neotamandua australis","qid":null,"message":"NO_QID_FOUND_AFTER_ALL_ATTEMPTS","extra":null}
{"ts":"2026-02-04T14:03:50.823Z","stage":"QID","conaonicalName":"Proprepotherium deseadense","qid":null,"message":"NO_QID_FOUND_AFTER_ALL_ATTEMPTS","extra":null}
{"ts":"2026-02-04T14:03:50.828Z","stage":"QID","conaonicalName":"Hapalops crassignathus","qid":null,"message":"NO_QID_FOUND_AFTER_ALL_ATTEMPTS","extra":null}
{"ts":"2026-02-04T14:03:50.828Z","stage":"QID","conaonicalName":"Hapalops crassidens","qid":null,"message":"NO_QID_FOUND_AFTER_ALL_ATTEMPTS","extra":null}
{"ts":"2026-02-04T14:03:50.850Z","stage":"QID","conaonicalName":"Hyperleptus garzonianus","qid":null,"message":"NO_QID_FOUND_AFTER_ALL_ATTEMPTS","extra":null}
{"ts":"2026-02-04T14:03:51.030Z","stage":"QID","conaonicalName":"Proscelidodon patrius","qid":null,"message":"NO_QID_FOUND_AFTER_ALL_ATTEMPTS","extra":null}
{"ts":"2026-02-04T14:03:52.044Z","stage":"QID","conaonicalName":"Hapalops brachycephalus","qid":null,"message":"NO_QID_FOUND_AFTER_ALL_ATTEMPTS","extra":null}
{"ts":"2026-02-04T14:03:52.045Z","stage":"QID","conaonicalName":"Hapalops elongatus","qid":null,"message":"NO_QID_FOUND_AFTER_ALL_ATTEMPTS","extra":null}
{"ts":"2026-02-04T14:03:53.274Z","stage":"QID","conaonicalName":"Hapaloides ponderosus","qid":null,"message":"NO_QID_FOUND_AFTER_ALL_ATTEMPTS","extra":null}
{"ts":"2026-02-04T14:03:53.274Z","stage":"QID","conaonicalName":"Eomegatherium nanum","qid":null,"message":"NO_QID_FOUND_AFTER_ALL_ATTEMPTS","extra":null}
{"ts":"2026-02-04T14:03:53.274Z","stage":"QID","conaonicalName":"Pelecyodon arcuatus","qid":null,"message":"NO_QID_FOUND_AFTER_ALL_ATTEMPTS","extra":null}
{"ts":"2026-02-04T14:03:53.288Z","stage":"QID","conaonicalName":"Hapalops depressipalatus","qid":null,"message":"NO_QID_FOUND_AFTER_ALL_ATTEMPTS","extra":null}
{"ts":"2026-02-04T14:03:54.432Z","stage":"QID","conaonicalName":"Interodon crassidens","qid":null,"message":"NO_QID_FOUND_AFTER_ALL_ATTEMPTS","extra":null}
{"ts":"2026-02-04T14:03:54.911Z","stage":"QID","conaonicalName":"Schismotherium fractum","qid":null,"message":"NO_QID_FOUND_AFTER_ALL_ATTEMPTS","extra":null}
{"ts":"2026-02-04T14:03:55.732Z","stage":"QID","conaonicalName":"Megatherium tarijense","qid":null,"message":"NO_QID_FOUND_AFTER_ALL_ATTEMPTS","extra":null}
{"ts":"2026-02-04T14:03:55.732Z","stage":"QID","conaonicalName":"Analcimorphus inversus","qid":null,"message":"NO_QID_FOUND_AFTER_ALL_ATTEMPTS","extra":null}
{"ts":"2026-02-04T14:03:55.732Z","stage":"QID","conaonicalName":"Hyperleptus sectus","qid":null,"message":"NO_QID_FOUND_AFTER_ALL_ATTEMPTS","extra":null}
{"ts":"2026-02-04T14:04:01.686Z","stage":"QID","conaonicalName":"Hapalops indifferens","qid":null,"message":"NO_QID_FOUND_AFTER_ALL_ATTEMPTS","extra":null}
{"ts":"2026-02-04T14:04:02.595Z","stage":"QID","conaonicalName":"Ocnopus gracilis","qid":null,"message":"NO_QID_FOUND_AFTER_ALL_ATTEMPTS","extra":null}
{"ts":"2026-02-04T14:04:02.805Z","stage":"QID","conaonicalName":"Pyramiodontherium scillatoyanei","qid":null,"message":"NO_QID_FOUND_AFTER_ALL_ATTEMPTS","extra":null}
{"ts":"2026-02-04T14:04:02.811Z","stage":"QID","conaonicalName":"Promegatherium smaltatum","qid":null,"message":"NO_QID_FOUND_AFTER_ALL_ATTEMPTS","extra":null}
{"ts":"2026-02-04T14:04:02.814Z","stage":"QID","conaonicalName":"Hapalops diverssidens","qid":null,"message":"NO_QID_FOUND_AFTER_ALL_ATTEMPTS","extra":null}
{"ts":"2026-02-04T14:04:02.900Z","stage":"QID","conaonicalName":"Pelecyodon maximus","qid":null,"message":"NO_QID_FOUND_AFTER_ALL_ATTEMPTS","extra":null}
{"ts":"2026-02-04T14:04:03.746Z","stage":"QID","conaonicalName":"Hapaloides ignavus","qid":null,"message":"NO_QID_FOUND_AFTER_ALL_ATTEMPTS","extra":null}
{"ts":"2026-02-04T14:04:03.756Z","stage":"QID","conaonicalName":"Planops obesus","qid":null,"message":"NO_QID_FOUND_AFTER_ALL_ATTEMPTS","extra":null}
{"ts":"2026-02-04T14:04:04.935Z","stage":"QID","conaonicalName":"Hapalops angustipalatus","qid":null,"message":"NO_QID_FOUND_AFTER_ALL_ATTEMPTS","extra":null}
{"ts":"2026-02-04T14:04:04.952Z","stage":"QID","conaonicalName":"Hapalops minutus","qid":null,"message":"NO_QID_FOUND_AFTER_ALL_ATTEMPTS","extra":null}
{"ts":"2026-02-04T14:04:04.952Z","stage":"QID","conaonicalName":"Hapalops cilindricus","qid":null,"message":"NO_QID_FOUND_AFTER_ALL_ATTEMPTS","extra":null}
{"ts":"2026-02-04T14:04:05.052Z","stage":"QID","conaonicalName":"Hapalops gracilidens","qid":null,"message":"NO_QID_FOUND_AFTER_ALL_ATTEMPTS","extra":null}
{"ts":"2026-02-04T14:04:05.052Z","stage":"QID","conaonicalName":"Urumaquia robusta","qid":null,"message":"NO_QID_FOUND_AFTER_ALL_ATTEMPTS","extra":null}
{"ts":"2026-02-04T14:04:06.179Z","stage":"QID","conaonicalName":"Megatherium gallardoi","qid":null,"message":"NO_QID_FOUND_AFTER_ALL_ATTEMPTS","extra":null}
{"ts":"2026-02-04T14:04:07.408Z","stage":"QID","conaonicalName":"Hapalops testudinatus","qid":null,"message":"NO_QID_FOUND_AFTER_ALL_ATTEMPTS","extra":null}
{"ts":"2026-02-04T14:04:07.408Z","stage":"QID","conaonicalName":"Prepotheriops megatheroides","qid":null,"message":"NO_QID_FOUND_AFTER_ALL_ATTEMPTS","extra":null}
{"ts":"2026-02-04T14:04:07.408Z","stage":"QID","conaonicalName":"Planops longirostratus","qid":null,"message":"NO_QID_FOUND_AFTER_ALL_ATTEMPTS","extra":null}
{"ts":"2026-02-04T14:04:07.408Z","stage":"QID","conaonicalName":"Hapalops robustus","qid":null,"message":"NO_QID_FOUND_AFTER_ALL_ATTEMPTS","extra":null}
{"ts":"2026-02-04T14:04:07.408Z","stage":"QID","conaonicalName":"Pelecyodon petraeus","qid":null,"message":"NO_QID_FOUND_AFTER_ALL_ATTEMPTS","extra":null}
{"ts":"2026-02-04T14:04:09.761Z","stage":"QID","conaonicalName":"Analcimorphus giganteus","qid":null,"message":"NO_QID_FOUND_AFTER_ALL_ATTEMPTS","extra":null}
{"ts":"2026-02-04T14:04:09.766Z","stage":"QID","conaonicalName":"Zamicrus admirabilis","qid":null,"message":"NO_QID_FOUND_AFTER_ALL_ATTEMPTS","extra":null}
{"ts":"2026-02-04T14:04:09.767Z","stage":"QID","conaonicalName":"Megatherium rusconii","qid":null,"message":"NO_QID_FOUND_AFTER_ALL_ATTEMPTS","extra":null}
{"ts":"2026-02-04T14:04:09.767Z","stage":"QID","conaonicalName":"Hapalops antistis","qid":null,"message":"NO_QID_FOUND_AFTER_ALL_ATTEMPTS","extra":null}
{"ts":"2026-02-04T14:04:09.772Z","stage":"QID","conaonicalName":"Hapalops rutimeyeri","qid":null,"message":"NO_QID_FOUND_AFTER_ALL_ATTEMPTS","extra":null}
{"ts":"2026-02-04T14:04:09.778Z","stage":"QID","conaonicalName":"Hapalops longipalatus","qid":null,"message":"NO_QID_FOUND_AFTER_ALL_ATTEMPTS","extra":null}
{"ts":"2026-02-04T14:04:10.124Z","stage":"QID","conaonicalName":"Hapalops brevipalatus","qid":null,"message":"NO_QID_FOUND_AFTER_ALL_ATTEMPTS","extra":null}
{"ts":"2026-02-04T14:04:11.094Z","stage":"QID","conaonicalName":"Pelecyodon robustus","qid":null,"message":"NO_QID_FOUND_AFTER_ALL_ATTEMPTS","extra":null}
{"ts":"2026-02-04T14:04:12.222Z","stage":"QID","conaonicalName":"Hapalops ponderosus","qid":null,"message":"NO_QID_FOUND_AFTER_ALL_ATTEMPTS","extra":null}
{"ts":"2026-02-04T14:04:12.222Z","stage":"QID","conaonicalName":"Hapalops platycephalus","qid":null,"message":"NO_QID_FOUND_AFTER_ALL_ATTEMPTS","extra":null}
{"ts":"2026-02-04T14:04:12.222Z","stage":"QID","conaonicalName":"Hapaloides laeviusculus","qid":null,"message":"NO_QID_FOUND_AFTER_ALL_ATTEMPTS","extra":null}
{"ts":"2026-02-04T14:04:12.222Z","stage":"QID","conaonicalName":"Planops magnus","qid":null,"message":"NO_QID_FOUND_AFTER_ALL_ATTEMPTS","extra":null}
{"ts":"2026-02-04T14:04:13.451Z","stage":"QID","conaonicalName":"Schaubia elenensis","qid":null,"message":"NO_QID_FOUND_AFTER_ALL_ATTEMPTS","extra":null}
{"ts":"2026-02-04T14:04:13.451Z","stage":"QID","conaonicalName":"Neoracanthus brackebuschianus","qid":null,"message":"NO_QID_FOUND_AFTER_ALL_ATTEMPTS","extra":null}
{"ts":"2026-02-04T14:04:14.575Z","stage":"QID","conaonicalName":"Hapalops rectangularis","qid":null,"message":"NO_QID_FOUND_AFTER_ALL_ATTEMPTS","extra":null}
{"ts":"2026-02-04T14:04:14.575Z","stage":"QID","conaonicalName":"Oracanthus burmeisteri","qid":null,"message":"NO_QID_FOUND_AFTER_ALL_ATTEMPTS","extra":null}
{"ts":"2026-02-04T14:04:14.575Z","stage":"QID","conaonicalName":"Eucholoeops fissognathus","qid":null,"message":"NO_QID_FOUND_AFTER_ALL_ATTEMPTS","extra":null}
{"ts":"2026-02-04T14:04:14.576Z","stage":"QID","conaonicalName":"Hapalops congermanus","qid":null,"message":"NO_QID_FOUND_AFTER_ALL_ATTEMPTS","extra":null}
{"ts":"2026-02-04T14:04:14.579Z","stage":"QID","conaonicalName":"Eucholoeops adteger","qid":null,"message":"NO_QID_FOUND_AFTER_ALL_ATTEMPTS","extra":null}
{"ts":"2026-02-04T14:04:15.805Z","stage":"QID","conaonicalName":"Megatheridium annectens","qid":null,"message":"NO_QID_FOUND_AFTER_ALL_ATTEMPTS","extra":null}
{"ts":"2026-02-04T14:04:15.805Z","stage":"QID","conaonicalName":"Hapalops grandis","qid":null,"message":"NO_QID_FOUND_AFTER_ALL_ATTEMPTS","extra":null}
{"ts":"2026-02-04T14:04:15.819Z","stage":"QID","conaonicalName":"Proscelidodon rothi","qid":null,"message":"NO_QID_FOUND_AFTER_ALL_ATTEMPTS","extra":null}
{"ts":"2026-02-04T14:04:17.034Z","stage":"QID","conaonicalName":"Pelecyodon bombifrons","qid":null,"message":"NO_QID_FOUND_AFTER_ALL_ATTEMPTS","extra":null}
{"ts":"2026-02-04T14:04:17.034Z","stage":"QID","conaonicalName":"Hapalops infernalis","qid":null,"message":"NO_QID_FOUND_AFTER_ALL_ATTEMPTS","extra":null}
{"ts":"2026-02-04T14:04:17.034Z","stage":"QID","conaonicalName":"Pyramiodontherium bergi","qid":null,"message":"NO_QID_FOUND_AFTER_ALL_ATTEMPTS","extra":null}
{"ts":"2026-02-04T14:04:17.034Z","stage":"QID","conaonicalName":"Hapalops hyperleptus","qid":null,"message":"NO_QID_FOUND_AFTER_ALL_ATTEMPTS","extra":null}
{"ts":"2026-02-04T14:04:17.034Z","stage":"QID","conaonicalName":"Hapalops forticulus","qid":null,"message":"NO_QID_FOUND_AFTER_ALL_ATTEMPTS","extra":null}
{"ts":"2026-02-04T14:04:18.196Z","stage":"QID","conaonicalName":"Schismotherium splendens","qid":null,"message":"NO_QID_FOUND_AFTER_ALL_ATTEMPTS","extra":null}
{"ts":"2026-02-04T14:04:23.089Z","stage":"QID","conaonicalName":"Megatherium lundi","qid":null,"message":"NO_QID_FOUND_AFTER_ALL_ATTEMPTS","extra":null}
{"ts":"2026-02-04T14:04:24.304Z","stage":"QID","conaonicalName":"Promegatherium andinum","qid":null,"message":"NO_QID_FOUND_AFTER_ALL_ATTEMPTS","extra":null}
{"ts":"2026-02-04T14:04:24.511Z","stage":"QID","conaonicalName":"Megatherium uquiense","qid":null,"message":"NO_QID_FOUND_AFTER_ALL_ATTEMPTS","extra":null}
{"ts":"2026-02-04T14:04:24.515Z","stage":"QID","conaonicalName":"Pyramiodontherium brevirostrum","qid":null,"message":"NO_QID_FOUND_AFTER_ALL_ATTEMPTS","extra":null}
{"ts":"2026-02-04T14:04:24.611Z","stage":"QID","conaonicalName":"Plesiomegatherium halmyronomum","qid":null,"message":"NO_QID_FOUND_AFTER_ALL_ATTEMPTS","extra":null}
{"ts":"2026-02-04T14:04:24.612Z","stage":"QID","conaonicalName":"Megatheriops rectidens","qid":null,"message":"NO_QID_FOUND_AFTER_ALL_ATTEMPTS","extra":null}
{"ts":"2026-02-04T14:04:24.612Z","stage":"QID","conaonicalName":"Megatherium istilarti","qid":null,"message":"NO_QID_FOUND_AFTER_ALL_ATTEMPTS","extra":null}
{"ts":"2026-02-04T14:04:25.503Z","stage":"QID","conaonicalName":"Eomegatherium cabrerai","qid":null,"message":"NO_QID_FOUND_AFTER_ALL_ATTEMPTS","extra":null}
{"ts":"2026-02-04T14:04:25.503Z","stage":"QID","conaonicalName":"Proscelidodon gracillimus","qid":null,"message":"NO_QID_FOUND_AFTER_ALL_ATTEMPTS","extra":null}
{"ts":"2026-02-04T14:04:25.503Z","stage":"QID","conaonicalName":"Megatherium bergi","qid":null,"message":"NO_QID_FOUND_AFTER_ALL_ATTEMPTS","extra":null}
{"ts":"2026-02-04T14:04:26.764Z","stage":"QID","conaonicalName":"Hapalops aguirrei","qid":null,"message":"NO_QID_FOUND_AFTER_ALL_ATTEMPTS","extra":null}
{"ts":"2026-02-04T14:04:26.764Z","stage":"QID","conaonicalName":"Hapalops crassissimus","qid":null,"message":"NO_QID_FOUND_AFTER_ALL_ATTEMPTS","extra":null}
{"ts":"2026-02-04T14:04:26.764Z","stage":"QID","conaonicalName":"Promegatherium cabrerai","qid":null,"message":"NO_QID_FOUND_AFTER_ALL_ATTEMPTS","extra":null}
{"ts":"2026-02-04T14:04:26.764Z","stage":"QID","conaonicalName":"Hapalops sectus","qid":null,"message":"NO_QID_FOUND_AFTER_ALL_ATTEMPTS","extra":null}
{"ts":"2026-02-04T14:04:26.764Z","stage":"QID","conaonicalName":"Hapalops latus","qid":null,"message":"NO_QID_FOUND_AFTER_ALL_ATTEMPTS","extra":null}
{"ts":"2026-02-04T14:04:26.764Z","stage":"QID","conaonicalName":"Eomegatherium andinum","qid":null,"message":"NO_QID_FOUND_AFTER_ALL_ATTEMPTS","extra":null}
{"ts":"2026-02-04T14:04:27.888Z","stage":"QID","conaonicalName":"Anisodontherium halmyronomum","qid":null,"message":"NO_QID_FOUND_AFTER_ALL_ATTEMPTS","extra":null}
{"ts":"2026-02-04T14:04:27.890Z","stage":"QID","conaonicalName":"Hapalops rectagulidens","qid":null,"message":"NO_QID_FOUND_AFTER_ALL_ATTEMPTS","extra":null}
{"ts":"2026-02-04T14:04:27.904Z","stage":"QID","conaonicalName":"Hapalops curvus","qid":null,"message":"NO_QID_FOUND_AFTER_ALL_ATTEMPTS","extra":null}
{"ts":"2026-02-04T14:04:29.120Z","stage":"QID","conaonicalName":"Pyramiodontherium carlesi","qid":null,"message":"NO_QID_FOUND_AFTER_ALL_ATTEMPTS","extra":null}
{"ts":"2026-02-04T14:04:29.120Z","stage":"QID","conaonicalName":"Hapalops cognathus","qid":null,"message":"NO_QID_FOUND_AFTER_ALL_ATTEMPTS","extra":null}
{"ts":"2026-02-04T14:04:29.120Z","stage":"QID","conaonicalName":"Schismotherium binum","qid":null,"message":"NO_QID_FOUND_AFTER_ALL_ATTEMPTS","extra":null}
{"ts":"2026-02-04T14:04:29.120Z","stage":"QID","conaonicalName":"Planops grandis","qid":null,"message":"NO_QID_FOUND_AFTER_ALL_ATTEMPTS","extra":null}
{"ts":"2026-02-04T14:04:29.120Z","stage":"QID","conaonicalName":"Plesiomegatherium hansmeyeri","qid":null,"message":"NO_QID_FOUND_AFTER_ALL_ATTEMPTS","extra":null}
{"ts":"2026-02-04T14:04:30.281Z","stage":"QID","conaonicalName":"Megatherium rectidens","qid":null,"message":"NO_QID_FOUND_AFTER_ALL_ATTEMPTS","extra":null}
{"ts":"2026-02-04T14:04:30.298Z","stage":"QID","conaonicalName":"Hapalops grandaevus","qid":null,"message":"NO_QID_FOUND_AFTER_ALL_ATTEMPTS","extra":null}
{"ts":"2026-02-04T14:04:30.346Z","stage":"QID","conaonicalName":"Hapalops rostratus","qid":null,"message":"NO_QID_FOUND_AFTER_ALL_ATTEMPTS","extra":null}
{"ts":"2026-02-04T14:04:31.479Z","stage":"QID","conaonicalName":"Hapalops primus","qid":null,"message":"NO_QID_FOUND_AFTER_ALL_ATTEMPTS","extra":null}
{"ts":"2026-02-04T14:04:31.479Z","stage":"QID","conaonicalName":"Archaeoryctes borealis","qid":null,"message":"NO_QID_FOUND_AFTER_ALL_ATTEMPTS","extra":null}
{"ts":"2026-02-04T14:04:31.577Z","stage":"QID","conaonicalName":"Hapalops australis","qid":null,"message":"NO_QID_FOUND_AFTER_ALL_ATTEMPTS","extra":null}
{"ts":"2026-02-04T14:04:31.578Z","stage":"QID","conaonicalName":"Tshotgoria shineusensis","qid":null,"message":"NO_QID_FOUND_AFTER_ALL_ATTEMPTS","extra":null}
{"ts":"2026-02-04T14:04:31.578Z","stage":"QID","conaonicalName":"Megatherium burmeisteri","qid":null,"message":"NO_QID_FOUND_AFTER_ALL_ATTEMPTS","extra":null}
{"ts":"2026-02-04T14:04:32.701Z","stage":"QID","conaonicalName":"Didymoconus colgatei","qid":null,"message":"NO_QID_FOUND_AFTER_ALL_ATTEMPTS","extra":null}
{"ts":"2026-02-04T14:04:32.701Z","stage":"QID","conaonicalName":"Didymoconus gromovae","qid":null,"message":"NO_QID_FOUND_AFTER_ALL_ATTEMPTS","extra":null}
{"ts":"2026-02-04T14:04:32.701Z","stage":"QID","conaonicalName":"Ardynictis captor","qid":null,"message":"NO_QID_FOUND_AFTER_ALL_ATTEMPTS","extra":null}
{"ts":"2026-02-04T14:04:33.933Z","stage":"QID","conaonicalName":"Archaeoryctes euryalis","qid":null,"message":"NO_QID_FOUND_AFTER_ALL_ATTEMPTS","extra":null}
{"ts":"2026-02-04T14:04:33.933Z","stage":"QID","conaonicalName":"Wanolestes lii","qid":null,"message":"NO_QID_FOUND_AFTER_ALL_ATTEMPTS","extra":null}
{"ts":"2026-02-04T14:04:33.934Z","stage":"QID","conaonicalName":"Archaeoryctes wangi","qid":null,"message":"NO_QID_FOUND_AFTER_ALL_ATTEMPTS","extra":null}
{"ts":"2026-02-04T14:04:35.086Z","stage":"QID","conaonicalName":"Jiajianictis muricatus","qid":null,"message":"NO_QID_FOUND_AFTER_ALL_ATTEMPTS","extra":null}
{"ts":"2026-02-04T14:04:35.086Z","stage":"QID","conaonicalName":"Khaichinula lupula","qid":null,"message":"NO_QID_FOUND_AFTER_ALL_ATTEMPTS","extra":null}
{"ts":"2026-02-04T14:04:35.102Z","stage":"QID","conaonicalName":"Ardynictis furunculus","qid":null,"message":"NO_QID_FOUND_AFTER_ALL_ATTEMPTS","extra":null}
{"ts":"2026-02-04T14:04:35.103Z","stage":"QID","conaonicalName":"Erlikotherium edentatum","qid":null,"message":"NO_QID_FOUND_AFTER_ALL_ATTEMPTS","extra":null}
{"ts":"2026-02-04T14:04:35.114Z","stage":"QID","conaonicalName":"Archaeoryctes notialis","qid":null,"message":"NO_QID_FOUND_AFTER_ALL_ATTEMPTS","extra":null}
{"ts":"2026-02-04T14:04:36.390Z","stage":"QID","conaonicalName":"Ardynictis zhaii","qid":null,"message":"NO_QID_FOUND_AFTER_ALL_ATTEMPTS","extra":null}
{"ts":"2026-02-04T14:04:36.391Z","stage":"QID","conaonicalName":"Scelidotherium elegans","qid":null,"message":"NO_QID_FOUND_AFTER_ALL_ATTEMPTS","extra":null}
{"ts":"2026-02-04T14:04:36.391Z","stage":"QID","conaonicalName":"Tshelkaria rostrata","qid":null,"message":"NO_QID_FOUND_AFTER_ALL_ATTEMPTS","extra":null}
{"ts":"2026-02-04T14:04:37.513Z","stage":"QID","conaonicalName":"Scelidotherium bravardi","qid":null,"message":"NO_QID_FOUND_AFTER_ALL_ATTEMPTS","extra":null}
{"ts":"2026-02-04T14:04:37.514Z","stage":"QID","conaonicalName":"Scelidotherium australis","qid":null,"message":"NO_QID_FOUND_AFTER_ALL_ATTEMPTS","extra":null}
{"ts":"2026-02-04T14:04:37.514Z","stage":"QID","conaonicalName":"Scelidotherium laevidens","qid":null,"message":"NO_QID_FOUND_AFTER_ALL_ATTEMPTS","extra":null}
{"ts":"2026-02-04T14:04:42.430Z","stage":"QID","conaonicalName":"Scelidotherium cuvieri","qid":null,"message":"NO_QID_FOUND_AFTER_ALL_ATTEMPTS","extra":null}
{"ts":"2026-02-04T14:04:43.783Z","stage":"QID","conaonicalName":"Scelidotheriops avunculus","qid":null,"message":"NO_QID_FOUND_AFTER_ALL_ATTEMPTS","extra":null}
{"ts":"2026-02-04T14:04:43.875Z","stage":"QID","conaonicalName":"Scelidotherium patrium","qid":null,"message":"NO_QID_FOUND_AFTER_ALL_ATTEMPTS","extra":null}
{"ts":"2026-02-04T14:04:43.965Z","stage":"QID","conaonicalName":"Scelidotherium tarijense","qid":null,"message":"NO_QID_FOUND_AFTER_ALL_ATTEMPTS","extra":null}
{"ts":"2026-02-04T14:04:44.817Z","stage":"QID","conaonicalName":"Stenodon modicus","qid":null,"message":"NO_QID_FOUND_AFTER_ALL_ATTEMPTS","extra":null}
{"ts":"2026-02-04T14:04:44.821Z","stage":"QID","conaonicalName":"Scelidotherium reyesi","qid":null,"message":"NO_QID_FOUND_AFTER_ALL_ATTEMPTS","extra":null}
{"ts":"2026-02-04T14:04:44.824Z","stage":"QID","conaonicalName":"Sibyllotherium guenguelianum","qid":null,"message":"NO_QID_FOUND_AFTER_ALL_ATTEMPTS","extra":null}
{"ts":"2026-02-04T14:04:46.023Z","stage":"QID","conaonicalName":"Nematherium profundatum","qid":null,"message":"NO_QID_FOUND_AFTER_ALL_ATTEMPTS","extra":null}
{"ts":"2026-02-04T14:04:46.025Z","stage":"QID","conaonicalName":"Palaeictops bridgeri","qid":null,"message":"NO_QID_FOUND_AFTER_ALL_ATTEMPTS","extra":null}
{"ts":"2026-02-04T14:04:46.038Z","stage":"QID","conaonicalName":"Leptonysson basiliscus","qid":null,"message":"NO_QID_FOUND_AFTER_ALL_ATTEMPTS","extra":null}
{"ts":"2026-02-04T14:04:47.244Z","stage":"QID","conaonicalName":"Palaeictops borealis","qid":null,"message":"NO_QID_FOUND_AFTER_ALL_ATTEMPTS","extra":null}
{"ts":"2026-02-04T14:04:47.244Z","stage":"QID","conaonicalName":"Palaeictops multicuspis","qid":null,"message":"NO_QID_FOUND_AFTER_ALL_ATTEMPTS","extra":null}
{"ts":"2026-02-04T14:04:47.244Z","stage":"QID","conaonicalName":"Prodiacodon concordiarcensis","qid":null,"message":"NO_QID_FOUND_AFTER_ALL_ATTEMPTS","extra":null}
{"ts":"2026-02-04T14:04:47.244Z","stage":"QID","conaonicalName":"Prodiacodon furor","qid":null,"message":"NO_QID_FOUND_AFTER_ALL_ATTEMPTS","extra":null}
{"ts":"2026-02-04T14:04:47.256Z","stage":"QID","conaonicalName":"Palaeictops bicuspis","qid":null,"message":"NO_QID_FOUND_AFTER_ALL_ATTEMPTS","extra":null}
{"ts":"2026-02-04T14:04:48.478Z","stage":"QID","conaonicalName":"Leptictis wilsoni","qid":null,"message":"NO_QID_FOUND_AFTER_ALL_ATTEMPTS","extra":null}
{"ts":"2026-02-04T14:04:48.478Z","stage":"QID","conaonicalName":"Prodiacodon crustulum","qid":null,"message":"NO_QID_FOUND_AFTER_ALL_ATTEMPTS","extra":null}
{"ts":"2026-02-04T14:04:48.478Z","stage":"QID","conaonicalName":"Leptictis douglassi","qid":null,"message":"NO_QID_FOUND_AFTER_ALL_ATTEMPTS","extra":null}
{"ts":"2026-02-04T14:04:49.620Z","stage":"QID","conaonicalName":"Myrmecoboides montanensis","qid":null,"message":"NO_QID_FOUND_AFTER_ALL_ATTEMPTS","extra":null}
{"ts":"2026-02-04T14:04:49.703Z","stage":"QID","conaonicalName":"Amphigyion straitae","qid":null,"message":"NO_QID_FOUND_AFTER_ALL_ATTEMPTS","extra":null}
{"ts":"2026-02-04T14:04:49.703Z","stage":"QID","conaonicalName":"Hypictops syntaphus","qid":null,"message":"NO_QID_FOUND_AFTER_ALL_ATTEMPTS","extra":null}
{"ts":"2026-02-04T14:04:49.703Z","stage":"QID","conaonicalName":"Blacktops longinares","qid":null,"message":"NO_QID_FOUND_AFTER_ALL_ATTEMPTS","extra":null}
{"ts":"2026-02-04T14:04:50.835Z","stage":"QID","conaonicalName":"Blacktops latidens","qid":null,"message":"NO_QID_FOUND_AFTER_ALL_ATTEMPTS","extra":null}
{"ts":"2026-02-04T14:04:50.849Z","stage":"QID","conaonicalName":"Palaeictops matthewi","qid":null,"message":"NO_QID_FOUND_AFTER_ALL_ATTEMPTS","extra":null}
{"ts":"2026-02-04T14:04:52.056Z","stage":"QID","conaonicalName":"Eoictops novaceki","qid":null,"message":"NO_QID_FOUND_AFTER_ALL_ATTEMPTS","extra":null}
{"ts":"2026-02-04T14:04:52.057Z","stage":"QID","conaonicalName":"Diacodon tauricinerei","qid":null,"message":"NO_QID_FOUND_AFTER_ALL_ATTEMPTS","extra":null}
{"ts":"2026-02-04T14:04:52.057Z","stage":"QID","conaonicalName":"Leptonysson orthius","qid":null,"message":"NO_QID_FOUND_AFTER_ALL_ATTEMPTS","extra":null}
{"ts":"2026-02-04T14:04:52.069Z","stage":"QID","conaonicalName":"Prodiacodon paucus","qid":null,"message":"NO_QID_FOUND_AFTER_ALL_ATTEMPTS","extra":null}
{"ts":"2026-02-04T14:04:53.288Z","stage":"QID","conaonicalName":"Myrmecoboides arenarius","qid":null,"message":"NO_QID_FOUND_AFTER_ALL_ATTEMPTS","extra":null}
{"ts":"2026-02-04T14:04:53.289Z","stage":"QID","conaonicalName":"Diacodon puercensis","qid":null,"message":"NO_QID_FOUND_AFTER_ALL_ATTEMPTS","extra":null}
{"ts":"2026-02-04T14:04:53.289Z","stage":"QID","conaonicalName":"Ictops dakotensis","qid":null,"message":"NO_QID_FOUND_AFTER_ALL_ATTEMPTS","extra":null}
{"ts":"2026-02-04T14:04:53.289Z","stage":"QID","conaonicalName":"Palaeictops altimontis","qid":null,"message":"NO_QID_FOUND_AFTER_ALL_ATTEMPTS","extra":null}
{"ts":"2026-02-04T14:04:53.490Z","stage":"QID","conaonicalName":"Scileptictis stenotalus","qid":null,"message":"NO_QID_FOUND_AFTER_ALL_ATTEMPTS","extra":null}
{"ts":"2026-02-04T14:04:54.437Z","stage":"QID","conaonicalName":"Ictops montanus","qid":null,"message":"NO_QID_FOUND_AFTER_ALL_ATTEMPTS","extra":null}
{"ts":"2026-02-04T14:04:54.442Z","stage":"QID","conaonicalName":"Palaeictops robustus","qid":null,"message":"NO_QID_FOUND_AFTER_ALL_ATTEMPTS","extra":null}
{"ts":"2026-02-04T14:04:54.517Z","stage":"QID","conaonicalName":"Ictops acutidens","qid":null,"message":"NO_QID_FOUND_AFTER_ALL_ATTEMPTS","extra":null}
{"ts":"2026-02-04T14:04:54.517Z","stage":"QID","conaonicalName":"Asioictops mckennai","qid":null,"message":"NO_QID_FOUND_AFTER_ALL_ATTEMPTS","extra":null}
{"ts":"2026-02-04T14:04:55.640Z","stage":"QID","conaonicalName":"Ictops thomsoni","qid":null,"message":"NO_QID_FOUND_AFTER_ALL_ATTEMPTS","extra":null}
{"ts":"2026-02-04T14:04:55.640Z","stage":"QID","conaonicalName":"Ictops bullatus","qid":null,"message":"NO_QID_FOUND_AFTER_ALL_ATTEMPTS","extra":null}
{"ts":"2026-02-04T14:04:55.641Z","stage":"QID","conaonicalName":"Scileptictis simplus","qid":null,"message":"NO_QID_FOUND_AFTER_ALL_ATTEMPTS","extra":null}
{"ts":"2026-02-04T14:04:55.654Z","stage":"QID","conaonicalName":"Mylodon martinii","qid":null,"message":"NO_QID_FOUND_AFTER_ALL_ATTEMPTS","extra":null}
{"ts":"2026-02-04T14:04:55.742Z","stage":"QID","conaonicalName":"Palaeolestes gorei","qid":null,"message":"NO_QID_FOUND_AFTER_ALL_ATTEMPTS","extra":null}
{"ts":"2026-02-04T14:04:56.869Z","stage":"QID","conaonicalName":"Kiyumylodon lecuonai","qid":null,"message":"NO_QID_FOUND_AFTER_ALL_ATTEMPTS","extra":null}
{"ts":"2026-02-04T14:05:01.849Z","stage":"QID","conaonicalName":"Lestodon garrachicii","qid":null,"message":"NO_QID_FOUND_AFTER_ALL_ATTEMPTS","extra":null}
{"ts":"2026-02-04T14:05:03.017Z","stage":"QID","conaonicalName":"Thinobadistes wetzeli","qid":null,"message":"NO_QID_FOUND_AFTER_ALL_ATTEMPTS","extra":null}
{"ts":"2026-02-04T14:05:03.220Z","stage":"QID","conaonicalName":"Lestodon antiquus","qid":null,"message":"NO_QID_FOUND_AFTER_ALL_ATTEMPTS","extra":null}
{"ts":"2026-02-04T14:05:03.220Z","stage":"QID","conaonicalName":"Prolestodon antiquus","qid":null,"message":"NO_QID_FOUND_AFTER_ALL_ATTEMPTS","extra":null}
{"ts":"2026-02-04T14:05:03.220Z","stage":"QID","conaonicalName":"Glossotherium domesticum","qid":null,"message":"NO_QID_FOUND_AFTER_ALL_ATTEMPTS","extra":null}
{"ts":"2026-02-04T14:05:03.220Z","stage":"QID","conaonicalName":"Eumylodon incertus","qid":null,"message":"NO_QID_FOUND_AFTER_ALL_ATTEMPTS","extra":null}
{"ts":"2026-02-04T14:05:03.525Z","stage":"QID","conaonicalName":"Thinobadistes segnis","qid":null,"message":"NO_QID_FOUND_AFTER_ALL_ATTEMPTS","extra":null}
{"ts":"2026-02-04T14:05:04.236Z","stage":"QID","conaonicalName":"Paroctodontotherium calleorum","qid":null,"message":"NO_QID_FOUND_AFTER_ALL_ATTEMPTS","extra":null}
{"ts":"2026-02-04T14:05:04.236Z","stage":"QID","conaonicalName":"Mylodon paranensis","qid":null,"message":"NO_QID_FOUND_AFTER_ALL_ATTEMPTS","extra":null}
{"ts":"2026-02-04T14:05:04.236Z","stage":"QID","conaonicalName":"Ranculcus scalabrinianus","qid":null,"message":"NO_QID_FOUND_AFTER_ALL_ATTEMPTS","extra":null}
{"ts":"2026-02-04T14:05:05.475Z","stage":"QID","conaonicalName":"Strabosodon obtusicavus","qid":null,"message":"NO_QID_FOUND_AFTER_ALL_ATTEMPTS","extra":null}
{"ts":"2026-02-04T14:05:05.475Z","stage":"QID","conaonicalName":"Strabosodon acuticavus","qid":null,"message":"NO_QID_FOUND_AFTER_ALL_ATTEMPTS","extra":null}
{"ts":"2026-02-04T14:05:05.475Z","stage":"QID","conaonicalName":"Glossotherium giganteum","qid":null,"message":"NO_QID_FOUND_AFTER_ALL_ATTEMPTS","extra":null}
{"ts":"2026-02-04T14:05:06.599Z","stage":"QID","conaonicalName":"Brievabradys laventensis","qid":null,"message":"NO_QID_FOUND_AFTER_ALL_ATTEMPTS","extra":null}
{"ts":"2026-02-04T14:05:06.599Z","stage":"QID","conaonicalName":"Eumylodon bonaerensis","qid":null,"message":"NO_QID_FOUND_AFTER_ALL_ATTEMPTS","extra":null}
{"ts":"2026-02-04T14:05:06.704Z","stage":"QID","conaonicalName":"Mirandabradys socorrensis","qid":null,"message":"NO_QID_FOUND_AFTER_ALL_ATTEMPTS","extra":null}
{"ts":"2026-02-04T14:05:07.828Z","stage":"QID","conaonicalName":"Glossotherium garbanii","qid":null,"message":"NO_QID_FOUND_AFTER_ALL_ATTEMPTS","extra":null}
{"ts":"2026-02-04T14:05:07.829Z","stage":"QID","conaonicalName":"Mirandabradys urumaquensis","qid":null,"message":"NO_QID_FOUND_AFTER_ALL_ATTEMPTS","extra":null}
{"ts":"2026-02-04T14:05:09.059Z","stage":"QID","conaonicalName":"Promylodon paranensis","qid":null,"message":"NO_QID_FOUND_AFTER_ALL_ATTEMPTS","extra":null}
{"ts":"2026-02-04T14:05:09.059Z","stage":"QID","conaonicalName":"Glossotheriopsis pascuali","qid":null,"message":"NO_QID_FOUND_AFTER_ALL_ATTEMPTS","extra":null}
{"ts":"2026-02-04T14:05:10.234Z","stage":"QID","conaonicalName":"Glossotherium emmersoni","qid":null,"message":"NO_QID_FOUND_AFTER_ALL_ATTEMPTS","extra":null}
{"ts":"2026-02-04T14:05:10.234Z","stage":"QID","conaonicalName":"Prolestodon paranensis","qid":null,"message":"NO_QID_FOUND_AFTER_ALL_ATTEMPTS","extra":null}
{"ts":"2026-02-04T14:05:10.234Z","stage":"QID","conaonicalName":"Megabradys darwini","qid":null,"message":"NO_QID_FOUND_AFTER_ALL_ATTEMPTS","extra":null}
{"ts":"2026-02-04T14:05:10.234Z","stage":"QID","conaonicalName":"Mylodon ambiguus","qid":null,"message":"NO_QID_FOUND_AFTER_ALL_ATTEMPTS","extra":null}
{"ts":"2026-02-04T14:05:10.248Z","stage":"QID","conaonicalName":"Mylodonopsis ibseni","qid":null,"message":"NO_QID_FOUND_AFTER_ALL_ATTEMPTS","extra":null}
{"ts":"2026-02-04T14:05:11.517Z","stage":"QID","conaonicalName":"Pseudolestodon injunctus","qid":null,"message":"NO_QID_FOUND_AFTER_ALL_ATTEMPTS","extra":null}
{"ts":"2026-02-04T14:05:11.617Z","stage":"QID","conaonicalName":"Scelidotherium chilensis","qid":null,"message":"NO_QID_FOUND_AFTER_ALL_ATTEMPTS","extra":null}
{"ts":"2026-02-04T14:05:12.634Z","stage":"QID","conaonicalName":"Eumylodon chapadmalensis","qid":null,"message":"NO_QID_FOUND_AFTER_ALL_ATTEMPTS","extra":null}
{"ts":"2026-02-04T14:05:12.634Z","stage":"QID","conaonicalName":"Mylodon wegneri","qid":null,"message":"NO_QID_FOUND_AFTER_ALL_ATTEMPTS","extra":null}
{"ts":"2026-02-04T14:05:12.634Z","stage":"QID","conaonicalName":"Lestodon myloides","qid":null,"message":"NO_QID_FOUND_AFTER_ALL_ATTEMPTS","extra":null}
{"ts":"2026-02-04T14:05:12.742Z","stage":"QID","conaonicalName":"Scelidotherium bolivianum","qid":null,"message":"NO_QID_FOUND_AFTER_ALL_ATTEMPTS","extra":null}
{"ts":"2026-02-04T14:05:12.858Z","stage":"QID","conaonicalName":"Megalonyx harlani","qid":null,"message":"NO_QID_FOUND_AFTER_ALL_ATTEMPTS","extra":null}
{"ts":"2026-02-04T14:05:13.871Z","stage":"QID","conaonicalName":"Paraglossotherium elmollarum","qid":null,"message":"NO_QID_FOUND_AFTER_ALL_ATTEMPTS","extra":null}
{"ts":"2026-02-04T14:05:15.002Z","stage":"QID","conaonicalName":"Pleurolestodon acutidens","qid":null,"message":"NO_QID_FOUND_AFTER_ALL_ATTEMPTS","extra":null}
{"ts":"2026-02-04T14:05:15.004Z","stage":"QID","conaonicalName":"Simomylodon uccasamamensis","qid":null,"message":"NO_QID_FOUND_AFTER_ALL_ATTEMPTS","extra":null}
{"ts":"2026-02-04T14:05:15.008Z","stage":"QID","conaonicalName":"Scelidodon tarijensis","qid":null,"message":"NO_QID_FOUND_AFTER_ALL_ATTEMPTS","extra":null}
{"ts":"2026-02-04T14:05:15.012Z","stage":"QID","conaonicalName":"Sphenotherus zavaletianus","qid":null,"message":"NO_QID_FOUND_AFTER_ALL_ATTEMPTS","extra":null}
{"ts":"2026-02-04T14:05:15.099Z","stage":"QID","conaonicalName":"Scelidotheridium parodii","qid":null,"message":"NO_QID_FOUND_AFTER_ALL_ATTEMPTS","extra":null}
{"ts":"2026-02-04T14:05:15.099Z","stage":"QID","conaonicalName":"Scelidodon piauiensis","qid":null,"message":"NO_QID_FOUND_AFTER_ALL_ATTEMPTS","extra":null}
{"ts":"2026-02-04T14:05:16.224Z","stage":"QID","conaonicalName":"Diacronus anhuiensis","qid":null,"message":"NO_QID_FOUND_AFTER_ALL_ATTEMPTS","extra":null}
{"ts":"2026-02-04T14:05:16.327Z","stage":"QID","conaonicalName":"Entelops parodii","qid":null,"message":"NO_QID_FOUND_AFTER_ALL_ATTEMPTS","extra":null}
{"ts":"2026-02-04T14:05:17.453Z","stage":"QID","conaonicalName":"Anagalopsis kansuensis","qid":null,"message":"NO_QID_FOUND_AFTER_ALL_ATTEMPTS","extra":null}
{"ts":"2026-02-04T14:05:22.369Z","stage":"QID","conaonicalName":"Linnania lofoensis","qid":null,"message":"NO_QID_FOUND_AFTER_ALL_ATTEMPTS","extra":null}
{"ts":"2026-02-04T14:05:23.598Z","stage":"QID","conaonicalName":"Hsiuannania maguensis","qid":null,"message":"NO_QID_FOUND_AFTER_ALL_ATTEMPTS","extra":null}
{"ts":"2026-02-04T14:05:23.810Z","stage":"QID","conaonicalName":"Qipania yui","qid":null,"message":"NO_QID_FOUND_AFTER_ALL_ATTEMPTS","extra":null}
{"ts":"2026-02-04T14:05:23.814Z","stage":"QID","conaonicalName":"Wanogale hodungensis","qid":null,"message":"NO_QID_FOUND_AFTER_ALL_ATTEMPTS","extra":null}
{"ts":"2026-02-04T14:05:23.817Z","stage":"QID","conaonicalName":"Yuodon protoselenoides","qid":null,"message":"NO_QID_FOUND_AFTER_ALL_ATTEMPTS","extra":null}
{"ts":"2026-02-04T14:05:23.818Z","stage":"QID","conaonicalName":"Chianshania gianghuaiensis","qid":null,"message":"NO_QID_FOUND_AFTER_ALL_ATTEMPTS","extra":null}
{"ts":"2026-02-04T14:05:23.904Z","stage":"QID","conaonicalName":"Hsiuannania tabiensis","qid":null,"message":"NO_QID_FOUND_AFTER_ALL_ATTEMPTS","extra":null}
{"ts":"2026-02-04T14:05:24.008Z","stage":"QID","conaonicalName":"Diacronus wanghuensis","qid":null,"message":"NO_QID_FOUND_AFTER_ALL_ATTEMPTS","extra":null}
{"ts":"2026-02-04T14:05:24.008Z","stage":"QID","conaonicalName":"Anaptogale wanghoensis","qid":null,"message":"NO_QID_FOUND_AFTER_ALL_ATTEMPTS","extra":null}
{"ts":"2026-02-04T14:05:24.822Z","stage":"QID","conaonicalName":"Huaiyangale chianshanensis","qid":null,"message":"NO_QID_FOUND_AFTER_ALL_ATTEMPTS","extra":null}
{"ts":"2026-02-04T14:05:25.953Z","stage":"QID","conaonicalName":"Zofiagale ergilinensis","qid":null,"message":"NO_QID_FOUND_AFTER_ALL_ATTEMPTS","extra":null}
{"ts":"2026-02-04T14:05:25.953Z","stage":"QID","conaonicalName":"Stenanagale xiangensis","qid":null,"message":"NO_QID_FOUND_AFTER_ALL_ATTEMPTS","extra":null}
{"ts":"2026-02-04T14:05:25.953Z","stage":"QID","conaonicalName":"Eosigale gujingensis","qid":null,"message":"NO_QID_FOUND_AFTER_ALL_ATTEMPTS","extra":null}
{"ts":"2026-02-04T14:05:25.953Z","stage":"QID","conaonicalName":"Linnania progressus","qid":null,"message":"NO_QID_FOUND_AFTER_ALL_ATTEMPTS","extra":null}
{"ts":"2026-02-04T14:05:25.959Z","stage":"QID","conaonicalName":"Hsiuannania minor","qid":null,"message":"NO_QID_FOUND_AFTER_ALL_ATTEMPTS","extra":null}
{"ts":"2026-02-04T14:05:25.970Z","stage":"QID","conaonicalName":"Linnania qinglingensis","qid":null,"message":"NO_QID_FOUND_AFTER_ALL_ATTEMPTS","extra":null}
{"ts":"2026-02-04T14:05:26.055Z","stage":"QID","conaonicalName":"Huaiyangale leura","qid":null,"message":"NO_QID_FOUND_AFTER_ALL_ATTEMPTS","extra":null}
{"ts":"2026-02-04T14:05:28.413Z","stage":"QID","conaonicalName":"Anchilestes impolitus","qid":null,"message":"NO_QID_FOUND_AFTER_ALL_ATTEMPTS","extra":null}
{"ts":"2026-02-04T14:05:28.413Z","stage":"QID","conaonicalName":"Zalambdalestes grangeri","qid":null,"message":"NO_QID_FOUND_AFTER_ALL_ATTEMPTS","extra":null}
{"ts":"2026-02-04T14:05:28.414Z","stage":"QID","conaonicalName":"Zofialestes longidens","qid":null,"message":"NO_QID_FOUND_AFTER_ALL_ATTEMPTS","extra":null}
{"ts":"2026-02-04T14:05:28.414Z","stage":"QID","conaonicalName":"Octodontotherium grandae","qid":null,"message":"NO_QID_FOUND_AFTER_ALL_ATTEMPTS","extra":null}
{"ts":"2026-02-04T14:05:29.560Z","stage":"QID","conaonicalName":"Octomylodon robertoscagliai","qid":null,"message":"NO_QID_FOUND_AFTER_ALL_ATTEMPTS","extra":null}
{"ts":"2026-02-04T14:05:29.575Z","stage":"QID","conaonicalName":"Octodontobradys puruensis","qid":null,"message":"NO_QID_FOUND_AFTER_ALL_ATTEMPTS","extra":null}
{"ts":"2026-02-04T14:05:29.575Z","stage":"QID","conaonicalName":"Octodontotherium crassidens","qid":null,"message":"NO_QID_FOUND_AFTER_ALL_ATTEMPTS","extra":null}
{"ts":"2026-02-04T14:05:30.776Z","stage":"QID","conaonicalName":"Xyophorus rostratus","qid":null,"message":"NO_QID_FOUND_AFTER_ALL_ATTEMPTS","extra":null}
{"ts":"2026-02-04T14:05:30.780Z","stage":"QID","conaonicalName":"Xyophorus crassissimus","qid":null,"message":"NO_QID_FOUND_AFTER_ALL_ATTEMPTS","extra":null}
{"ts":"2026-02-04T14:05:31.996Z","stage":"QID","conaonicalName":"Xyophorus atlanticus","qid":null,"message":"NO_QID_FOUND_AFTER_ALL_ATTEMPTS","extra":null}
{"ts":"2026-02-04T14:05:31.996Z","stage":"QID","conaonicalName":"Xyophorus sulcatus","qid":null,"message":"NO_QID_FOUND_AFTER_ALL_ATTEMPTS","extra":null}
{"ts":"2026-02-04T14:05:32.302Z","stage":"QID","conaonicalName":"Nothropus priscus","qid":null,"message":"NO_QID_FOUND_AFTER_ALL_ATTEMPTS","extra":null}
{"ts":"2026-02-04T14:05:32.302Z","stage":"QID","conaonicalName":"Nothrotherium shastense","qid":null,"message":"NO_QID_FOUND_AFTER_ALL_ATTEMPTS","extra":null}
{"ts":"2026-02-04T14:05:33.227Z","stage":"QID","conaonicalName":"Xyophorus andinus","qid":null,"message":"NO_QID_FOUND_AFTER_ALL_ATTEMPTS","extra":null}
{"ts":"2026-02-04T14:05:34.457Z","stage":"QID","conaonicalName":"Xyophorus villarroeli","qid":null,"message":"NO_QID_FOUND_AFTER_ALL_ATTEMPTS","extra":null}
{"ts":"2026-02-04T14:05:34.457Z","stage":"QID","conaonicalName":"Nothropus carcaranensis","qid":null,"message":"NO_QID_FOUND_AFTER_ALL_ATTEMPTS","extra":null}
{"ts":"2026-02-04T14:05:35.580Z","stage":"QID","conaonicalName":"Rathymotherium perfectum","qid":null,"message":"NO_QID_FOUND_AFTER_ALL_ATTEMPTS","extra":null}
{"ts":"2026-02-04T14:05:35.593Z","stage":"QID","conaonicalName":"Nothropus nordenskioldi","qid":null,"message":"NO_QID_FOUND_AFTER_ALL_ATTEMPTS","extra":null}
{"ts":"2026-02-04T14:05:35.596Z","stage":"QID","conaonicalName":"Mingotherium holtae","qid":null,"message":"NO_QID_FOUND_AFTER_ALL_ATTEMPTS","extra":null}
{"ts":"2026-02-04T14:05:36.807Z","stage":"QID","conaonicalName":"Anictops tabiepedis","qid":null,"message":"NO_QID_FOUND_AFTER_ALL_ATTEMPTS","extra":null}
{"ts":"2026-02-04T14:05:42.031Z","stage":"QID","conaonicalName":"Paranictops majuscula","qid":null,"message":"NO_QID_FOUND_AFTER_ALL_ATTEMPTS","extra":null}
{"ts":"2026-02-04T14:05:43.260Z","stage":"QID","conaonicalName":"Anictops wanghudunensis","qid":null,"message":"NO_QID_FOUND_AFTER_ALL_ATTEMPTS","extra":null}
{"ts":"2026-02-04T14:05:43.374Z","stage":"QID","conaonicalName":"Gypsonictops clemensi","qid":null,"message":"NO_QID_FOUND_AFTER_ALL_ATTEMPTS","extra":null}
{"ts":"2026-02-04T14:05:43.471Z","stage":"QID","conaonicalName":"Haltictops mirabilis","qid":null,"message":"NO_QID_FOUND_AFTER_ALL_ATTEMPTS","extra":null}
{"ts":"2026-02-04T14:05:43.474Z","stage":"QID","conaonicalName":"Haltictops meilingensis","qid":null,"message":"NO_QID_FOUND_AFTER_ALL_ATTEMPTS","extra":null}
{"ts":"2026-02-04T14:05:43.567Z","stage":"QID","conaonicalName":"Gypsonictops hypoconus","qid":null,"message":"NO_QID_FOUND_AFTER_ALL_ATTEMPTS","extra":null}
{"ts":"2026-02-04T14:05:43.567Z","stage":"QID","conaonicalName":"Pseudictops lophiodon","qid":null,"message":"NO_QID_FOUND_AFTER_ALL_ATTEMPTS","extra":null}
{"ts":"2026-02-04T14:05:43.568Z","stage":"QID","conaonicalName":"Gypsonictops illuminatus","qid":null,"message":"NO_QID_FOUND_AFTER_ALL_ATTEMPTS","extra":null}
{"ts":"2026-02-04T14:05:43.668Z","stage":"QID","conaonicalName":"Suyinia changleensis","qid":null,"message":"NO_QID_FOUND_AFTER_ALL_ATTEMPTS","extra":null}
{"ts":"2026-02-04T14:16:44.180Z","stage":"QID","conaonicalName":"TEST_MAMMAL","qid":null,"message":"Testing if logger works","extra":null}
